Rk,Player,Age,Team,Pos,G,GS,MP,FG,FGA,FG%,3P,3PA,3P%,2P,2PA,2P%,eFG%,FT,FTA,FT%,ORB,DRB,TRB,AST,STL,BLK,TOV,PF,PTS,Trp-Dbl,Awards
1.0,Luka Dončić,26.0,LAL,PG,64.0,64.0,2289.0,693.0,1457.0,0.476,254.0,694.0,0.366,439.0,763.0,0.575,0.563,503.0,645.0,0.78,41.0,454.0,495.0,530.0,105.0,34.0,255.0,153.0,2143.0,8.0,AS
2.0,Shai Gilgeous-Alexander,27.0,OKC,PG,68.0,68.0,2259.0,731.0,1321.0,0.553,115.0,298.0,0.386,616.0,1023.0,0.602,0.597,540.0,614.0,0.879,38.0,254.0,292.0,448.0,95.0,52.0,151.0,139.0,2117.0,0.0,AS
3.0,Jaylen Brown,29.0,BOS,SF,70.0,70.0,2414.0,728.0,1530.0,0.476,138.0,401.0,0.344,590.0,1129.0,0.523,0.521,421.0,529.0,0.796,81.0,408.0,489.0,363.0,71.0,27.0,252.0,187.0,2015.0,3.0,AS
4.0,Kevin Durant,37.0,HOU,SF,77.0,77.0,2801.0,703.0,1358.0,0.518,186.0,449.0,0.414,517.0,909.0,0.569,0.586,401.0,458.0,0.876,41.0,378.0,419.0,365.0,61.0,69.0,243.0,140.0,1993.0,0.0,AS
5.0,Donovan Mitchell,29.0,CLE,SG,70.0,70.0,2342.0,678.0,1403.0,0.483,224.0,616.0,0.364,454.0,787.0,0.577,0.563,372.0,430.0,0.865,50.0,266.0,316.0,398.0,104.0,20.0,198.0,163.0,1952.0,0.0,AS
6.0,Tyrese Maxey,25.0,PHI,PG,68.0,68.0,2596.0,675.0,1460.0,0.462,217.0,584.0,0.372,458.0,876.0,0.523,0.537,359.0,403.0,0.891,21.0,259.0,280.0,455.0,127.0,55.0,167.0,148.0,1926.0,0.0,AS
7.0,Jamal Murray,28.0,DEN,PG,75.0,75.0,2652.0,657.0,1360.0,0.483,245.0,563.0,0.435,412.0,797.0,0.517,0.573,346.0,390.0,0.887,32.0,298.0,330.0,535.0,66.0,29.0,171.0,131.0,1905.0,0.0,AS
8.0,Jalen Brunson,29.0,NYK,PG,73.0,73.0,2559.0,677.0,1457.0,0.465,193.0,523.0,0.369,484.0,934.0,0.518,0.531,351.0,418.0,0.84,31.0,213.0,244.0,501.0,55.0,8.0,172.0,169.0,1898.0,0.0,AS
9.0,Kawhi Leonard,34.0,LAC,SF,64.0,64.0,2047.0,625.0,1238.0,0.505,171.0,440.0,0.389,454.0,798.0,0.569,0.574,368.0,413.0,0.891,68.0,337.0,405.0,229.0,121.0,27.0,132.0,77.0,1789.0,0.0,AS
10.0,Nikola Jokić,30.0,DEN,C,64.0,64.0,2247.0,637.0,1120.0,0.569,111.0,293.0,0.379,526.0,827.0,0.636,0.618,391.0,472.0,0.828,188.0,640.0,828.0,696.0,92.0,52.0,243.0,172.0,1776.0,34.0,AS
11.0,Anthony Edwards,24.0,MIN,SG,60.0,59.0,2109.0,595.0,1217.0,0.489,202.0,507.0,0.398,393.0,710.0,0.554,0.572,343.0,431.0,0.796,35.0,265.0,300.0,223.0,83.0,49.0,170.0,114.0,1735.0,0.0,AS
12.0,Devin Booker,29.0,PHO,SG,64.0,64.0,2146.0,546.0,1198.0,0.456,122.0,370.0,0.33,424.0,828.0,0.512,0.507,454.0,520.0,0.873,48.0,200.0,248.0,386.0,51.0,18.0,201.0,168.0,1668.0,0.0,AS
13.0,Julius Randle,31.0,MIN,PF,79.0,79.0,2610.0,580.0,1207.0,0.481,109.0,346.0,0.315,471.0,861.0,0.547,0.526,398.0,496.0,0.802,132.0,400.0,532.0,398.0,86.0,18.0,217.0,223.0,1667.0,3.0,
14.0,Desmond Bane,27.0,ORL,SG,80.0,80.0,2721.0,579.0,1193.0,0.485,166.0,423.0,0.392,413.0,770.0,0.536,0.555,313.0,344.0,0.91,96.0,239.0,335.0,333.0,83.0,36.0,163.0,249.0,1637.0,0.0,
15.0,James Harden,36.0,2TM,PG,69.0,69.0,2413.0,481.0,1110.0,0.433,213.0,567.0,0.376,268.0,543.0,0.494,0.529,457.0,518.0,0.882,40.0,296.0,336.0,552.0,79.0,28.0,240.0,136.0,1632.0,2.0,
15.0,James Harden,36.0,LAC,PG,44.0,44.0,1559.0,323.0,771.0,0.419,135.0,389.0,0.347,188.0,382.0,0.492,0.506,337.0,374.0,0.901,27.0,185.0,212.0,358.0,57.0,16.0,162.0,83.0,1118.0,2.0,
15.0,James Harden,36.0,CLE,PG,25.0,25.0,854.0,158.0,339.0,0.466,78.0,178.0,0.438,80.0,161.0,0.497,0.581,120.0,144.0,0.833,13.0,111.0,124.0,194.0,22.0,12.0,78.0,53.0,514.0,0.0,
16.0,Brandon Ingram,28.0,TOR,SF,75.0,75.0,2537.0,599.0,1263.0,0.474,132.0,346.0,0.382,467.0,917.0,0.509,0.527,284.0,344.0,0.826,62.0,355.0,417.0,276.0,57.0,54.0,185.0,145.0,1614.0,0.0,AS
17.0,Nickeil Alexander-Walker,27.0,ATL,SG,77.0,70.0,2571.0,541.0,1182.0,0.458,248.0,621.0,0.399,293.0,561.0,0.522,0.563,276.0,306.0,0.902,51.0,216.0,267.0,285.0,100.0,41.0,162.0,170.0,1606.0,0.0,
18.0,Jalen Johnson,24.0,ATL,SF,71.0,71.0,2507.0,594.0,1216.0,0.488,118.0,338.0,0.349,476.0,878.0,0.542,0.537,297.0,377.0,0.788,100.0,631.0,731.0,564.0,89.0,31.0,239.0,147.0,1603.0,13.0,AS
19.0,Paolo Banchero,23.0,ORL,PF,70.0,70.0,2437.0,517.0,1120.0,0.462,83.0,266.0,0.312,434.0,854.0,0.508,0.499,445.0,573.0,0.777,81.0,504.0,585.0,355.0,49.0,40.0,212.0,140.0,1562.0,2.0,
20.0,Victor Wembanyama,22.0,SAS,C,63.0,54.0,1839.0,539.0,1057.0,0.51,120.0,343.0,0.35,419.0,714.0,0.587,0.567,362.0,439.0,0.825,127.0,596.0,723.0,194.0,65.0,195.0,153.0,156.0,1560.0,1.0,AS
21.0,Deni Avdija,25.0,POR,SF,64.0,64.0,2131.0,472.0,1026.0,0.46,119.0,378.0,0.315,353.0,648.0,0.545,0.518,475.0,594.0,0.8,74.0,370.0,444.0,427.0,50.0,40.0,247.0,164.0,1538.0,3.0,AS
22.0,Cade Cunningham,24.0,DET,PG,62.0,62.0,2121.0,538.0,1164.0,0.462,124.0,357.0,0.347,414.0,807.0,0.513,0.515,310.0,381.0,0.814,53.0,292.0,345.0,613.0,91.0,53.0,229.0,195.0,1510.0,3.0,AS
23.0,Pascal Siakam,31.0,IND,PF,62.0,62.0,2057.0,559.0,1155.0,0.484,105.0,293.0,0.358,454.0,862.0,0.527,0.529,262.0,378.0,0.693,89.0,322.0,411.0,236.0,69.0,25.0,138.0,147.0,1485.0,0.0,AS
24.0,Karl-Anthony Towns,30.0,NYK,C,74.0,74.0,2292.0,509.0,1020.0,0.499,112.0,304.0,0.368,397.0,716.0,0.554,0.554,352.0,411.0,0.856,231.0,648.0,879.0,221.0,65.0,40.0,186.0,252.0,1482.0,1.0,AS
25.0,Kon Knueppel,20.0,CHO,SF,79.0,78.0,2490.0,506.0,1058.0,0.478,268.0,624.0,0.429,238.0,434.0,0.548,0.605,194.0,225.0,0.862,95.0,327.0,422.0,268.0,55.0,18.0,156.0,166.0,1474.0,0.0,
26.0,Alperen Şengün,23.0,HOU,C,71.0,71.0,2369.0,573.0,1110.0,0.516,40.0,131.0,0.305,533.0,979.0,0.544,0.534,258.0,374.0,0.69,212.0,422.0,634.0,437.0,85.0,76.0,224.0,233.0,1444.0,4.0,AS
27.0,Cooper Flagg,19.0,DAL,SF,68.0,68.0,2302.0,542.0,1161.0,0.467,69.0,236.0,0.292,473.0,925.0,0.511,0.497,277.0,336.0,0.824,84.0,372.0,456.0,310.0,83.0,64.0,159.0,140.0,1430.0,0.0,
28.0,Bam Adebayo,28.0,MIA,C,71.0,71.0,2297.0,488.0,1113.0,0.438,123.0,390.0,0.315,365.0,723.0,0.505,0.494,324.0,416.0,0.779,147.0,564.0,711.0,221.0,82.0,46.0,118.0,122.0,1423.0,0.0,
29.0,Trey Murphy III,25.0,NOP,SF,66.0,66.0,2341.0,494.0,1050.0,0.47,214.0,565.0,0.379,280.0,485.0,0.577,0.572,218.0,246.0,0.886,63.0,314.0,377.0,250.0,99.0,24.0,120.0,138.0,1420.0,0.0,
30.0,DeMar DeRozan,36.0,SAC,PF,77.0,77.0,2406.0,499.0,1005.0,0.497,47.0,147.0,0.32,452.0,858.0,0.527,0.52,374.0,431.0,0.868,35.0,191.0,226.0,316.0,80.0,23.0,96.0,149.0,1419.0,0.0,
31.0,Scottie Barnes,24.0,TOR,PF,78.0,78.0,2615.0,555.0,1099.0,0.505,68.0,223.0,0.305,487.0,876.0,0.556,0.536,237.0,292.0,0.812,147.0,437.0,584.0,457.0,113.0,113.0,207.0,210.0,1415.0,2.0,AS
32.0,Amen Thompson,23.0,HOU,PG,78.0,78.0,2911.0,540.0,1022.0,0.528,25.0,115.0,0.217,515.0,907.0,0.568,0.541,297.0,383.0,0.775,232.0,373.0,605.0,413.0,117.0,48.0,188.0,173.0,1402.0,0.0,
33.0,LaMelo Ball,24.0,CHO,PG,70.0,67.0,1956.0,492.0,1205.0,0.408,261.0,708.0,0.369,231.0,497.0,0.465,0.517,154.0,172.0,0.895,60.0,275.0,335.0,500.0,83.0,15.0,193.0,189.0,1399.0,1.0,
34.0,CJ McCollum,34.0,2TM,PG,75.0,59.0,2239.0,514.0,1138.0,0.452,185.0,502.0,0.369,329.0,636.0,0.517,0.533,182.0,235.0,0.774,61.0,187.0,248.0,289.0,62.0,35.0,133.0,142.0,1395.0,0.0,
34.0,CJ McCollum,34.0,WAS,SG,35.0,35.0,1082.0,240.0,529.0,0.454,96.0,244.0,0.393,144.0,285.0,0.505,0.544,82.0,102.0,0.804,23.0,101.0,124.0,126.0,24.0,9.0,58.0,73.0,658.0,0.0,
34.0,CJ McCollum,34.0,ATL,PG,40.0,24.0,1157.0,274.0,609.0,0.45,89.0,258.0,0.345,185.0,351.0,0.527,0.523,100.0,133.0,0.752,38.0,86.0,124.0,163.0,38.0,26.0,75.0,69.0,737.0,0.0,
35.0,Jalen Duren,22.0,DET,C,69.0,69.0,1954.0,514.0,792.0,0.649,0.0,0.0,,514.0,792.0,0.649,0.649,317.0,426.0,0.744,262.0,466.0,728.0,134.0,57.0,59.0,128.0,190.0,1345.0,0.0,AS
36.0,Payton Pritchard,28.0,BOS,PG,78.0,50.0,2526.0,499.0,1077.0,0.463,207.0,553.0,0.374,292.0,524.0,0.557,0.559,119.0,134.0,0.888,69.0,240.0,309.0,398.0,57.0,10.0,108.0,115.0,1324.0,0.0,
37.0,Zion Williamson,25.0,NOP,PF,62.0,55.0,1841.0,484.0,807.0,0.6,1.0,4.0,0.25,483.0,803.0,0.601,0.6,333.0,465.0,0.716,125.0,228.0,353.0,199.0,60.0,34.0,126.0,141.0,1302.0,0.0,
38.0,Miles Bridges,27.0,CHO,PF,75.0,75.0,2340.0,473.0,1027.0,0.461,147.0,439.0,0.335,326.0,588.0,0.554,0.532,204.0,247.0,0.826,75.0,366.0,441.0,241.0,46.0,32.0,107.0,130.0,1297.0,0.0,
39.0,De'Aaron Fox,28.0,SAS,PG,70.0,70.0,2170.0,494.0,1012.0,0.488,125.0,377.0,0.332,369.0,635.0,0.581,0.55,181.0,240.0,0.754,42.0,221.0,263.0,430.0,89.0,18.0,162.0,159.0,1294.0,0.0,AS
40.0,Ryan Rollins,23.0,MIL,PG,74.0,67.0,2376.0,486.0,1030.0,0.472,184.0,453.0,0.406,302.0,577.0,0.523,0.561,125.0,157.0,0.796,54.0,284.0,338.0,414.0,110.0,31.0,201.0,193.0,1281.0,0.0,
41.0,Keyonte George,22.0,UTA,PG,54.0,54.0,1786.0,402.0,881.0,0.456,134.0,361.0,0.371,268.0,520.0,0.515,0.532,337.0,378.0,0.892,23.0,176.0,199.0,332.0,58.0,14.0,166.0,120.0,1275.0,0.0,
42.0,Saddiq Bey,26.0,NOP,SF,72.0,64.0,2246.0,436.0,967.0,0.451,151.0,412.0,0.367,285.0,555.0,0.514,0.529,248.0,295.0,0.841,121.0,279.0,400.0,182.0,68.0,7.0,68.0,95.0,1271.0,0.0,
43.0,Brandon Miller,23.0,CHO,SF,63.0,63.0,1910.0,440.0,1012.0,0.435,199.0,517.0,0.385,241.0,495.0,0.487,0.533,191.0,214.0,0.893,67.0,246.0,313.0,215.0,61.0,43.0,159.0,173.0,1270.0,0.0,
44.0,Michael Porter Jr.,27.0,BRK,SF,52.0,52.0,1689.0,444.0,958.0,0.463,176.0,485.0,0.363,268.0,473.0,0.567,0.555,195.0,227.0,0.859,69.0,298.0,367.0,158.0,55.0,13.0,122.0,116.0,1259.0,0.0,
45.0,Derrick White,31.0,BOS,SG,76.0,76.0,2609.0,434.0,1099.0,0.395,206.0,631.0,0.326,228.0,468.0,0.487,0.489,184.0,204.0,0.902,85.0,252.0,337.0,409.0,87.0,98.0,133.0,119.0,1258.0,0.0,
46.0,Matas Buzelis,21.0,CHI,PF,76.0,76.0,2222.0,440.0,946.0,0.465,173.0,486.0,0.356,267.0,460.0,0.58,0.557,185.0,235.0,0.787,77.0,363.0,440.0,155.0,54.0,113.0,157.0,177.0,1238.0,0.0,
47.0,Norman Powell,32.0,MIA,SG,57.0,52.0,1694.0,413.0,878.0,0.47,153.0,403.0,0.38,260.0,475.0,0.547,0.558,257.0,312.0,0.824,21.0,180.0,201.0,141.0,63.0,14.0,111.0,126.0,1236.0,0.0,AS
48.0,LeBron James,41.0,LAL,SF,58.0,58.0,1940.0,457.0,888.0,0.515,75.0,238.0,0.315,382.0,650.0,0.588,0.557,221.0,300.0,0.737,43.0,311.0,354.0,414.0,65.0,35.0,173.0,80.0,1210.0,3.0,AS
49.0,Jabari Smith Jr.,22.0,HOU,PF,76.0,76.0,2666.0,433.0,962.0,0.45,175.0,482.0,0.363,258.0,480.0,0.538,0.541,158.0,203.0,0.778,107.0,416.0,523.0,141.0,56.0,69.0,104.0,191.0,1199.0,0.0,
50.0,Austin Reaves,27.0,LAL,SG,51.0,45.0,1762.0,373.0,762.0,0.49,118.0,328.0,0.36,255.0,434.0,0.588,0.567,323.0,371.0,0.871,33.0,207.0,240.0,280.0,56.0,20.0,151.0,110.0,1187.0,0.0,
51.0,Chet Holmgren,23.0,OKC,PF,69.0,69.0,1997.0,434.0,779.0,0.557,88.0,243.0,0.362,346.0,536.0,0.646,0.614,225.0,284.0,0.792,130.0,485.0,615.0,115.0,43.0,131.0,107.0,158.0,1181.0,0.0,AS
52.0,VJ Edgecombe,20.0,PHI,SG,73.0,73.0,2553.0,440.0,1005.0,0.438,148.0,414.0,0.357,292.0,591.0,0.494,0.511,147.0,180.0,0.817,120.0,287.0,407.0,299.0,103.0,38.0,133.0,212.0,1175.0,0.0,
53.0,Evan Mobley,24.0,CLE,PF,64.0,62.0,2053.0,464.0,847.0,0.548,62.0,209.0,0.297,402.0,638.0,0.63,0.584,180.0,297.0,0.606,153.0,427.0,580.0,233.0,48.0,112.0,118.0,158.0,1170.0,0.0,
54.0,Mikal Bridges,29.0,NYK,SF,80.0,80.0,2659.0,467.0,953.0,0.49,154.0,414.0,0.372,313.0,539.0,0.581,0.571,80.0,97.0,0.825,79.0,232.0,311.0,301.0,104.0,62.0,82.0,157.0,1168.0,0.0,
55.0,Immanuel Quickley,26.0,TOR,PG,69.0,69.0,2215.0,399.0,899.0,0.444,178.0,474.0,0.376,221.0,425.0,0.52,0.543,170.0,207.0,0.821,38.0,242.0,280.0,410.0,90.0,5.0,101.0,141.0,1146.0,0.0,
56.0,Naji Marshall,28.0,DAL,SF,74.0,47.0,2184.0,419.0,821.0,0.51,62.0,213.0,0.291,357.0,608.0,0.587,0.548,228.0,300.0,0.76,65.0,283.0,348.0,241.0,82.0,6.0,119.0,143.0,1128.0,0.0,
57.0,Stephon Castle,21.0,SAS,PG,67.0,66.0,2008.0,382.0,807.0,0.473,79.0,241.0,0.328,303.0,566.0,0.535,0.522,280.0,380.0,0.737,95.0,256.0,351.0,493.0,77.0,19.0,215.0,219.0,1123.0,5.0,
58.0,Lauri Markkanen,28.0,UTA,PF,42.0,42.0,1443.0,384.0,805.0,0.477,115.0,324.0,0.355,269.0,481.0,0.559,0.548,240.0,268.0,0.896,84.0,205.0,289.0,89.0,42.0,21.0,63.0,77.0,1123.0,0.0,
59.0,Onyeka Okongwu,25.0,ATL,C,73.0,62.0,2270.0,412.0,855.0,0.482,144.0,381.0,0.378,268.0,474.0,0.565,0.566,153.0,202.0,0.757,139.0,418.0,557.0,230.0,81.0,79.0,127.0,243.0,1121.0,0.0,
60.0,Dillon Brooks,30.0,PHO,SF,55.0,55.0,1680.0,412.0,945.0,0.436,127.0,365.0,0.348,285.0,580.0,0.491,0.503,168.0,198.0,0.848,41.0,160.0,201.0,98.0,56.0,9.0,95.0,179.0,1119.0,0.0,
61.0,OG Anunoby,28.0,NYK,PF,66.0,66.0,2208.0,388.0,800.0,0.485,157.0,404.0,0.389,231.0,396.0,0.583,0.583,183.0,221.0,0.828,85.0,261.0,346.0,142.0,104.0,48.0,123.0,162.0,1116.0,0.0,
62.0,Stephen Curry,37.0,GSW,PG,41.0,39.0,1273.0,364.0,777.0,0.468,184.0,469.0,0.392,180.0,308.0,0.584,0.587,195.0,210.0,0.929,17.0,128.0,145.0,195.0,46.0,16.0,115.0,75.0,1107.0,0.0,AS
63.0,Jaime Jaquez Jr.,24.0,MIA,SF,73.0,1.0,2059.0,442.0,884.0,0.5,54.0,176.0,0.307,388.0,708.0,0.548,0.531,165.0,214.0,0.771,94.0,276.0,370.0,339.0,51.0,21.0,148.0,134.0,1103.0,0.0,
64.0,Brice Sensabaugh,22.0,UTA,SF,74.0,22.0,1749.0,390.0,847.0,0.46,159.0,434.0,0.366,231.0,413.0,0.559,0.554,162.0,195.0,0.831,56.0,173.0,229.0,142.0,53.0,12.0,121.0,142.0,1101.0,0.0,
65.0,Jeremiah Fears,19.0,NOP,PG,80.0,47.0,2027.0,412.0,949.0,0.434,98.0,291.0,0.337,314.0,658.0,0.477,0.486,175.0,221.0,0.792,56.0,231.0,287.0,268.0,92.0,29.0,175.0,144.0,1097.0,0.0,
66.0,Brandin Podziemski,22.0,GSW,SG,80.0,41.0,2280.0,382.0,841.0,0.454,148.0,399.0,0.371,234.0,442.0,0.529,0.542,181.0,229.0,0.79,71.0,341.0,412.0,301.0,87.0,15.0,128.0,134.0,1093.0,0.0,
67.0,Toumani Camara,25.0,POR,PF,80.0,80.0,2665.0,384.0,864.0,0.444,215.0,576.0,0.373,169.0,288.0,0.587,0.569,97.0,137.0,0.708,126.0,290.0,416.0,196.0,93.0,34.0,144.0,233.0,1080.0,0.0,
68.0,Reed Sheppard,21.0,HOU,SG,80.0,20.0,2103.0,395.0,916.0,0.431,221.0,558.0,0.396,174.0,358.0,0.486,0.552,68.0,84.0,0.81,28.0,203.0,231.0,271.0,121.0,53.0,122.0,164.0,1079.0,0.0,
69.0,RJ Barrett,25.0,TOR,SF,56.0,56.0,1697.0,392.0,801.0,0.489,94.0,278.0,0.338,298.0,523.0,0.57,0.548,194.0,270.0,0.719,54.0,243.0,297.0,187.0,42.0,19.0,98.0,142.0,1072.0,0.0,
70.0,Jaden McDaniels,25.0,MIN,PF,72.0,72.0,2281.0,409.0,790.0,0.518,103.0,247.0,0.417,306.0,543.0,0.564,0.583,147.0,176.0,0.835,75.0,228.0,303.0,197.0,81.0,69.0,131.0,241.0,1068.0,0.0,
71.0,Tim Hardaway Jr.,33.0,DEN,SG,79.0,5.0,2100.0,344.0,767.0,0.449,221.0,541.0,0.409,123.0,226.0,0.544,0.593,157.0,193.0,0.813,17.0,188.0,205.0,105.0,41.0,10.0,43.0,99.0,1066.0,0.0,
72.0,Jerami Grant,31.0,POR,PF,57.0,38.0,1695.0,331.0,730.0,0.453,136.0,350.0,0.389,195.0,380.0,0.513,0.547,262.0,322.0,0.814,55.0,143.0,198.0,122.0,42.0,36.0,119.0,142.0,1060.0,0.0,
73.0,Keldon Johnson,26.0,SAS,SF,80.0,0.0,1866.0,402.0,772.0,0.521,96.0,263.0,0.365,306.0,509.0,0.601,0.583,146.0,184.0,0.793,133.0,295.0,428.0,108.0,46.0,11.0,69.0,157.0,1046.0,0.0,
74.0,Naz Reid,26.0,MIN,C,77.0,3.0,2007.0,397.0,871.0,0.456,162.0,448.0,0.362,235.0,423.0,0.556,0.549,90.0,123.0,0.732,90.0,387.0,477.0,170.0,76.0,78.0,126.0,195.0,1046.0,0.0,
75.0,Andrew Wiggins,30.0,MIA,SF,66.0,66.0,2014.0,386.0,806.0,0.479,136.0,325.0,0.418,250.0,481.0,0.52,0.563,122.0,155.0,0.787,112.0,212.0,324.0,175.0,74.0,69.0,99.0,153.0,1030.0,0.0,
76.0,Shaedon Sharpe,22.0,POR,SG,48.0,42.0,1439.0,386.0,847.0,0.456,101.0,297.0,0.34,285.0,550.0,0.518,0.515,152.0,194.0,0.784,48.0,164.0,212.0,126.0,68.0,6.0,144.0,95.0,1025.0,0.0,
77.0,Joel Embiid,31.0,PHI,C,38.0,38.0,1201.0,341.0,697.0,0.489,53.0,159.0,0.333,288.0,538.0,0.535,0.527,286.0,335.0,0.854,75.0,218.0,293.0,150.0,21.0,46.0,109.0,82.0,1021.0,1.0,
78.0,Collin Sexton,27.0,2TM,SG,66.0,20.0,1559.0,347.0,715.0,0.485,111.0,276.0,0.402,236.0,439.0,0.538,0.563,214.0,248.0,0.863,38.0,112.0,150.0,218.0,72.0,10.0,137.0,139.0,1019.0,0.0,
78.0,Collin Sexton,27.0,CHO,SG,42.0,12.0,938.0,202.0,414.0,0.488,57.0,145.0,0.393,145.0,269.0,0.539,0.557,135.0,154.0,0.877,18.0,62.0,80.0,157.0,36.0,7.0,89.0,75.0,596.0,0.0,
78.0,Collin Sexton,27.0,CHI,SG,24.0,8.0,621.0,145.0,301.0,0.482,54.0,131.0,0.412,91.0,170.0,0.535,0.571,79.0,94.0,0.84,20.0,50.0,70.0,61.0,36.0,3.0,48.0,64.0,423.0,0.0,
79.0,Collin Gillespie,26.0,PHO,PG,79.0,57.0,2266.0,350.0,836.0,0.419,231.0,574.0,0.402,119.0,262.0,0.454,0.557,76.0,87.0,0.874,85.0,237.0,322.0,368.0,99.0,16.0,125.0,130.0,1007.0,0.0,
80.0,Ayo Dosunmu,26.0,2TM,SG,68.0,19.0,1855.0,380.0,737.0,0.516,122.0,278.0,0.439,258.0,459.0,0.562,0.598,125.0,143.0,0.874,47.0,190.0,237.0,245.0,58.0,18.0,95.0,129.0,1007.0,1.0,
80.0,Ayo Dosunmu,26.0,CHI,SG,45.0,10.0,1187.0,250.0,486.0,0.514,87.0,193.0,0.451,163.0,293.0,0.556,0.604,90.0,105.0,0.857,33.0,103.0,136.0,164.0,34.0,12.0,61.0,78.0,677.0,0.0,
80.0,Ayo Dosunmu,26.0,MIN,SG,23.0,9.0,668.0,130.0,251.0,0.518,35.0,85.0,0.412,95.0,166.0,0.572,0.588,35.0,38.0,0.921,14.0,87.0,101.0,81.0,24.0,6.0,34.0,51.0,330.0,1.0,
81.0,Giannis Antetokounmpo,31.0,MIL,PF,36.0,36.0,1039.0,373.0,598.0,0.624,15.0,45.0,0.333,358.0,553.0,0.647,0.636,232.0,357.0,0.65,98.0,254.0,352.0,196.0,34.0,24.0,115.0,86.0,993.0,0.0,AS
82.0,Quentin Grimes,25.0,PHI,SG,73.0,19.0,2161.0,332.0,737.0,0.45,123.0,373.0,0.33,209.0,364.0,0.574,0.534,195.0,233.0,0.837,45.0,222.0,267.0,238.0,63.0,28.0,130.0,150.0,982.0,0.0,
83.0,Donte DiVincenzo,29.0,MIN,SG,80.0,80.0,2457.0,332.0,818.0,0.406,240.0,631.0,0.38,92.0,187.0,0.492,0.553,75.0,99.0,0.758,67.0,264.0,331.0,308.0,103.0,32.0,117.0,193.0,979.0,0.0,
84.0,Russell Westbrook,37.0,SAC,SF,64.0,58.0,1853.0,358.0,839.0,0.427,128.0,379.0,0.338,230.0,460.0,0.5,0.503,127.0,183.0,0.694,80.0,268.0,348.0,426.0,83.0,12.0,209.0,147.0,971.0,6.0,
85.0,Andrew Nembhard,26.0,IND,PG,57.0,57.0,1786.0,333.0,753.0,0.442,107.0,296.0,0.361,226.0,457.0,0.495,0.513,193.0,234.0,0.825,25.0,135.0,160.0,437.0,51.0,8.0,137.0,126.0,966.0,0.0,
86.0,Ace Bailey,19.0,UTA,SF,70.0,59.0,1930.0,378.0,852.0,0.444,133.0,382.0,0.348,245.0,470.0,0.521,0.522,66.0,86.0,0.767,100.0,189.0,289.0,128.0,57.0,47.0,101.0,189.0,955.0,0.0,
87.0,Nikola Vučević,35.0,2TM,C,63.0,49.0,1799.0,389.0,792.0,0.491,97.0,266.0,0.365,292.0,526.0,0.555,0.552,76.0,91.0,0.835,124.0,409.0,533.0,208.0,39.0,40.0,85.0,126.0,951.0,0.0,
87.0,Nikola Vučević,35.0,CHI,C,48.0,48.0,1480.0,333.0,660.0,0.505,82.0,218.0,0.376,251.0,442.0,0.568,0.567,62.0,74.0,0.838,100.0,331.0,431.0,181.0,32.0,31.0,69.0,97.0,810.0,0.0,
87.0,Nikola Vučević,35.0,BOS,C,15.0,1.0,319.0,56.0,132.0,0.424,15.0,48.0,0.313,41.0,84.0,0.488,0.481,14.0,17.0,0.824,24.0,78.0,102.0,27.0,7.0,9.0,16.0,29.0,141.0,0.0,
88.0,Anthony Black,22.0,ORL,PG,62.0,40.0,1872.0,337.0,751.0,0.449,97.0,289.0,0.336,240.0,462.0,0.519,0.513,167.0,228.0,0.732,46.0,192.0,238.0,233.0,88.0,43.0,130.0,164.0,938.0,0.0,
89.0,Jaren Jackson Jr.,26.0,2TM,C,48.0,48.0,1454.0,342.0,719.0,0.476,84.0,235.0,0.357,258.0,484.0,0.533,0.534,163.0,203.0,0.803,42.0,230.0,272.0,94.0,53.0,69.0,107.0,179.0,931.0,0.0,
89.0,Jaren Jackson Jr.,26.0,MEM,C,45.0,45.0,1382.0,318.0,670.0,0.475,79.0,220.0,0.359,239.0,450.0,0.531,0.534,149.0,187.0,0.797,41.0,218.0,259.0,86.0,47.0,68.0,100.0,170.0,864.0,0.0,
89.0,Jaren Jackson Jr.,26.0,UTA,C,3.0,3.0,72.0,24.0,49.0,0.49,5.0,15.0,0.333,19.0,34.0,0.559,0.541,14.0,16.0,0.875,1.0,12.0,13.0,8.0,6.0,1.0,7.0,9.0,67.0,0.0,
90.0,Bennedict Mathurin,23.0,2TM,SF,52.0,25.0,1583.0,284.0,658.0,0.432,73.0,230.0,0.317,211.0,428.0,0.493,0.487,288.0,330.0,0.873,51.0,233.0,284.0,120.0,43.0,12.0,116.0,134.0,929.0,0.0,
90.0,Bennedict Mathurin,23.0,IND,SF,28.0,24.0,891.0,155.0,358.0,0.433,58.0,156.0,0.372,97.0,202.0,0.48,0.514,129.0,146.0,0.884,22.0,129.0,151.0,63.0,17.0,4.0,64.0,76.0,497.0,0.0,
90.0,Bennedict Mathurin,23.0,LAC,SF,24.0,1.0,692.0,129.0,300.0,0.43,15.0,74.0,0.203,114.0,226.0,0.504,0.455,159.0,184.0,0.864,29.0,104.0,133.0,57.0,26.0,8.0,52.0,58.0,432.0,0.0,
91.0,Josh Giddey,23.0,CHI,PG,54.0,51.0,1731.0,321.0,717.0,0.448,103.0,283.0,0.364,218.0,434.0,0.502,0.52,174.0,228.0,0.763,67.0,381.0,448.0,494.0,55.0,27.0,196.0,90.0,919.0,13.0,
92.0,Max Christie,22.0,DAL,SG,75.0,66.0,2201.0,310.0,706.0,0.439,174.0,435.0,0.4,136.0,271.0,0.502,0.562,123.0,136.0,0.904,15.0,232.0,247.0,148.0,46.0,25.0,94.0,96.0,917.0,0.0,
93.0,John Collins,28.0,LAC,PF,67.0,55.0,1837.0,356.0,644.0,0.553,89.0,216.0,0.412,267.0,428.0,0.624,0.622,116.0,152.0,0.763,108.0,248.0,356.0,70.0,60.0,50.0,92.0,180.0,917.0,0.0,
94.0,Bobby Portis,30.0,MIL,PF,67.0,9.0,1619.0,366.0,750.0,0.488,135.0,296.0,0.456,231.0,454.0,0.509,0.578,48.0,68.0,0.706,89.0,339.0,428.0,105.0,41.0,12.0,66.0,110.0,915.0,0.0,
95.0,Duncan Robinson,31.0,DET,SF,75.0,75.0,2066.0,308.0,682.0,0.452,216.0,527.0,0.41,92.0,155.0,0.594,0.61,79.0,104.0,0.76,29.0,171.0,200.0,156.0,43.0,22.0,52.0,166.0,911.0,0.0,
96.0,Wendell Carter Jr.,26.0,ORL,C,76.0,76.0,2232.0,322.0,625.0,0.515,72.0,223.0,0.323,250.0,402.0,0.622,0.573,192.0,242.0,0.793,158.0,405.0,563.0,152.0,60.0,46.0,98.0,261.0,908.0,0.0,
97.0,Devin Vassell,25.0,SAS,SG,65.0,63.0,1984.0,321.0,735.0,0.437,162.0,420.0,0.386,159.0,315.0,0.505,0.547,104.0,128.0,0.813,36.0,227.0,263.0,163.0,55.0,25.0,56.0,104.0,908.0,0.0,
98.0,Donovan Clingan,21.0,POR,C,75.0,75.0,2042.0,344.0,662.0,0.52,80.0,237.0,0.338,264.0,425.0,0.621,0.58,135.0,200.0,0.675,338.0,531.0,869.0,159.0,44.0,127.0,94.0,176.0,903.0,0.0,
99.0,Derik Queen,21.0,NOP,C,79.0,46.0,1943.0,334.0,706.0,0.473,22.0,84.0,0.262,312.0,622.0,0.502,0.489,203.0,256.0,0.793,127.0,412.0,539.0,290.0,82.0,70.0,184.0,209.0,893.0,2.0,
100.0,Julian Champagnie,24.0,SAS,SF,80.0,66.0,2214.0,293.0,674.0,0.435,193.0,505.0,0.382,100.0,169.0,0.592,0.578,111.0,132.0,0.841,71.0,391.0,462.0,125.0,61.0,35.0,68.0,128.0,890.0,0.0,
101.0,Dyson Daniels,22.0,ATL,SG,75.0,75.0,2490.0,396.0,767.0,0.516,22.0,116.0,0.19,374.0,651.0,0.575,0.531,74.0,120.0,0.617,179.0,331.0,510.0,437.0,147.0,31.0,134.0,164.0,888.0,1.0,
102.0,Kyle Kuzma,30.0,MIL,PF,68.0,43.0,1785.0,336.0,685.0,0.491,82.0,238.0,0.345,254.0,447.0,0.568,0.55,134.0,185.0,0.724,57.0,255.0,312.0,179.0,46.0,28.0,114.0,134.0,888.0,0.0,
103.0,Tre Jones,26.0,CHI,PG,63.0,39.0,1707.0,330.0,594.0,0.556,39.0,125.0,0.312,291.0,469.0,0.62,0.588,186.0,222.0,0.838,36.0,161.0,197.0,344.0,75.0,11.0,90.0,90.0,885.0,0.0,
104.0,Kyle Filipowski,22.0,UTA,C,77.0,41.0,1801.0,323.0,657.0,0.492,74.0,228.0,0.325,249.0,429.0,0.58,0.548,159.0,212.0,0.75,144.0,408.0,552.0,198.0,73.0,39.0,125.0,232.0,879.0,0.0,
105.0,Maxime Raynaud,22.0,SAC,C,72.0,54.0,1887.0,367.0,649.0,0.565,19.0,66.0,0.288,348.0,583.0,0.597,0.58,125.0,159.0,0.786,139.0,399.0,538.0,94.0,36.0,37.0,88.0,167.0,878.0,0.0,
106.0,Sandro Mamukelashvili,26.0,TOR,C,78.0,13.0,1708.0,321.0,617.0,0.52,111.0,288.0,0.385,210.0,329.0,0.638,0.61,114.0,152.0,0.75,106.0,278.0,384.0,145.0,63.0,41.0,63.0,145.0,867.0,0.0,
107.0,Jarace Walker,22.0,IND,PF,75.0,40.0,1924.0,301.0,720.0,0.418,129.0,349.0,0.37,172.0,371.0,0.464,0.508,136.0,181.0,0.751,48.0,339.0,387.0,190.0,63.0,25.0,138.0,122.0,867.0,0.0,
108.0,Deandre Ayton,27.0,LAL,C,70.0,70.0,1903.0,389.0,579.0,0.672,0.0,0.0,,389.0,579.0,0.672,0.672,87.0,137.0,0.635,180.0,380.0,560.0,58.0,40.0,66.0,83.0,154.0,865.0,0.0,
109.0,Jaylen Wells,22.0,MEM,SG,69.0,69.0,1821.0,301.0,698.0,0.431,129.0,365.0,0.353,172.0,333.0,0.517,0.524,134.0,171.0,0.784,61.0,159.0,220.0,111.0,61.0,9.0,74.0,148.0,865.0,0.0,
110.0,Jarrett Allen,27.0,CLE,C,56.0,56.0,1519.0,337.0,528.0,0.638,1.0,10.0,0.1,336.0,518.0,0.649,0.639,185.0,261.0,0.709,144.0,332.0,476.0,100.0,55.0,47.0,75.0,95.0,860.0,0.0,
111.0,Brandon Williams,26.0,DAL,PG,66.0,15.0,1463.0,291.0,617.0,0.472,36.0,155.0,0.232,255.0,462.0,0.552,0.501,241.0,304.0,0.793,30.0,161.0,191.0,256.0,62.0,20.0,125.0,103.0,859.0,0.0,
112.0,Cedric Coward,22.0,MEM,SG,62.0,47.0,1598.0,305.0,648.0,0.471,93.0,275.0,0.338,212.0,373.0,0.568,0.542,140.0,166.0,0.843,83.0,281.0,364.0,171.0,40.0,27.0,105.0,126.0,843.0,0.0,
113.0,Jaylon Tyson,23.0,CLE,SG,64.0,40.0,1727.0,317.0,639.0,0.496,130.0,286.0,0.455,187.0,353.0,0.53,0.598,75.0,101.0,0.743,116.0,212.0,328.0,141.0,50.0,26.0,94.0,161.0,839.0,0.0,
114.0,Coby White,25.0,2TM,SG,48.0,26.0,1217.0,269.0,606.0,0.444,110.0,309.0,0.356,159.0,297.0,0.535,0.535,190.0,231.0,0.823,17.0,150.0,167.0,197.0,25.0,5.0,124.0,108.0,838.0,0.0,
114.0,Coby White,25.0,CHI,SG,29.0,26.0,843.0,172.0,393.0,0.438,72.0,208.0,0.346,100.0,185.0,0.541,0.529,124.0,154.0,0.805,7.0,101.0,108.0,136.0,20.0,2.0,88.0,71.0,540.0,0.0,
114.0,Coby White,25.0,CHO,SG,19.0,0.0,374.0,97.0,213.0,0.455,38.0,101.0,0.376,59.0,112.0,0.527,0.545,66.0,77.0,0.857,10.0,49.0,59.0,61.0,5.0,3.0,36.0,37.0,298.0,0.0,
115.0,Grayson Allen,30.0,PHO,SG,50.0,26.0,1455.0,267.0,660.0,0.405,158.0,450.0,0.351,109.0,210.0,0.519,0.524,141.0,165.0,0.855,36.0,115.0,151.0,194.0,68.0,13.0,81.0,117.0,833.0,0.0,
116.0,Jrue Holiday,35.0,POR,PG,51.0,49.0,1496.0,310.0,685.0,0.453,135.0,351.0,0.385,175.0,334.0,0.524,0.551,78.0,94.0,0.83,65.0,170.0,235.0,315.0,53.0,5.0,139.0,75.0,833.0,0.0,
117.0,Myles Turner,29.0,MIL,C,70.0,70.0,1885.0,278.0,635.0,0.438,146.0,379.0,0.385,132.0,256.0,0.516,0.553,131.0,176.0,0.744,75.0,298.0,373.0,100.0,50.0,110.0,83.0,183.0,833.0,0.0,
118.0,Rudy Gobert,33.0,MIN,C,76.0,76.0,2380.0,335.0,491.0,0.682,0.0,5.0,0.0,335.0,486.0,0.689,0.682,159.0,302.0,0.526,299.0,573.0,872.0,128.0,58.0,124.0,106.0,199.0,829.0,0.0,
119.0,Bub Carrington,20.0,WAS,PG,80.0,46.0,2199.0,296.0,708.0,0.418,159.0,401.0,0.397,137.0,307.0,0.446,0.53,77.0,106.0,0.726,33.0,239.0,272.0,368.0,49.0,16.0,185.0,178.0,828.0,0.0,
120.0,Kel'el Ware,21.0,MIA,C,75.0,32.0,1653.0,333.0,633.0,0.526,86.0,224.0,0.384,247.0,409.0,0.604,0.594,71.0,94.0,0.755,214.0,465.0,679.0,52.0,58.0,84.0,61.0,116.0,823.0,0.0,
121.0,Darius Garland,26.0,2TM,PG,43.0,41.0,1277.0,298.0,639.0,0.466,119.0,295.0,0.403,179.0,344.0,0.52,0.559,99.0,116.0,0.853,17.0,84.0,101.0,288.0,40.0,8.0,126.0,79.0,814.0,0.0,
121.0,Darius Garland,26.0,CLE,PG,26.0,26.0,792.0,170.0,377.0,0.451,59.0,164.0,0.36,111.0,213.0,0.521,0.529,68.0,79.0,0.861,12.0,51.0,63.0,180.0,21.0,3.0,73.0,48.0,467.0,0.0,
121.0,Darius Garland,26.0,LAC,PG,17.0,15.0,485.0,128.0,262.0,0.489,60.0,131.0,0.458,68.0,131.0,0.519,0.603,31.0,37.0,0.838,5.0,33.0,38.0,108.0,19.0,5.0,53.0,31.0,347.0,0.0,
122.0,Nic Claxton,26.0,BRK,C,69.0,68.0,1920.0,333.0,583.0,0.571,3.0,19.0,0.158,330.0,564.0,0.585,0.574,141.0,229.0,0.616,168.0,310.0,478.0,253.0,45.0,77.0,96.0,158.0,810.0,2.0,
123.0,Noah Clowney,21.0,BRK,PF,66.0,60.0,1780.0,250.0,631.0,0.396,129.0,392.0,0.329,121.0,239.0,0.506,0.498,180.0,224.0,0.804,52.0,221.0,273.0,108.0,50.0,45.0,102.0,168.0,809.0,0.0,
124.0,Tobias Harris,33.0,DET,PF,61.0,61.0,1699.0,297.0,642.0,0.463,77.0,218.0,0.353,220.0,424.0,0.519,0.523,133.0,152.0,0.875,53.0,260.0,313.0,156.0,55.0,26.0,62.0,104.0,804.0,0.0,
125.0,Cam Spencer,25.0,MEM,SG,72.0,20.0,1714.0,263.0,556.0,0.473,146.0,325.0,0.449,117.0,231.0,0.506,0.604,126.0,134.0,0.94,40.0,143.0,183.0,400.0,52.0,11.0,93.0,103.0,798.0,0.0,
126.0,Klay Thompson,35.0,DAL,SF,68.0,8.0,1487.0,282.0,718.0,0.393,198.0,518.0,0.382,84.0,200.0,0.42,0.531,36.0,47.0,0.766,18.0,125.0,143.0,95.0,32.0,22.0,63.0,70.0,798.0,0.0,
127.0,P.J. Washington,27.0,DAL,PF,56.0,53.0,1736.0,296.0,658.0,0.45,76.0,234.0,0.325,220.0,424.0,0.519,0.508,125.0,182.0,0.687,84.0,310.0,394.0,98.0,55.0,60.0,94.0,119.0,793.0,0.0,
128.0,Dylan Harper,19.0,SAS,SG,67.0,3.0,1514.0,323.0,638.0,0.506,61.0,176.0,0.347,262.0,462.0,0.567,0.554,84.0,113.0,0.743,51.0,176.0,227.0,259.0,53.0,23.0,97.0,134.0,791.0,0.0,
129.0,Josh Hart,30.0,NYK,SF,65.0,51.0,1964.0,301.0,590.0,0.51,100.0,241.0,0.415,201.0,349.0,0.576,0.595,87.0,121.0,0.719,93.0,389.0,482.0,315.0,73.0,17.0,126.0,163.0,789.0,2.0,
130.0,Peyton Watson,23.0,DEN,SF,54.0,40.0,1598.0,285.0,581.0,0.491,81.0,197.0,0.411,204.0,384.0,0.531,0.56,138.0,189.0,0.73,49.0,215.0,264.0,111.0,50.0,61.0,93.0,136.0,789.0,0.0,
131.0,Isaiah Joe,26.0,OKC,SG,71.0,9.0,1507.0,247.0,543.0,0.455,181.0,428.0,0.423,66.0,115.0,0.574,0.622,110.0,123.0,0.894,33.0,148.0,181.0,94.0,50.0,11.0,45.0,121.0,785.0,0.0,
132.0,Anfernee Simons,26.0,2TM,SG,55.0,5.0,1372.0,285.0,648.0,0.44,146.0,379.0,0.385,139.0,269.0,0.517,0.552,69.0,77.0,0.896,31.0,104.0,135.0,134.0,27.0,8.0,68.0,94.0,785.0,0.0,
132.0,Anfernee Simons,26.0,BOS,SG,49.0,0.0,1202.0,250.0,568.0,0.44,130.0,329.0,0.395,120.0,239.0,0.502,0.555,64.0,72.0,0.889,26.0,92.0,118.0,116.0,27.0,6.0,55.0,82.0,694.0,0.0,
132.0,Anfernee Simons,26.0,CHI,SG,6.0,5.0,170.0,35.0,80.0,0.438,16.0,50.0,0.32,19.0,30.0,0.633,0.538,5.0,5.0,1.0,5.0,12.0,17.0,18.0,0.0,2.0,13.0,12.0,91.0,0.0,
133.0,Alex Sarr,20.0,WAS,C,48.0,48.0,1305.0,316.0,656.0,0.482,50.0,150.0,0.333,266.0,506.0,0.526,0.52,101.0,146.0,0.692,105.0,250.0,355.0,130.0,39.0,95.0,82.0,105.0,783.0,0.0,
134.0,Pelle Larsson,24.0,MIA,SG,69.0,54.0,1823.0,269.0,545.0,0.494,61.0,189.0,0.323,208.0,356.0,0.584,0.55,177.0,223.0,0.794,69.0,175.0,244.0,230.0,48.0,16.0,98.0,143.0,776.0,0.0,
135.0,Ajay Mitchell,23.0,OKC,SG,57.0,16.0,1473.0,286.0,590.0,0.485,61.0,176.0,0.347,225.0,414.0,0.543,0.536,141.0,162.0,0.87,40.0,150.0,190.0,206.0,71.0,18.0,81.0,119.0,774.0,0.0,
136.0,Neemias Queta,26.0,BOS,C,75.0,74.0,1913.0,323.0,496.0,0.651,0.0,7.0,0.0,323.0,489.0,0.661,0.651,123.0,175.0,0.703,228.0,398.0,626.0,124.0,60.0,99.0,74.0,215.0,769.0,0.0,
137.0,Jay Huff,27.0,IND,C,80.0,47.0,1671.0,284.0,594.0,0.478,115.0,360.0,0.319,169.0,234.0,0.722,0.575,79.0,96.0,0.823,71.0,240.0,311.0,116.0,40.0,143.0,71.0,189.0,762.0,0.0,
138.0,Malik Monk,27.0,SAC,SG,61.0,3.0,1354.0,273.0,626.0,0.436,121.0,310.0,0.39,152.0,316.0,0.481,0.533,94.0,107.0,0.879,15.0,101.0,116.0,185.0,37.0,22.0,90.0,99.0,761.0,0.0,
139.0,Jimmy Butler,36.0,GSW,SF,38.0,38.0,1182.0,240.0,462.0,0.519,32.0,85.0,0.376,208.0,377.0,0.552,0.554,248.0,287.0,0.864,88.0,123.0,211.0,185.0,55.0,8.0,60.0,46.0,760.0,0.0,
140.0,A.J. Green,26.0,MIL,SG,76.0,66.0,2193.0,244.0,584.0,0.418,216.0,524.0,0.412,28.0,60.0,0.467,0.603,51.0,60.0,0.85,26.0,177.0,203.0,147.0,36.0,8.0,72.0,174.0,755.0,0.0,
141.0,Royce O'Neale,32.0,PHO,SF,77.0,67.0,2191.0,259.0,615.0,0.421,210.0,513.0,0.409,49.0,102.0,0.48,0.592,26.0,36.0,0.722,58.0,307.0,365.0,205.0,81.0,32.0,102.0,174.0,754.0,0.0,
142.0,Tristan Da Silva,24.0,ORL,SF,75.0,34.0,1854.0,275.0,610.0,0.451,120.0,316.0,0.38,155.0,294.0,0.527,0.549,82.0,93.0,0.882,58.0,217.0,275.0,116.0,67.0,25.0,67.0,116.0,752.0,0.0,
143.0,Jalen Suggs,24.0,ORL,PG,55.0,54.0,1516.0,270.0,621.0,0.435,111.0,336.0,0.33,159.0,285.0,0.558,0.524,100.0,117.0,0.855,36.0,177.0,213.0,305.0,104.0,39.0,146.0,141.0,751.0,1.0,
144.0,Dennis Schröder,32.0,2TM,PG,69.0,17.0,1681.0,253.0,621.0,0.407,74.0,226.0,0.327,179.0,395.0,0.453,0.467,169.0,203.0,0.833,32.0,156.0,188.0,337.0,53.0,11.0,124.0,107.0,749.0,0.0,
144.0,Dennis Schröder,32.0,SAC,PG,40.0,14.0,1056.0,172.0,422.0,0.408,57.0,166.0,0.343,115.0,256.0,0.449,0.475,109.0,133.0,0.82,22.0,100.0,122.0,211.0,32.0,6.0,79.0,66.0,510.0,0.0,
144.0,Dennis Schröder,32.0,CLE,PG,29.0,3.0,625.0,81.0,199.0,0.407,17.0,60.0,0.283,64.0,139.0,0.46,0.45,60.0,70.0,0.857,10.0,56.0,66.0,126.0,21.0,5.0,45.0,41.0,239.0,0.0,
145.0,Zach LaVine,30.0,SAC,SG,39.0,37.0,1224.0,262.0,547.0,0.479,99.0,254.0,0.39,163.0,293.0,0.556,0.569,125.0,142.0,0.88,8.0,100.0,108.0,89.0,28.0,10.0,74.0,81.0,748.0,0.0,
146.0,Rui Hachimura,27.0,LAL,PF,66.0,39.0,1867.0,295.0,577.0,0.511,111.0,254.0,0.437,184.0,323.0,0.57,0.607,44.0,64.0,0.688,39.0,175.0,214.0,54.0,38.0,21.0,40.0,103.0,745.0,0.0,
147.0,Will Riley,19.0,WAS,SF,72.0,17.0,1570.0,262.0,590.0,0.444,76.0,236.0,0.322,186.0,354.0,0.525,0.508,142.0,178.0,0.798,56.0,148.0,204.0,140.0,53.0,9.0,89.0,87.0,742.0,0.0,
148.0,Harrison Barnes,33.0,SAS,PF,75.0,52.0,1933.0,251.0,555.0,0.452,135.0,349.0,0.387,116.0,206.0,0.563,0.574,101.0,122.0,0.828,62.0,148.0,210.0,146.0,49.0,12.0,61.0,83.0,738.0,0.0,
149.0,Tre Johnson,19.0,WAS,SG,60.0,42.0,1443.0,271.0,647.0,0.419,115.0,321.0,0.358,156.0,326.0,0.479,0.508,76.0,87.0,0.874,29.0,141.0,170.0,122.0,33.0,18.0,93.0,122.0,733.0,0.0,
150.0,Moses Moody,23.0,GSW,SG,60.0,49.0,1540.0,245.0,557.0,0.44,151.0,377.0,0.401,94.0,180.0,0.522,0.575,87.0,113.0,0.77,51.0,149.0,200.0,98.0,58.0,34.0,57.0,122.0,728.0,0.0,
151.0,Jock Landale,30.0,2TM,C,68.0,27.0,1506.0,282.0,548.0,0.515,74.0,193.0,0.383,208.0,355.0,0.586,0.582,80.0,126.0,0.635,183.0,204.0,387.0,115.0,35.0,36.0,60.0,150.0,718.0,0.0,
151.0,Jock Landale,30.0,MEM,C,45.0,25.0,1060.0,200.0,389.0,0.514,49.0,129.0,0.38,151.0,260.0,0.581,0.577,60.0,89.0,0.674,141.0,151.0,292.0,75.0,25.0,22.0,46.0,102.0,509.0,0.0,
151.0,Jock Landale,30.0,ATL,C,23.0,2.0,446.0,82.0,159.0,0.516,25.0,64.0,0.391,57.0,95.0,0.6,0.594,20.0,37.0,0.541,42.0,53.0,95.0,40.0,10.0,14.0,14.0,48.0,209.0,0.0,
152.0,Kyshawn George,22.0,WAS,SF,48.0,48.0,1391.0,253.0,577.0,0.438,99.0,260.0,0.381,154.0,317.0,0.486,0.524,105.0,131.0,0.802,43.0,202.0,245.0,214.0,48.0,43.0,125.0,169.0,710.0,0.0,
153.0,Precious Achiuwa,26.0,SAC,C,71.0,55.0,1685.0,304.0,568.0,0.535,27.0,90.0,0.3,277.0,478.0,0.579,0.559,69.0,126.0,0.548,172.0,303.0,475.0,93.0,63.0,48.0,62.0,121.0,704.0,0.0,
154.0,Ausar Thompson,23.0,DET,SF,71.0,70.0,1849.0,295.0,565.0,0.522,6.0,24.0,0.25,289.0,541.0,0.534,0.527,106.0,186.0,0.57,148.0,260.0,408.0,218.0,142.0,67.0,106.0,192.0,702.0,0.0,
155.0,Sam Hauser,28.0,BOS,PF,77.0,48.0,1906.0,244.0,588.0,0.415,190.0,492.0,0.386,54.0,96.0,0.563,0.577,17.0,20.0,0.85,56.0,238.0,294.0,110.0,38.0,23.0,35.0,109.0,695.0,0.0,
156.0,Mark Williams,24.0,PHO,C,59.0,54.0,1396.0,280.0,436.0,0.642,1.0,1.0,1.0,279.0,435.0,0.641,0.643,132.0,171.0,0.772,183.0,289.0,472.0,58.0,55.0,54.0,63.0,129.0,693.0,0.0,
157.0,Isaiah Collier,21.0,UTA,PG,59.0,19.0,1517.0,255.0,515.0,0.495,27.0,100.0,0.27,228.0,415.0,0.549,0.521,151.0,209.0,0.722,21.0,129.0,150.0,423.0,66.0,20.0,148.0,138.0,688.0,0.0,
158.0,GG Jackson II,21.0,MEM,PF,55.0,28.0,1178.0,255.0,514.0,0.496,64.0,193.0,0.332,191.0,321.0,0.595,0.558,112.0,151.0,0.742,49.0,186.0,235.0,81.0,31.0,44.0,85.0,75.0,686.0,0.0,
159.0,Kelly Oubre Jr.,30.0,PHI,SF,48.0,39.0,1519.0,243.0,520.0,0.467,85.0,232.0,0.366,158.0,288.0,0.549,0.549,108.0,142.0,0.761,49.0,191.0,240.0,78.0,61.0,23.0,67.0,123.0,679.0,0.0,
160.0,Ivica Zubac,28.0,2TM,C,48.0,47.0,1446.0,288.0,482.0,0.598,0.0,0.0,,288.0,482.0,0.598,0.598,101.0,142.0,0.711,162.0,347.0,509.0,105.0,18.0,40.0,86.0,112.0,677.0,0.0,
160.0,Ivica Zubac,28.0,LAC,C,43.0,42.0,1328.0,263.0,429.0,0.613,0.0,0.0,,263.0,429.0,0.613,0.613,93.0,132.0,0.705,148.0,325.0,473.0,96.0,16.0,36.0,82.0,104.0,619.0,0.0,
160.0,Ivica Zubac,28.0,IND,C,5.0,5.0,118.0,25.0,53.0,0.472,0.0,0.0,,25.0,53.0,0.472,0.472,8.0,10.0,0.8,14.0,22.0,36.0,9.0,2.0,4.0,4.0,8.0,58.0,0.0,
161.0,Kevin Huerter,27.0,2TM,SG,67.0,14.0,1513.0,262.0,581.0,0.451,96.0,315.0,0.305,166.0,266.0,0.624,0.534,53.0,69.0,0.768,34.0,201.0,235.0,172.0,59.0,32.0,72.0,115.0,673.0,0.0,
161.0,Kevin Huerter,27.0,CHI,SF,44.0,11.0,1037.0,184.0,404.0,0.455,70.0,223.0,0.314,114.0,181.0,0.63,0.542,41.0,56.0,0.732,23.0,146.0,169.0,116.0,35.0,26.0,49.0,85.0,479.0,0.0,
161.0,Kevin Huerter,27.0,DET,SG,23.0,3.0,476.0,78.0,177.0,0.441,26.0,92.0,0.283,52.0,85.0,0.612,0.514,12.0,13.0,0.923,11.0,55.0,66.0,56.0,24.0,6.0,23.0,30.0,194.0,0.0,
162.0,Tyler Herro,26.0,MIA,SG,32.0,27.0,1010.0,245.0,506.0,0.484,83.0,216.0,0.384,162.0,290.0,0.559,0.566,99.0,108.0,0.917,14.0,134.0,148.0,128.0,22.0,12.0,61.0,61.0,672.0,0.0,
163.0,Jake LaRavia,24.0,LAL,PF,80.0,42.0,2006.0,238.0,519.0,0.459,78.0,242.0,0.322,160.0,277.0,0.578,0.534,116.0,152.0,0.763,116.0,203.0,319.0,141.0,100.0,37.0,86.0,194.0,670.0,0.0,
164.0,Daniss Jenkins,24.0,DET,PG,70.0,19.0,1418.0,229.0,552.0,0.415,73.0,191.0,0.382,156.0,361.0,0.432,0.481,132.0,159.0,0.83,49.0,111.0,160.0,271.0,61.0,14.0,110.0,104.0,663.0,0.0,
165.0,Sam Merrill,29.0,CLE,SG,52.0,38.0,1377.0,223.0,484.0,0.461,158.0,375.0,0.421,65.0,109.0,0.596,0.624,59.0,69.0,0.855,28.0,105.0,133.0,125.0,33.0,7.0,42.0,127.0,663.0,0.0,
166.0,Kevin Porter Jr.,25.0,MIL,PG,38.0,36.0,1261.0,239.0,514.0,0.465,46.0,143.0,0.322,193.0,371.0,0.52,0.51,137.0,156.0,0.878,34.0,164.0,198.0,280.0,83.0,19.0,110.0,88.0,661.0,2.0,
167.0,Cameron Johnson,29.0,DEN,SF,54.0,54.0,1647.0,228.0,475.0,0.48,110.0,256.0,0.43,118.0,219.0,0.539,0.596,94.0,112.0,0.839,43.0,163.0,206.0,132.0,40.0,21.0,47.0,125.0,660.0,0.0,
168.0,Cason Wallace,22.0,OKC,SG,77.0,58.0,2046.0,252.0,584.0,0.432,101.0,288.0,0.351,151.0,296.0,0.51,0.518,55.0,68.0,0.809,63.0,175.0,238.0,200.0,150.0,28.0,73.0,154.0,660.0,0.0,
169.0,Franz Wagner,24.0,ORL,SF,32.0,30.0,970.0,229.0,476.0,0.481,43.0,127.0,0.339,186.0,349.0,0.533,0.526,153.0,185.0,0.827,41.0,130.0,171.0,108.0,31.0,11.0,54.0,68.0,654.0,0.0,
170.0,Davion Mitchell,27.0,MIA,PG,69.0,69.0,1975.0,256.0,527.0,0.486,88.0,226.0,0.389,168.0,301.0,0.558,0.569,42.0,65.0,0.646,32.0,152.0,184.0,452.0,67.0,11.0,107.0,179.0,642.0,0.0,
171.0,Bilal Coulibaly,21.0,WAS,SG,55.0,55.0,1445.0,221.0,525.0,0.421,63.0,201.0,0.313,158.0,324.0,0.488,0.481,127.0,172.0,0.738,45.0,193.0,238.0,140.0,74.0,53.0,80.0,130.0,632.0,0.0,
172.0,Luke Kennard,29.0,2TM,SG,76.0,4.0,1641.0,229.0,430.0,0.533,115.0,241.0,0.477,114.0,189.0,0.603,0.666,57.0,62.0,0.919,32.0,149.0,181.0,170.0,52.0,8.0,58.0,100.0,630.0,1.0,
172.0,Luke Kennard,29.0,ATL,SG,46.0,0.0,944.0,129.0,240.0,0.538,74.0,149.0,0.497,55.0,91.0,0.604,0.692,32.0,35.0,0.914,19.0,80.0,99.0,96.0,33.0,5.0,32.0,53.0,364.0,0.0,
172.0,Luke Kennard,29.0,LAL,SG,30.0,4.0,697.0,100.0,190.0,0.526,41.0,92.0,0.446,59.0,98.0,0.602,0.634,25.0,27.0,0.926,13.0,69.0,82.0,74.0,19.0,3.0,26.0,47.0,266.0,1.0,
173.0,Zaccharie Risacher,20.0,ATL,SF,65.0,45.0,1461.0,238.0,521.0,0.457,94.0,252.0,0.373,144.0,269.0,0.535,0.547,56.0,88.0,0.636,68.0,176.0,244.0,72.0,57.0,35.0,55.0,144.0,626.0,0.0,
174.0,Bruce Brown,29.0,DEN,SG,80.0,2.0,1944.0,237.0,505.0,0.469,55.0,144.0,0.382,182.0,361.0,0.504,0.524,96.0,126.0,0.762,84.0,222.0,306.0,163.0,82.0,20.0,86.0,193.0,625.0,0.0,
175.0,Marvin Bagley III,26.0,2TM,PF,59.0,11.0,1193.0,253.0,407.0,0.622,24.0,50.0,0.48,229.0,357.0,0.641,0.651,95.0,144.0,0.66,150.0,215.0,365.0,84.0,28.0,43.0,61.0,122.0,625.0,0.0,
175.0,Marvin Bagley III,26.0,WAS,PF,38.0,8.0,731.0,154.0,246.0,0.626,8.0,19.0,0.421,146.0,227.0,0.643,0.642,69.0,97.0,0.711,97.0,119.0,216.0,56.0,20.0,27.0,44.0,78.0,385.0,0.0,
175.0,Marvin Bagley III,26.0,DAL,PF,21.0,3.0,462.0,99.0,161.0,0.615,16.0,31.0,0.516,83.0,130.0,0.638,0.665,26.0,47.0,0.553,53.0,96.0,149.0,28.0,8.0,16.0,17.0,44.0,240.0,0.0,
176.0,Ron Holland,20.0,DET,SF,76.0,5.0,1509.0,229.0,529.0,0.433,46.0,189.0,0.243,183.0,340.0,0.538,0.476,120.0,149.0,0.805,82.0,223.0,305.0,92.0,91.0,26.0,94.0,178.0,624.0,0.0,
177.0,Aaron Nesmith,26.0,IND,SF,45.0,42.0,1335.0,212.0,512.0,0.414,105.0,277.0,0.379,107.0,235.0,0.455,0.517,92.0,111.0,0.829,48.0,139.0,187.0,86.0,26.0,23.0,63.0,124.0,621.0,0.0,
178.0,Khris Middleton,34.0,2TM,SF,61.0,48.0,1408.0,220.0,529.0,0.416,63.0,180.0,0.35,157.0,349.0,0.45,0.475,115.0,132.0,0.871,51.0,176.0,227.0,172.0,41.0,9.0,107.0,142.0,618.0,0.0,
178.0,Khris Middleton,34.0,WAS,SF,34.0,34.0,827.0,130.0,300.0,0.433,33.0,99.0,0.333,97.0,201.0,0.483,0.488,58.0,69.0,0.841,30.0,104.0,134.0,111.0,26.0,9.0,57.0,86.0,351.0,0.0,
178.0,Khris Middleton,34.0,DAL,SF,27.0,14.0,581.0,90.0,229.0,0.393,30.0,81.0,0.37,60.0,148.0,0.405,0.459,57.0,63.0,0.905,21.0,72.0,93.0,61.0,15.0,0.0,50.0,56.0,267.0,0.0,
179.0,De'Andre Hunter,28.0,2TM,SF,45.0,25.0,1176.0,208.0,501.0,0.415,75.0,246.0,0.305,133.0,255.0,0.522,0.49,124.0,143.0,0.867,30.0,155.0,185.0,90.0,30.0,6.0,75.0,112.0,615.0,0.0,
179.0,De'Andre Hunter,28.0,CLE,SF,43.0,23.0,1125.0,204.0,482.0,0.423,73.0,237.0,0.308,131.0,245.0,0.535,0.499,119.0,137.0,0.869,29.0,153.0,182.0,89.0,30.0,6.0,71.0,107.0,600.0,0.0,
179.0,De'Andre Hunter,28.0,SAC,SF,2.0,2.0,51.0,4.0,19.0,0.211,2.0,9.0,0.222,2.0,10.0,0.2,0.263,5.0,6.0,0.833,1.0,2.0,3.0,1.0,0.0,0.0,4.0,5.0,15.0,0.0,
180.0,Gui Santos,23.0,GSW,PF,66.0,29.0,1352.0,224.0,444.0,0.505,77.0,219.0,0.352,147.0,225.0,0.653,0.591,86.0,118.0,0.729,71.0,185.0,256.0,151.0,59.0,22.0,101.0,135.0,611.0,0.0,
181.0,Jordan Clarkson,33.0,NYK,SG,70.0,1.0,1246.0,232.0,513.0,0.452,70.0,212.0,0.33,162.0,301.0,0.538,0.52,76.0,92.0,0.826,60.0,63.0,123.0,92.0,28.0,9.0,62.0,118.0,610.0,0.0,
182.0,Paul George,35.0,PHI,PF,35.0,35.0,1080.0,212.0,487.0,0.435,96.0,242.0,0.397,116.0,245.0,0.473,0.534,89.0,108.0,0.824,20.0,166.0,186.0,129.0,61.0,16.0,62.0,82.0,609.0,0.0,
183.0,Jordan Goodwin,27.0,PHO,PG,70.0,10.0,1572.0,229.0,555.0,0.413,112.0,302.0,0.371,117.0,253.0,0.462,0.514,39.0,56.0,0.696,138.0,203.0,341.0,151.0,106.0,14.0,68.0,133.0,609.0,0.0,
184.0,Tari Eason,24.0,HOU,PF,58.0,33.0,1502.0,233.0,560.0,0.416,92.0,253.0,0.364,141.0,307.0,0.459,0.498,49.0,64.0,0.766,122.0,245.0,367.0,87.0,71.0,27.0,77.0,135.0,607.0,0.0,
185.0,Brook Lopez,37.0,LAC,C,73.0,38.0,1576.0,221.0,519.0,0.426,108.0,302.0,0.358,113.0,217.0,0.521,0.53,56.0,74.0,0.757,42.0,217.0,259.0,96.0,44.0,87.0,58.0,147.0,606.0,0.0,
186.0,Bones Hyland,25.0,MIN,PG,71.0,3.0,1177.0,212.0,468.0,0.453,116.0,299.0,0.388,96.0,169.0,0.568,0.577,64.0,82.0,0.78,23.0,104.0,127.0,188.0,44.0,17.0,70.0,120.0,604.0,0.0,
187.0,Santi Aldama,25.0,MEM,PF,43.0,11.0,1198.0,228.0,476.0,0.479,70.0,200.0,0.35,158.0,276.0,0.572,0.553,76.0,114.0,0.667,67.0,220.0,287.0,126.0,37.0,31.0,55.0,69.0,602.0,0.0,
188.0,Nique Clifford,23.0,SAC,SG,73.0,26.0,1805.0,234.0,569.0,0.411,75.0,224.0,0.335,159.0,345.0,0.461,0.477,58.0,84.0,0.69,64.0,205.0,269.0,168.0,68.0,23.0,108.0,153.0,601.0,0.0,
189.0,Aaron Wiggins,27.0,OKC,SG,63.0,19.0,1362.0,225.0,518.0,0.434,93.0,261.0,0.356,132.0,257.0,0.514,0.524,52.0,70.0,0.743,39.0,155.0,194.0,101.0,56.0,27.0,79.0,80.0,595.0,0.0,
190.0,Kris Dunn,31.0,LAC,PG,80.0,66.0,2181.0,223.0,469.0,0.475,79.0,209.0,0.378,144.0,260.0,0.554,0.56,62.0,81.0,0.765,57.0,208.0,265.0,291.0,129.0,14.0,107.0,185.0,587.0,0.0,
191.0,Justin Champagnie,24.0,WAS,SF,68.0,18.0,1345.0,227.0,448.0,0.507,50.0,156.0,0.321,177.0,292.0,0.606,0.563,80.0,102.0,0.784,143.0,235.0,378.0,81.0,56.0,43.0,43.0,109.0,584.0,0.0,
192.0,Isaac Okoro,25.0,CHI,SG,63.0,62.0,1695.0,211.0,459.0,0.46,73.0,221.0,0.33,138.0,238.0,0.58,0.539,89.0,112.0,0.795,69.0,104.0,173.0,100.0,46.0,29.0,46.0,162.0,584.0,0.0,
193.0,Aaron Gordon,30.0,DEN,PF,36.0,33.0,1005.0,198.0,398.0,0.497,61.0,157.0,0.389,137.0,241.0,0.568,0.574,125.0,163.0,0.767,51.0,158.0,209.0,96.0,21.0,10.0,38.0,62.0,582.0,0.0,
194.0,De'Anthony Melton,27.0,GSW,PG,47.0,23.0,1078.0,209.0,513.0,0.407,69.0,236.0,0.292,140.0,277.0,0.505,0.475,94.0,115.0,0.817,38.0,113.0,151.0,120.0,76.0,18.0,88.0,89.0,581.0,0.0,
195.0,Simone Fontecchio,30.0,MIA,SF,69.0,8.0,1146.0,186.0,461.0,0.403,117.0,320.0,0.366,69.0,141.0,0.489,0.53,84.0,100.0,0.84,55.0,152.0,207.0,99.0,36.0,9.0,48.0,102.0,573.0,0.0,
196.0,Ziaire Williams,24.0,BRK,SF,56.0,13.0,1281.0,184.0,433.0,0.425,86.0,251.0,0.343,98.0,182.0,0.538,0.524,119.0,140.0,0.85,30.0,104.0,134.0,60.0,76.0,21.0,59.0,116.0,573.0,0.0,
197.0,Jordan Miller,26.0,LAC,SF,58.0,1.0,1263.0,203.0,384.0,0.529,35.0,104.0,0.337,168.0,280.0,0.6,0.574,128.0,167.0,0.766,50.0,123.0,173.0,130.0,44.0,10.0,60.0,57.0,569.0,0.0,
198.0,Jalen Green,23.0,PHO,SG,32.0,27.0,828.0,216.0,512.0,0.422,71.0,227.0,0.313,145.0,285.0,0.509,0.491,65.0,87.0,0.747,16.0,100.0,116.0,91.0,34.0,8.0,72.0,42.0,568.0,0.0,
199.0,Marcus Smart,31.0,LAL,SG,60.0,53.0,1725.0,185.0,464.0,0.399,96.0,286.0,0.336,89.0,178.0,0.5,0.502,102.0,125.0,0.816,36.0,129.0,165.0,168.0,84.0,22.0,87.0,157.0,568.0,0.0,
200.0,Cam Thomas,24.0,2TM,SG,42.0,8.0,881.0,189.0,461.0,0.41,52.0,168.0,0.31,137.0,293.0,0.468,0.466,137.0,169.0,0.811,11.0,60.0,71.0,108.0,9.0,4.0,74.0,43.0,567.0,0.0,
200.0,Cam Thomas,24.0,BRK,SG,24.0,8.0,582.0,123.0,308.0,0.399,38.0,117.0,0.325,85.0,191.0,0.445,0.461,91.0,108.0,0.843,9.0,34.0,43.0,74.0,4.0,2.0,48.0,31.0,375.0,0.0,
200.0,Cam Thomas,24.0,MIL,SG,18.0,0.0,299.0,66.0,153.0,0.431,14.0,51.0,0.275,52.0,102.0,0.51,0.477,46.0,61.0,0.754,2.0,26.0,28.0,34.0,5.0,2.0,26.0,12.0,192.0,0.0,
201.0,Luguentz Dort,26.0,OKC,SF,67.0,67.0,1808.0,198.0,511.0,0.387,125.0,363.0,0.344,73.0,148.0,0.493,0.51,44.0,58.0,0.759,56.0,185.0,241.0,83.0,60.0,27.0,54.0,178.0,565.0,0.0,
202.0,Moussa Diabaté,24.0,CHO,C,71.0,45.0,1848.0,224.0,356.0,0.629,1.0,2.0,0.5,223.0,354.0,0.63,0.631,114.0,172.0,0.663,267.0,353.0,620.0,136.0,56.0,68.0,72.0,171.0,563.0,0.0,
203.0,Draymond Green,35.0,GSW,PF,67.0,67.0,1845.0,203.0,488.0,0.416,100.0,308.0,0.325,103.0,180.0,0.572,0.518,57.0,82.0,0.695,54.0,317.0,371.0,370.0,60.0,42.0,178.0,195.0,563.0,0.0,
204.0,Jalen Williams,24.0,OKC,SG,33.0,33.0,936.0,216.0,446.0,0.484,23.0,77.0,0.299,193.0,369.0,0.523,0.51,108.0,129.0,0.837,27.0,125.0,152.0,181.0,39.0,9.0,63.0,65.0,563.0,0.0,
205.0,Isaiah Stewart,24.0,DET,C,56.0,13.0,1284.0,212.0,389.0,0.545,39.0,117.0,0.333,173.0,272.0,0.636,0.595,97.0,127.0,0.764,92.0,190.0,282.0,66.0,15.0,90.0,65.0,159.0,560.0,0.0,
206.0,Cody Williams,21.0,UTA,SG,65.0,39.0,1558.0,227.0,478.0,0.475,26.0,123.0,0.211,201.0,355.0,0.566,0.502,80.0,113.0,0.708,60.0,132.0,192.0,126.0,49.0,26.0,70.0,120.0,560.0,0.0,
207.0,Javonte Green,32.0,DET,SG,80.0,6.0,1419.0,182.0,410.0,0.444,91.0,243.0,0.374,91.0,167.0,0.545,0.555,102.0,122.0,0.836,60.0,165.0,225.0,55.0,100.0,25.0,45.0,107.0,557.0,0.0,
208.0,Vít Krejčí,25.0,2TM,PG,64.0,8.0,1387.0,191.0,426.0,0.448,128.0,327.0,0.391,63.0,99.0,0.636,0.599,38.0,51.0,0.745,31.0,117.0,148.0,100.0,47.0,18.0,41.0,137.0,548.0,0.0,
208.0,Vít Krejčí,25.0,ATL,PG,46.0,8.0,1028.0,143.0,308.0,0.464,101.0,239.0,0.423,42.0,69.0,0.609,0.628,27.0,36.0,0.75,19.0,78.0,97.0,68.0,37.0,13.0,30.0,108.0,414.0,0.0,
208.0,Vít Krejčí,25.0,POR,PG,18.0,0.0,359.0,48.0,118.0,0.407,27.0,88.0,0.307,21.0,30.0,0.7,0.521,11.0,15.0,0.733,12.0,39.0,51.0,32.0,10.0,5.0,11.0,29.0,134.0,0.0,
209.0,Jalen Smith,25.0,CHI,C,53.0,21.0,1095.0,195.0,404.0,0.483,82.0,220.0,0.373,113.0,184.0,0.614,0.584,69.0,93.0,0.742,98.0,257.0,355.0,65.0,24.0,42.0,53.0,111.0,541.0,0.0,
210.0,Day'Ron Sharpe,24.0,BRK,C,62.0,7.0,1160.0,214.0,356.0,0.601,9.0,39.0,0.231,205.0,317.0,0.647,0.614,103.0,152.0,0.678,171.0,242.0,413.0,145.0,67.0,26.0,106.0,147.0,540.0,0.0,
211.0,Walter Clayton,22.0,2TM,PG,69.0,6.0,1410.0,177.0,461.0,0.384,75.0,244.0,0.307,102.0,217.0,0.47,0.465,109.0,121.0,0.901,25.0,114.0,139.0,279.0,44.0,19.0,116.0,119.0,538.0,0.0,
211.0,Walter Clayton,22.0,UTA,PG,45.0,0.0,811.0,102.0,256.0,0.398,44.0,143.0,0.308,58.0,113.0,0.513,0.484,58.0,62.0,0.935,15.0,73.0,88.0,143.0,24.0,12.0,57.0,78.0,306.0,0.0,
211.0,Walter Clayton,22.0,MEM,PG,24.0,6.0,599.0,75.0,205.0,0.366,31.0,101.0,0.307,44.0,104.0,0.423,0.441,51.0,59.0,0.864,10.0,41.0,51.0,136.0,20.0,7.0,59.0,41.0,232.0,0.0,
212.0,Dominick Barlow,22.0,PHI,PF,69.0,59.0,1652.0,212.0,392.0,0.541,21.0,81.0,0.259,191.0,311.0,0.614,0.568,91.0,127.0,0.717,132.0,202.0,334.0,85.0,60.0,53.0,55.0,146.0,536.0,0.0,
213.0,Egor Dёmin,19.0,BRK,PG,52.0,45.0,1308.0,179.0,449.0,0.399,124.0,322.0,0.385,55.0,127.0,0.433,0.537,54.0,65.0,0.831,21.0,144.0,165.0,173.0,42.0,17.0,86.0,93.0,536.0,0.0,
214.0,Gary Payton II,33.0,GSW,SG,71.0,1.0,1115.0,236.0,407.0,0.58,37.0,126.0,0.294,199.0,281.0,0.708,0.625,26.0,40.0,0.65,99.0,161.0,260.0,122.0,64.0,21.0,60.0,126.0,535.0,0.0,
215.0,Jamal Shead,23.0,TOR,PG,80.0,11.0,1805.0,180.0,491.0,0.367,83.0,257.0,0.323,97.0,234.0,0.415,0.451,91.0,116.0,0.784,26.0,116.0,142.0,438.0,75.0,14.0,108.0,157.0,534.0,0.0,
216.0,Jared McCain,21.0,2TM,SG,65.0,1.0,1109.0,194.0,456.0,0.425,96.0,245.0,0.392,98.0,211.0,0.464,0.531,50.0,57.0,0.877,22.0,110.0,132.0,86.0,34.0,5.0,54.0,80.0,534.0,0.0,
216.0,Jared McCain,21.0,PHI,SG,37.0,1.0,620.0,89.0,231.0,0.385,45.0,119.0,0.378,44.0,112.0,0.393,0.483,22.0,25.0,0.88,6.0,69.0,75.0,62.0,22.0,2.0,30.0,43.0,245.0,0.0,
216.0,Jared McCain,21.0,OKC,SG,28.0,0.0,489.0,105.0,225.0,0.467,51.0,126.0,0.405,54.0,99.0,0.545,0.58,28.0,32.0,0.875,16.0,41.0,57.0,24.0,12.0,3.0,24.0,37.0,289.0,0.0,
217.0,Olivier-Maxence Prosper,23.0,MEM,PF,53.0,24.0,984.0,192.0,350.0,0.549,60.0,148.0,0.405,132.0,202.0,0.653,0.634,86.0,114.0,0.754,59.0,128.0,187.0,51.0,40.0,13.0,47.0,83.0,530.0,0.0,
218.0,Gary Trent Jr.,27.0,MIL,SG,65.0,21.0,1377.0,183.0,473.0,0.387,123.0,342.0,0.36,60.0,131.0,0.458,0.517,40.0,52.0,0.769,8.0,59.0,67.0,79.0,34.0,3.0,41.0,85.0,529.0,0.0,
219.0,Jonas Valančiūnas,33.0,DEN,C,63.0,5.0,820.0,210.0,360.0,0.583,7.0,22.0,0.318,203.0,338.0,0.601,0.593,101.0,132.0,0.765,94.0,207.0,301.0,70.0,14.0,34.0,69.0,130.0,528.0,0.0,
220.0,Christian Braun,24.0,DEN,SG,44.0,44.0,1399.0,202.0,389.0,0.519,43.0,143.0,0.301,159.0,246.0,0.646,0.575,79.0,101.0,0.782,61.0,150.0,211.0,120.0,30.0,12.0,43.0,103.0,526.0,0.0,
221.0,T.J. McConnell,33.0,IND,PG,56.0,4.0,963.0,242.0,450.0,0.538,16.0,50.0,0.32,226.0,400.0,0.565,0.556,25.0,29.0,0.862,22.0,102.0,124.0,287.0,56.0,10.0,64.0,62.0,525.0,0.0,
222.0,Daniel Gafford,27.0,DAL,C,55.0,44.0,1195.0,207.0,316.0,0.655,0.0,0.0,,207.0,316.0,0.655,0.655,110.0,161.0,0.683,138.0,240.0,378.0,58.0,42.0,69.0,63.0,144.0,524.0,0.0,
223.0,Oso Ighodaro,23.0,PHO,PF,80.0,23.0,1774.0,235.0,359.0,0.655,0.0,1.0,0.0,235.0,358.0,0.656,0.655,51.0,113.0,0.451,133.0,269.0,402.0,178.0,73.0,55.0,99.0,217.0,521.0,0.0,
224.0,Jaden Hardy,23.0,2TM,SG,56.0,4.0,882.0,180.0,423.0,0.426,102.0,258.0,0.395,78.0,165.0,0.473,0.546,55.0,73.0,0.753,15.0,70.0,85.0,55.0,16.0,6.0,62.0,84.0,517.0,0.0,
224.0,Jaden Hardy,23.0,DAL,SG,34.0,4.0,428.0,78.0,194.0,0.402,46.0,124.0,0.371,32.0,70.0,0.457,0.521,31.0,40.0,0.775,11.0,36.0,47.0,29.0,9.0,2.0,27.0,39.0,233.0,0.0,
224.0,Jaden Hardy,23.0,WAS,SG,22.0,0.0,454.0,102.0,229.0,0.445,56.0,134.0,0.418,46.0,95.0,0.484,0.568,24.0,33.0,0.727,4.0,34.0,38.0,26.0,7.0,4.0,35.0,45.0,284.0,0.0,
225.0,Luka Garza,27.0,BOS,C,67.0,5.0,1064.0,190.0,326.0,0.583,52.0,118.0,0.441,138.0,208.0,0.663,0.663,84.0,110.0,0.764,148.0,115.0,263.0,63.0,25.0,26.0,43.0,153.0,516.0,0.0,
226.0,Ja'Kobe Walter,21.0,TOR,SG,70.0,18.0,1420.0,172.0,390.0,0.441,103.0,257.0,0.401,69.0,133.0,0.519,0.573,68.0,86.0,0.791,56.0,127.0,183.0,84.0,71.0,13.0,35.0,158.0,515.0,0.0,
227.0,Jordan Poole,26.0,NOP,PG,38.0,7.0,905.0,162.0,434.0,0.373,94.0,283.0,0.332,68.0,151.0,0.45,0.482,95.0,109.0,0.872,8.0,66.0,74.0,116.0,21.0,15.0,64.0,88.0,513.0,0.0,
228.0,Quinten Post,25.0,GSW,PF,67.0,35.0,1159.0,193.0,439.0,0.44,93.0,277.0,0.336,100.0,162.0,0.617,0.546,34.0,43.0,0.791,68.0,201.0,269.0,94.0,26.0,35.0,56.0,125.0,513.0,0.0,
229.0,Kristaps Porziņģis,30.0,2TM,C,30.0,21.0,719.0,166.0,368.0,0.451,53.0,153.0,0.346,113.0,215.0,0.526,0.523,125.0,149.0,0.839,37.0,115.0,152.0,78.0,17.0,37.0,37.0,86.0,510.0,0.0,
229.0,Kristaps Porziņģis,30.0,ATL,C,17.0,12.0,413.0,96.0,210.0,0.457,31.0,86.0,0.36,65.0,124.0,0.524,0.531,68.0,81.0,0.84,21.0,66.0,87.0,46.0,9.0,22.0,16.0,54.0,291.0,0.0,
229.0,Kristaps Porziņģis,30.0,GSW,C,13.0,9.0,306.0,70.0,158.0,0.443,22.0,67.0,0.328,48.0,91.0,0.527,0.513,57.0,68.0,0.838,16.0,49.0,65.0,32.0,8.0,15.0,21.0,32.0,219.0,0.0,
230.0,Caleb Love,24.0,POR,SG,48.0,1.0,1011.0,190.0,489.0,0.389,93.0,291.0,0.32,97.0,198.0,0.49,0.484,36.0,49.0,0.735,25.0,89.0,114.0,123.0,27.0,4.0,62.0,48.0,509.0,0.0,
231.0,Ryan Kalkbrenner,24.0,CHO,C,67.0,31.0,1436.0,214.0,286.0,0.748,0.0,5.0,0.0,214.0,281.0,0.762,0.748,80.0,113.0,0.708,162.0,206.0,368.0,51.0,31.0,99.0,59.0,104.0,508.0,0.0,
232.0,Danny Wolf,21.0,BRK,PF,57.0,15.0,1187.0,178.0,440.0,0.405,68.0,211.0,0.322,110.0,229.0,0.48,0.482,84.0,109.0,0.771,57.0,224.0,281.0,127.0,30.0,32.0,73.0,126.0,508.0,0.0,
233.0,Corey Kispert,26.0,2TM,SF,56.0,9.0,1042.0,175.0,377.0,0.464,80.0,224.0,0.357,95.0,153.0,0.621,0.57,73.0,89.0,0.82,26.0,103.0,129.0,89.0,16.0,9.0,43.0,59.0,503.0,0.0,
233.0,Corey Kispert,26.0,WAS,SF,19.0,2.0,370.0,59.0,119.0,0.496,30.0,76.0,0.395,29.0,43.0,0.674,0.622,26.0,34.0,0.765,6.0,38.0,44.0,32.0,8.0,3.0,14.0,20.0,174.0,0.0,
233.0,Corey Kispert,26.0,ATL,SF,37.0,7.0,672.0,116.0,258.0,0.45,50.0,148.0,0.338,66.0,110.0,0.6,0.547,47.0,55.0,0.855,20.0,65.0,85.0,57.0,8.0,6.0,29.0,39.0,329.0,0.0,
234.0,Jaxson Hayes,25.0,LAL,C,66.0,9.0,1207.0,198.0,262.0,0.756,3.0,3.0,1.0,195.0,259.0,0.753,0.761,98.0,150.0,0.653,99.0,172.0,271.0,59.0,29.0,52.0,31.0,127.0,497.0,0.0,
235.0,Herbert Jones,27.0,NOP,SF,56.0,56.0,1588.0,183.0,478.0,0.383,80.0,259.0,0.309,103.0,219.0,0.47,0.467,50.0,62.0,0.806,47.0,143.0,190.0,155.0,88.0,27.0,73.0,177.0,496.0,0.0,
236.0,Derrick Jones Jr.,28.0,LAC,SF,48.0,43.0,1305.0,186.0,370.0,0.503,53.0,149.0,0.356,133.0,221.0,0.602,0.574,69.0,91.0,0.758,59.0,108.0,167.0,68.0,44.0,49.0,37.0,98.0,494.0,0.0,
237.0,Nolan Traoré,19.0,BRK,PG,55.0,31.0,1227.0,177.0,465.0,0.381,60.0,183.0,0.328,117.0,282.0,0.415,0.445,71.0,91.0,0.78,13.0,82.0,95.0,213.0,42.0,22.0,128.0,119.0,485.0,0.0,
238.0,Patrick Williams,24.0,CHI,PF,70.0,5.0,1411.0,170.0,453.0,0.375,91.0,259.0,0.351,79.0,194.0,0.407,0.476,53.0,74.0,0.716,49.0,158.0,207.0,100.0,45.0,25.0,73.0,89.0,484.0,0.0,
239.0,Collin Murray-Boyles,20.0,TOR,PF,56.0,22.0,1232.0,198.0,342.0,0.579,17.0,50.0,0.34,181.0,292.0,0.62,0.604,69.0,106.0,0.651,133.0,150.0,283.0,104.0,52.0,53.0,59.0,142.0,482.0,0.0,
240.0,Jose Alvarado,27.0,2TM,PG,67.0,2.0,1318.0,177.0,427.0,0.415,96.0,275.0,0.349,81.0,152.0,0.533,0.527,32.0,40.0,0.8,24.0,137.0,161.0,225.0,64.0,7.0,75.0,126.0,482.0,0.0,
240.0,Jose Alvarado,27.0,NOP,PG,41.0,0.0,896.0,117.0,280.0,0.418,70.0,193.0,0.363,47.0,87.0,0.54,0.543,20.0,24.0,0.833,16.0,98.0,114.0,128.0,37.0,4.0,47.0,80.0,324.0,0.0,
240.0,Jose Alvarado,27.0,NYK,PG,26.0,2.0,422.0,60.0,147.0,0.408,26.0,82.0,0.317,34.0,65.0,0.523,0.497,12.0,16.0,0.75,8.0,39.0,47.0,97.0,27.0,3.0,28.0,46.0,158.0,0.0,
241.0,Kobe Sanders,23.0,LAC,SG,66.0,16.0,1317.0,174.0,372.0,0.468,79.0,190.0,0.416,95.0,182.0,0.522,0.574,53.0,65.0,0.815,28.0,122.0,150.0,106.0,49.0,10.0,80.0,140.0,480.0,0.0,
242.0,Jakob Poeltl,30.0,TOR,C,44.0,42.0,1110.0,210.0,302.0,0.695,0.0,0.0,,210.0,302.0,0.695,0.695,58.0,93.0,0.624,113.0,202.0,315.0,90.0,37.0,31.0,52.0,140.0,478.0,0.0,
243.0,Keon Ellis,26.0,2TM,SG,71.0,11.0,1460.0,168.0,380.0,0.442,91.0,249.0,0.365,77.0,131.0,0.588,0.562,51.0,70.0,0.729,38.0,94.0,132.0,72.0,83.0,46.0,40.0,133.0,478.0,0.0,
243.0,Keon Ellis,26.0,SAC,SG,43.0,5.0,758.0,83.0,209.0,0.397,53.0,144.0,0.368,30.0,65.0,0.462,0.524,20.0,32.0,0.625,15.0,40.0,55.0,26.0,46.0,22.0,21.0,69.0,239.0,0.0,
243.0,Keon Ellis,26.0,CLE,SG,28.0,6.0,702.0,85.0,171.0,0.497,38.0,105.0,0.362,47.0,66.0,0.712,0.608,31.0,38.0,0.816,23.0,54.0,77.0,46.0,37.0,24.0,19.0,64.0,239.0,0.0,
244.0,Paul Reed,26.0,DET,C,63.0,10.0,869.0,196.0,324.0,0.605,13.0,39.0,0.333,183.0,285.0,0.642,0.625,69.0,106.0,0.651,125.0,156.0,281.0,77.0,54.0,57.0,57.0,119.0,474.0,0.0,
245.0,Miles McBride,25.0,NYK,SG,40.0,14.0,1056.0,163.0,389.0,0.419,108.0,264.0,0.409,55.0,125.0,0.44,0.558,36.0,45.0,0.8,22.0,75.0,97.0,105.0,34.0,9.0,33.0,69.0,470.0,0.0,
246.0,Svi Mykhailiuk,28.0,UTA,SF,50.0,41.0,1156.0,173.0,362.0,0.478,98.0,240.0,0.408,75.0,122.0,0.615,0.613,25.0,28.0,0.893,36.0,88.0,124.0,93.0,26.0,3.0,42.0,63.0,469.0,0.0,
247.0,Jaylin Williams,23.0,OKC,PF,65.0,11.0,1277.0,149.0,352.0,0.423,98.0,256.0,0.383,51.0,96.0,0.531,0.563,73.0,92.0,0.793,32.0,326.0,358.0,158.0,31.0,42.0,67.0,127.0,469.0,0.0,
248.0,Landry Shamet,28.0,NYK,SG,50.0,12.0,1143.0,156.0,357.0,0.437,101.0,258.0,0.391,55.0,99.0,0.556,0.578,54.0,76.0,0.711,23.0,68.0,91.0,71.0,30.0,9.0,30.0,76.0,467.0,0.0,
249.0,Pat Spencer,29.0,GSW,PG,64.0,14.0,1196.0,182.0,425.0,0.428,59.0,163.0,0.362,123.0,262.0,0.469,0.498,44.0,57.0,0.772,50.0,104.0,154.0,225.0,48.0,5.0,84.0,72.0,467.0,0.0,
250.0,Ben Sheppard,24.0,IND,SG,65.0,20.0,1390.0,168.0,387.0,0.434,84.0,232.0,0.362,84.0,155.0,0.542,0.543,39.0,51.0,0.765,43.0,152.0,195.0,114.0,39.0,6.0,41.0,114.0,459.0,0.0,
251.0,Terance Mann,29.0,BRK,SG,63.0,51.0,1529.0,168.0,368.0,0.457,56.0,154.0,0.364,112.0,214.0,0.523,0.533,63.0,80.0,0.788,70.0,130.0,200.0,190.0,41.0,15.0,71.0,155.0,455.0,0.0,
252.0,Jusuf Nurkić,31.0,UTA,C,41.0,36.0,1083.0,180.0,358.0,0.503,25.0,71.0,0.352,155.0,287.0,0.54,0.538,62.0,113.0,0.549,106.0,319.0,425.0,196.0,52.0,22.0,101.0,134.0,447.0,3.0,
253.0,Gradey Dick,22.0,TOR,SG,74.0,1.0,1050.0,157.0,376.0,0.418,55.0,185.0,0.297,102.0,191.0,0.534,0.491,76.0,87.0,0.874,42.0,105.0,147.0,50.0,43.0,7.0,43.0,96.0,445.0,0.0,
254.0,Luke Kornet,30.0,SAS,C,67.0,25.0,1412.0,174.0,270.0,0.644,0.0,0.0,,174.0,270.0,0.644,0.644,94.0,114.0,0.825,179.0,228.0,407.0,125.0,31.0,65.0,27.0,118.0,442.0,0.0,
255.0,Will Richard,23.0,GSW,SG,67.0,21.0,1354.0,162.0,342.0,0.474,71.0,208.0,0.341,91.0,134.0,0.679,0.577,46.0,54.0,0.852,65.0,103.0,168.0,92.0,79.0,8.0,53.0,129.0,441.0,0.0,
256.0,Tristan Vukcevic,22.0,WAS,C,49.0,12.0,671.0,152.0,317.0,0.479,50.0,144.0,0.347,102.0,173.0,0.59,0.558,87.0,111.0,0.784,32.0,115.0,147.0,55.0,23.0,33.0,62.0,82.0,441.0,0.0,
257.0,Taylor Hendricks,22.0,2TM,PF,59.0,17.0,1118.0,163.0,355.0,0.459,63.0,184.0,0.342,100.0,171.0,0.585,0.548,49.0,72.0,0.681,65.0,156.0,221.0,55.0,50.0,30.0,50.0,99.0,438.0,0.0,
257.0,Taylor Hendricks,22.0,UTA,PF,33.0,6.0,492.0,58.0,128.0,0.453,24.0,70.0,0.343,34.0,58.0,0.586,0.547,23.0,32.0,0.719,29.0,70.0,99.0,24.0,13.0,8.0,20.0,40.0,163.0,0.0,
257.0,Taylor Hendricks,22.0,MEM,PF,26.0,11.0,626.0,105.0,227.0,0.463,39.0,114.0,0.342,66.0,113.0,0.584,0.548,26.0,40.0,0.65,36.0,86.0,122.0,31.0,37.0,22.0,30.0,59.0,275.0,0.0,
258.0,Isaiah Hartenstein,27.0,OKC,C,47.0,46.0,1137.0,184.0,296.0,0.622,0.0,7.0,0.0,184.0,289.0,0.637,0.622,64.0,105.0,0.61,149.0,294.0,443.0,166.0,48.0,36.0,82.0,118.0,432.0,1.0,
259.0,Sion James,23.0,CHO,SG,80.0,19.0,1805.0,134.0,360.0,0.372,81.0,228.0,0.355,53.0,132.0,0.402,0.485,82.0,98.0,0.837,49.0,230.0,279.0,161.0,51.0,20.0,62.0,146.0,431.0,0.0,
260.0,Caris LeVert,31.0,DET,SG,58.0,0.0,1126.0,160.0,381.0,0.42,59.0,178.0,0.331,101.0,203.0,0.498,0.497,52.0,78.0,0.667,21.0,94.0,115.0,156.0,49.0,40.0,80.0,89.0,431.0,0.0,
261.0,Micah Potter,27.0,IND,C,45.0,5.0,850.0,140.0,270.0,0.519,65.0,152.0,0.428,75.0,118.0,0.636,0.639,85.0,101.0,0.842,55.0,157.0,212.0,67.0,19.0,14.0,40.0,78.0,430.0,0.0,
262.0,Kentavious Caldwell-Pope,32.0,MEM,SG,51.0,14.0,1088.0,150.0,366.0,0.41,55.0,174.0,0.316,95.0,192.0,0.495,0.485,73.0,80.0,0.913,20.0,105.0,125.0,139.0,43.0,8.0,61.0,57.0,428.0,0.0,
263.0,Jonathan Kuminga,23.0,2TM,PF,35.0,14.0,807.0,153.0,327.0,0.468,35.0,99.0,0.354,118.0,228.0,0.518,0.521,82.0,115.0,0.713,48.0,149.0,197.0,82.0,20.0,11.0,67.0,54.0,423.0,0.0,
263.0,Jonathan Kuminga,23.0,GSW,PF,20.0,13.0,476.0,88.0,194.0,0.454,17.0,53.0,0.321,71.0,141.0,0.504,0.497,49.0,66.0,0.742,29.0,88.0,117.0,50.0,8.0,6.0,46.0,33.0,242.0,0.0,
263.0,Jonathan Kuminga,23.0,ATL,PF,15.0,1.0,331.0,65.0,133.0,0.489,18.0,46.0,0.391,47.0,87.0,0.54,0.556,33.0,49.0,0.673,19.0,61.0,80.0,32.0,12.0,5.0,21.0,21.0,181.0,0.0,
264.0,Quenton Jackson,27.0,IND,PG,47.0,17.0,841.0,141.0,298.0,0.473,39.0,106.0,0.368,102.0,192.0,0.531,0.539,90.0,110.0,0.818,26.0,84.0,110.0,126.0,27.0,6.0,59.0,78.0,411.0,0.0,
265.0,Ousmane Dieng,22.0,2TM,C,55.0,18.0,1021.0,159.0,374.0,0.425,63.0,175.0,0.36,96.0,199.0,0.482,0.509,27.0,38.0,0.711,29.0,138.0,167.0,116.0,24.0,17.0,65.0,75.0,408.0,0.0,
265.0,Ousmane Dieng,22.0,OKC,C,27.0,0.0,295.0,38.0,91.0,0.418,18.0,49.0,0.367,20.0,42.0,0.476,0.516,6.0,6.0,1.0,8.0,34.0,42.0,28.0,2.0,7.0,8.0,22.0,100.0,0.0,
265.0,Ousmane Dieng,22.0,MIL,C,28.0,18.0,726.0,121.0,283.0,0.428,45.0,126.0,0.357,76.0,157.0,0.484,0.507,21.0,32.0,0.656,21.0,104.0,125.0,88.0,22.0,10.0,57.0,53.0,308.0,0.0,
266.0,Anthony Davis,32.0,DAL,PF,20.0,20.0,626.0,169.0,334.0,0.506,10.0,37.0,0.27,159.0,297.0,0.535,0.521,59.0,81.0,0.728,62.0,159.0,221.0,56.0,22.0,33.0,41.0,42.0,407.0,0.0,
267.0,Scoot Henderson,21.0,POR,PG,28.0,8.0,690.0,134.0,324.0,0.414,54.0,152.0,0.355,80.0,172.0,0.465,0.497,81.0,97.0,0.835,17.0,60.0,77.0,105.0,23.0,9.0,68.0,79.0,403.0,0.0,
268.0,Drake Powell,20.0,BRK,SG,62.0,23.0,1294.0,141.0,348.0,0.405,51.0,178.0,0.287,90.0,170.0,0.529,0.478,67.0,75.0,0.893,21.0,89.0,110.0,91.0,35.0,14.0,58.0,89.0,400.0,0.0,
269.0,Dru Smith,28.0,MIA,SG,70.0,1.0,1141.0,135.0,325.0,0.415,38.0,129.0,0.295,97.0,196.0,0.495,0.474,87.0,105.0,0.829,62.0,111.0,173.0,180.0,100.0,21.0,55.0,109.0,395.0,0.0,
270.0,Ja Morant,26.0,MEM,PG,20.0,20.0,569.0,132.0,322.0,0.41,20.0,85.0,0.235,112.0,237.0,0.473,0.441,105.0,117.0,0.897,8.0,57.0,65.0,161.0,20.0,6.0,71.0,40.0,389.0,0.0,
271.0,Baylor Scheierman,25.0,BOS,SG,75.0,19.0,1366.0,140.0,307.0,0.456,89.0,224.0,0.397,51.0,83.0,0.614,0.601,19.0,22.0,0.864,57.0,203.0,260.0,107.0,40.0,5.0,42.0,103.0,388.0,0.0,
272.0,Ryan Dunn,23.0,PHO,SF,68.0,14.0,1302.0,156.0,348.0,0.448,54.0,164.0,0.329,102.0,184.0,0.554,0.526,20.0,42.0,0.476,97.0,187.0,284.0,96.0,59.0,28.0,53.0,129.0,386.0,0.0,
273.0,Sidy Cissoko,21.0,POR,SF,73.0,26.0,1431.0,133.0,334.0,0.398,59.0,198.0,0.298,74.0,136.0,0.544,0.487,56.0,86.0,0.651,62.0,104.0,166.0,109.0,51.0,25.0,70.0,182.0,381.0,0.0,
274.0,Andre Drummond,32.0,PHI,C,61.0,25.0,1180.0,150.0,317.0,0.473,30.0,86.0,0.349,120.0,231.0,0.519,0.521,51.0,82.0,0.622,187.0,317.0,504.0,76.0,36.0,48.0,61.0,119.0,381.0,0.0,
275.0,Javon Small,23.0,MEM,PG,40.0,12.0,804.0,127.0,269.0,0.472,58.0,132.0,0.439,69.0,137.0,0.504,0.58,66.0,80.0,0.825,35.0,90.0,125.0,150.0,32.0,9.0,54.0,65.0,378.0,0.0,
276.0,Robert Williams,28.0,POR,C,57.0,1.0,968.0,170.0,239.0,0.711,7.0,21.0,0.333,163.0,218.0,0.748,0.726,31.0,53.0,0.585,136.0,259.0,395.0,59.0,32.0,85.0,48.0,71.0,378.0,0.0,
277.0,Yves Missi,21.0,NOP,C,66.0,14.0,1297.0,160.0,294.0,0.544,0.0,1.0,0.0,160.0,293.0,0.546,0.544,57.0,102.0,0.559,183.0,202.0,385.0,84.0,20.0,101.0,54.0,113.0,377.0,0.0,
278.0,Guerschon Yabusele,30.0,2TM,C,67.0,19.0,1007.0,125.0,312.0,0.401,69.0,196.0,0.352,56.0,116.0,0.483,0.511,54.0,72.0,0.75,56.0,178.0,234.0,63.0,26.0,16.0,41.0,81.0,373.0,0.0,
278.0,Guerschon Yabusele,30.0,NYK,C,41.0,0.0,366.0,42.0,107.0,0.393,20.0,68.0,0.294,22.0,39.0,0.564,0.486,8.0,12.0,0.667,24.0,63.0,87.0,18.0,6.0,5.0,15.0,36.0,112.0,0.0,
278.0,Guerschon Yabusele,30.0,CHI,C,26.0,19.0,641.0,83.0,205.0,0.405,49.0,128.0,0.383,34.0,77.0,0.442,0.524,46.0,60.0,0.767,32.0,115.0,147.0,45.0,20.0,11.0,26.0,45.0,261.0,0.0,
279.0,Rob Dillingham,21.0,2TM,PG,63.0,0.0,913.0,148.0,383.0,0.386,40.0,123.0,0.325,108.0,260.0,0.415,0.439,35.0,47.0,0.745,18.0,104.0,122.0,138.0,44.0,6.0,93.0,109.0,371.0,0.0,
279.0,Rob Dillingham,21.0,MIN,PG,35.0,0.0,326.0,47.0,141.0,0.333,12.0,33.0,0.364,35.0,108.0,0.324,0.376,15.0,20.0,0.75,5.0,36.0,41.0,58.0,19.0,3.0,36.0,36.0,121.0,0.0,
279.0,Rob Dillingham,21.0,CHI,PG,28.0,0.0,587.0,101.0,242.0,0.417,28.0,90.0,0.311,73.0,152.0,0.48,0.475,20.0,27.0,0.741,13.0,68.0,81.0,80.0,25.0,3.0,57.0,73.0,250.0,0.0,
280.0,Thomas Bryant,28.0,CLE,C,60.0,1.0,732.0,135.0,267.0,0.506,47.0,131.0,0.359,88.0,136.0,0.647,0.594,53.0,66.0,0.803,59.0,146.0,205.0,33.0,18.0,26.0,28.0,75.0,370.0,0.0,
281.0,Isaiah Jackson,24.0,2TM,C,55.0,14.0,908.0,151.0,237.0,0.637,0.0,3.0,0.0,151.0,234.0,0.645,0.637,68.0,105.0,0.648,113.0,177.0,290.0,52.0,36.0,49.0,58.0,147.0,370.0,0.0,
281.0,Isaiah Jackson,24.0,IND,C,38.0,14.0,638.0,96.0,165.0,0.582,0.0,1.0,0.0,96.0,164.0,0.585,0.582,51.0,74.0,0.689,86.0,125.0,211.0,31.0,26.0,29.0,43.0,108.0,243.0,0.0,
281.0,Isaiah Jackson,24.0,LAC,C,17.0,0.0,270.0,55.0,72.0,0.764,0.0,2.0,0.0,55.0,70.0,0.786,0.764,17.0,31.0,0.548,27.0,52.0,79.0,21.0,10.0,20.0,15.0,39.0,127.0,0.0,
282.0,Ryan Nembhard,22.0,DAL,PG,58.0,25.0,1102.0,151.0,366.0,0.413,46.0,129.0,0.357,105.0,237.0,0.443,0.475,21.0,27.0,0.778,11.0,112.0,123.0,286.0,23.0,2.0,81.0,81.0,369.0,0.0,
283.0,Justin Edwards,22.0,PHI,SF,62.0,12.0,938.0,136.0,303.0,0.449,62.0,171.0,0.363,74.0,132.0,0.561,0.551,33.0,39.0,0.846,25.0,67.0,92.0,77.0,50.0,11.0,34.0,90.0,367.0,0.0,
284.0,Julian Strawther,23.0,DEN,SG,55.0,12.0,793.0,132.0,283.0,0.466,50.0,135.0,0.37,82.0,148.0,0.554,0.555,52.0,64.0,0.813,12.0,92.0,104.0,55.0,22.0,5.0,32.0,69.0,366.0,0.0,
285.0,Josh Minott,23.0,2TM,PF,49.0,11.0,834.0,126.0,252.0,0.5,64.0,153.0,0.418,62.0,99.0,0.626,0.627,48.0,61.0,0.787,48.0,110.0,158.0,46.0,44.0,24.0,43.0,73.0,364.0,0.0,
285.0,Josh Minott,23.0,BOS,PF,33.0,10.0,526.0,69.0,136.0,0.507,34.0,77.0,0.442,35.0,59.0,0.593,0.632,20.0,26.0,0.769,40.0,78.0,118.0,33.0,24.0,12.0,20.0,51.0,192.0,0.0,
285.0,Josh Minott,23.0,BRK,SF,16.0,1.0,308.0,57.0,116.0,0.491,30.0,76.0,0.395,27.0,40.0,0.675,0.621,28.0,35.0,0.8,8.0,32.0,40.0,13.0,20.0,12.0,23.0,22.0,172.0,0.0,
286.0,Buddy Hield,33.0,2TM,SG,50.0,3.0,798.0,131.0,309.0,0.424,67.0,201.0,0.333,64.0,108.0,0.593,0.532,30.0,37.0,0.811,27.0,86.0,113.0,68.0,38.0,9.0,47.0,57.0,359.0,0.0,
286.0,Buddy Hield,33.0,GSW,SG,44.0,3.0,768.0,130.0,300.0,0.433,67.0,195.0,0.344,63.0,105.0,0.6,0.545,27.0,34.0,0.794,26.0,82.0,108.0,66.0,37.0,9.0,42.0,56.0,354.0,0.0,
286.0,Buddy Hield,33.0,ATL,SG,6.0,0.0,30.0,1.0,9.0,0.111,0.0,6.0,0.0,1.0,3.0,0.333,0.111,3.0,3.0,1.0,1.0,4.0,5.0,2.0,1.0,0.0,5.0,1.0,5.0,0.0,
287.0,Al Horford,39.0,GSW,C,43.0,12.0,933.0,132.0,311.0,0.424,71.0,197.0,0.36,61.0,114.0,0.535,0.539,22.0,26.0,0.846,44.0,171.0,215.0,112.0,30.0,50.0,41.0,50.0,357.0,0.0,
288.0,Goga Bitadze,26.0,ORL,C,62.0,3.0,939.0,144.0,216.0,0.667,2.0,11.0,0.182,142.0,205.0,0.693,0.671,65.0,92.0,0.707,130.0,172.0,302.0,83.0,36.0,59.0,42.0,130.0,355.0,0.0,
289.0,Spencer Jones,24.0,DEN,SF,64.0,37.0,1417.0,132.0,262.0,0.504,57.0,144.0,0.396,75.0,118.0,0.636,0.613,31.0,51.0,0.608,75.0,134.0,209.0,51.0,52.0,29.0,31.0,175.0,352.0,0.0,
290.0,Karlo Matković,24.0,NOP,PF,62.0,2.0,912.0,142.0,235.0,0.604,38.0,90.0,0.422,104.0,145.0,0.717,0.685,30.0,41.0,0.732,72.0,157.0,229.0,50.0,25.0,54.0,34.0,105.0,352.0,0.0,
291.0,Jordan Walsh,21.0,BOS,PF,66.0,23.0,1157.0,132.0,254.0,0.52,45.0,115.0,0.391,87.0,139.0,0.626,0.608,40.0,53.0,0.755,84.0,178.0,262.0,49.0,47.0,29.0,34.0,131.0,349.0,0.0,
292.0,Alex Caruso,31.0,OKC,SG,56.0,0.0,1020.0,127.0,300.0,0.423,53.0,181.0,0.293,74.0,119.0,0.622,0.512,41.0,51.0,0.804,28.0,127.0,155.0,110.0,72.0,17.0,48.0,68.0,348.0,0.0,
293.0,Josh Okogie,27.0,HOU,SG,76.0,30.0,1305.0,124.0,285.0,0.435,61.0,155.0,0.394,63.0,130.0,0.485,0.542,39.0,67.0,0.582,79.0,116.0,195.0,65.0,62.0,13.0,40.0,105.0,348.0,0.0,
294.0,Jayson Tatum,27.0,BOS,PF,16.0,16.0,522.0,118.0,287.0,0.411,47.0,143.0,0.329,71.0,144.0,0.493,0.493,65.0,79.0,0.823,8.0,152.0,160.0,85.0,22.0,3.0,39.0,26.0,348.0,1.0,
295.0,Nikola Jović,22.0,MIA,PF,47.0,1.0,808.0,115.0,314.0,0.366,45.0,167.0,0.269,70.0,147.0,0.476,0.438,69.0,101.0,0.683,25.0,128.0,153.0,102.0,26.0,17.0,65.0,65.0,344.0,0.0,
296.0,Nae'Qwan Tomlin,25.0,CLE,PF,62.0,2.0,948.0,139.0,294.0,0.473,23.0,107.0,0.215,116.0,187.0,0.62,0.512,43.0,57.0,0.754,79.0,94.0,173.0,47.0,40.0,33.0,27.0,121.0,344.0,0.0,
297.0,Trendon Watford,25.0,PHI,PF,52.0,7.0,857.0,137.0,267.0,0.513,10.0,50.0,0.2,127.0,217.0,0.585,0.532,60.0,77.0,0.779,38.0,137.0,175.0,131.0,16.0,21.0,63.0,105.0,344.0,1.0,
298.0,Bryce McGowens,23.0,NOP,SG,42.0,13.0,880.0,114.0,237.0,0.481,38.0,93.0,0.409,76.0,144.0,0.528,0.561,74.0,95.0,0.779,12.0,76.0,88.0,62.0,27.0,9.0,17.0,88.0,340.0,0.0,
299.0,Mitchell Robinson,27.0,NYK,C,60.0,16.0,1175.0,149.0,206.0,0.723,0.0,0.0,,149.0,206.0,0.723,0.723,42.0,103.0,0.408,252.0,273.0,525.0,52.0,56.0,70.0,41.0,127.0,340.0,0.0,
300.0,Dean Wade,29.0,CLE,PF,58.0,37.0,1300.0,121.0,277.0,0.437,70.0,195.0,0.359,51.0,82.0,0.622,0.563,27.0,38.0,0.711,53.0,191.0,244.0,88.0,44.0,23.0,16.0,89.0,339.0,0.0,
301.0,Adem Bona,22.0,PHI,C,69.0,16.0,1198.0,128.0,214.0,0.598,2.0,6.0,0.333,126.0,208.0,0.606,0.603,79.0,111.0,0.712,126.0,173.0,299.0,31.0,29.0,82.0,55.0,151.0,337.0,0.0,
302.0,Mouhamed Gueye,23.0,ATL,PF,76.0,8.0,1167.0,129.0,286.0,0.451,39.0,127.0,0.307,90.0,159.0,0.566,0.519,40.0,62.0,0.645,88.0,184.0,272.0,68.0,61.0,38.0,33.0,126.0,337.0,0.0,
303.0,Jamir Watkins,24.0,WAS,SG,48.0,6.0,967.0,123.0,274.0,0.449,41.0,145.0,0.283,82.0,129.0,0.636,0.524,50.0,72.0,0.694,48.0,137.0,185.0,63.0,52.0,24.0,38.0,126.0,337.0,0.0,
304.0,Kenrich Williams,31.0,OKC,PF,54.0,2.0,791.0,128.0,262.0,0.489,47.0,117.0,0.402,81.0,145.0,0.559,0.578,32.0,50.0,0.64,49.0,117.0,166.0,70.0,29.0,5.0,40.0,55.0,335.0,0.0,
305.0,Leonard Miller,22.0,2TM,SF,44.0,10.0,645.0,132.0,240.0,0.55,29.0,91.0,0.319,103.0,149.0,0.691,0.61,36.0,48.0,0.75,49.0,118.0,167.0,34.0,14.0,13.0,30.0,58.0,329.0,0.0,
305.0,Leonard Miller,22.0,MIN,SF,19.0,0.0,95.0,18.0,33.0,0.545,1.0,12.0,0.083,17.0,21.0,0.81,0.561,7.0,11.0,0.636,7.0,18.0,25.0,5.0,4.0,0.0,9.0,12.0,44.0,0.0,
305.0,Leonard Miller,22.0,CHI,SF,25.0,10.0,550.0,114.0,207.0,0.551,28.0,79.0,0.354,86.0,128.0,0.672,0.618,29.0,37.0,0.784,42.0,100.0,142.0,29.0,10.0,13.0,21.0,46.0,285.0,0.0,
306.0,Jevon Carter,30.0,2TM,PG,51.0,1.0,831.0,119.0,299.0,0.398,76.0,211.0,0.36,43.0,88.0,0.489,0.525,15.0,19.0,0.789,14.0,72.0,86.0,85.0,38.0,10.0,34.0,56.0,329.0,0.0,
306.0,Jevon Carter,30.0,CHI,PG,23.0,0.0,254.0,41.0,103.0,0.398,32.0,78.0,0.41,9.0,25.0,0.36,0.553,10.0,10.0,1.0,5.0,21.0,26.0,19.0,13.0,2.0,11.0,19.0,124.0,0.0,
306.0,Jevon Carter,30.0,ORL,PG,28.0,1.0,577.0,78.0,196.0,0.398,44.0,133.0,0.331,34.0,63.0,0.54,0.51,5.0,9.0,0.556,9.0,51.0,60.0,66.0,25.0,8.0,23.0,37.0,205.0,0.0,
307.0,Kobe Brown,26.0,2TM,PF,59.0,8.0,901.0,117.0,251.0,0.466,47.0,128.0,0.367,70.0,123.0,0.569,0.56,45.0,56.0,0.804,66.0,109.0,175.0,75.0,20.0,12.0,49.0,67.0,326.0,0.0,
307.0,Kobe Brown,26.0,LAC,PF,34.0,0.0,295.0,33.0,84.0,0.393,13.0,49.0,0.265,20.0,35.0,0.571,0.47,21.0,26.0,0.808,18.0,35.0,53.0,27.0,9.0,2.0,15.0,16.0,100.0,0.0,
307.0,Kobe Brown,26.0,IND,PF,25.0,8.0,606.0,84.0,167.0,0.503,34.0,79.0,0.43,50.0,88.0,0.568,0.605,24.0,30.0,0.8,48.0,74.0,122.0,48.0,11.0,10.0,34.0,51.0,226.0,0.0,
308.0,Keegan Murray,25.0,SAC,PF,23.0,22.0,793.0,126.0,300.0,0.42,31.0,112.0,0.277,95.0,188.0,0.505,0.472,38.0,49.0,0.776,33.0,99.0,132.0,38.0,24.0,36.0,27.0,42.0,321.0,0.0,
309.0,Jalen Wilson,25.0,BRK,PF,52.0,2.0,798.0,102.0,260.0,0.392,53.0,151.0,0.351,49.0,109.0,0.45,0.494,64.0,88.0,0.727,13.0,86.0,99.0,40.0,20.0,2.0,34.0,78.0,321.0,0.0,
310.0,Daeqwon Plowden,27.0,SAC,SG,30.0,5.0,785.0,111.0,258.0,0.43,58.0,173.0,0.335,53.0,85.0,0.624,0.543,36.0,43.0,0.837,29.0,58.0,87.0,36.0,21.0,5.0,21.0,72.0,316.0,0.0,
311.0,Jaden Ivey,23.0,2TM,SG,37.0,5.0,670.0,114.0,256.0,0.445,50.0,134.0,0.373,64.0,122.0,0.525,0.543,38.0,47.0,0.809,24.0,67.0,91.0,68.0,23.0,14.0,41.0,53.0,316.0,0.0,
311.0,Jaden Ivey,23.0,DET,SG,33.0,2.0,555.0,99.0,220.0,0.45,42.0,113.0,0.372,57.0,107.0,0.533,0.545,30.0,38.0,0.789,19.0,53.0,72.0,52.0,15.0,12.0,35.0,44.0,270.0,0.0,
311.0,Jaden Ivey,23.0,CHI,SG,4.0,3.0,115.0,15.0,36.0,0.417,8.0,21.0,0.381,7.0,15.0,0.467,0.528,8.0,9.0,0.889,5.0,14.0,19.0,16.0,8.0,2.0,6.0,9.0,46.0,0.0,
312.0,Ochai Agbaji,25.0,2TM,SG,62.0,13.0,973.0,122.0,280.0,0.436,34.0,128.0,0.266,88.0,152.0,0.579,0.496,36.0,43.0,0.837,46.0,95.0,141.0,47.0,24.0,17.0,31.0,93.0,314.0,0.0,
312.0,Ochai Agbaji,25.0,TOR,SG,42.0,13.0,650.0,72.0,170.0,0.424,12.0,65.0,0.185,60.0,105.0,0.571,0.459,25.0,29.0,0.862,33.0,62.0,95.0,30.0,17.0,11.0,19.0,75.0,181.0,0.0,
312.0,Ochai Agbaji,25.0,BRK,SG,20.0,0.0,323.0,50.0,110.0,0.455,22.0,63.0,0.349,28.0,47.0,0.596,0.555,11.0,14.0,0.786,13.0,33.0,46.0,17.0,7.0,6.0,12.0,18.0,133.0,0.0,
313.0,Kris Murray,25.0,POR,SF,55.0,15.0,1283.0,122.0,267.0,0.457,31.0,118.0,0.263,91.0,149.0,0.611,0.515,37.0,53.0,0.698,86.0,109.0,195.0,76.0,47.0,22.0,45.0,90.0,312.0,0.0,
314.0,Jericho Sims,27.0,MIL,C,65.0,18.0,1256.0,134.0,172.0,0.779,0.0,0.0,,134.0,172.0,0.779,0.779,40.0,65.0,0.615,137.0,216.0,353.0,98.0,17.0,15.0,72.0,140.0,308.0,1.0,
315.0,Aaron Holiday,29.0,HOU,PG,55.0,1.0,755.0,103.0,248.0,0.415,65.0,166.0,0.392,38.0,82.0,0.463,0.546,34.0,39.0,0.872,12.0,42.0,54.0,58.0,25.0,5.0,37.0,71.0,305.0,0.0,
316.0,Kasparas Jakučionis,19.0,MIA,PG,51.0,11.0,894.0,95.0,228.0,0.417,61.0,149.0,0.409,34.0,79.0,0.43,0.55,53.0,60.0,0.883,40.0,90.0,130.0,128.0,31.0,7.0,47.0,95.0,304.0,0.0,
317.0,Devin Carter,23.0,SAC,PG,36.0,10.0,631.0,107.0,260.0,0.412,24.0,100.0,0.24,83.0,160.0,0.519,0.458,64.0,85.0,0.753,28.0,82.0,110.0,89.0,30.0,7.0,48.0,47.0,302.0,0.0,
318.0,Sharife Cooper,24.0,WAS,PG,39.0,1.0,651.0,114.0,229.0,0.498,26.0,71.0,0.366,88.0,158.0,0.557,0.555,48.0,58.0,0.828,16.0,67.0,83.0,111.0,15.0,5.0,58.0,58.0,302.0,0.0,
319.0,Ben Saraf,19.0,BRK,SG,42.0,9.0,849.0,108.0,278.0,0.388,16.0,80.0,0.2,92.0,198.0,0.465,0.417,70.0,84.0,0.833,18.0,68.0,86.0,138.0,35.0,7.0,94.0,74.0,302.0,0.0,
320.0,Jett Howard,22.0,ORL,SF,55.0,0.0,695.0,105.0,251.0,0.418,54.0,145.0,0.372,51.0,106.0,0.481,0.526,37.0,39.0,0.949,23.0,64.0,87.0,45.0,10.0,11.0,15.0,66.0,301.0,0.0,
321.0,Domantas Sabonis,29.0,SAC,C,19.0,15.0,564.0,120.0,221.0,0.543,5.0,27.0,0.185,115.0,194.0,0.593,0.554,56.0,77.0,0.727,64.0,152.0,216.0,78.0,18.0,4.0,51.0,66.0,301.0,0.0,
322.0,Vince Williams Jr.,25.0,2TM,SG,40.0,12.0,820.0,103.0,292.0,0.353,55.0,177.0,0.311,48.0,115.0,0.417,0.447,39.0,50.0,0.78,39.0,116.0,155.0,166.0,29.0,16.0,70.0,80.0,300.0,0.0,
322.0,Vince Williams Jr.,25.0,MEM,PG,34.0,12.0,736.0,93.0,264.0,0.352,49.0,159.0,0.308,44.0,105.0,0.419,0.445,37.0,46.0,0.804,34.0,102.0,136.0,150.0,27.0,14.0,63.0,71.0,272.0,0.0,
322.0,Vince Williams Jr.,25.0,UTA,SG,6.0,0.0,84.0,10.0,28.0,0.357,6.0,18.0,0.333,4.0,10.0,0.4,0.464,2.0,4.0,0.5,5.0,14.0,19.0,16.0,2.0,2.0,7.0,9.0,28.0,0.0,
323.0,Anthony Gill,33.0,WAS,PF,53.0,6.0,886.0,125.0,202.0,0.619,15.0,45.0,0.333,110.0,157.0,0.701,0.656,32.0,43.0,0.744,57.0,92.0,149.0,68.0,29.0,21.0,34.0,84.0,297.0,0.0,
324.0,Ty Jerome,28.0,MEM,SG,15.0,15.0,339.0,102.0,215.0,0.474,42.0,100.0,0.42,60.0,115.0,0.522,0.572,49.0,56.0,0.875,11.0,31.0,42.0,85.0,16.0,4.0,27.0,31.0,295.0,0.0,
325.0,Rayan Rupert,21.0,2TM,SG,62.0,7.0,991.0,108.0,273.0,0.396,41.0,120.0,0.342,67.0,153.0,0.438,0.471,38.0,50.0,0.76,42.0,122.0,164.0,59.0,50.0,7.0,46.0,116.0,295.0,1.0,
325.0,Rayan Rupert,21.0,POR,SG,48.0,0.0,577.0,53.0,147.0,0.361,22.0,71.0,0.31,31.0,76.0,0.408,0.435,9.0,14.0,0.643,23.0,63.0,86.0,34.0,29.0,2.0,28.0,60.0,137.0,0.0,
325.0,Rayan Rupert,21.0,MEM,SG,14.0,7.0,414.0,55.0,126.0,0.437,19.0,49.0,0.388,36.0,77.0,0.468,0.512,29.0,36.0,0.806,19.0,59.0,78.0,25.0,21.0,5.0,18.0,56.0,158.0,1.0,
326.0,Tyrese Martin,26.0,2TM,SG,45.0,6.0,775.0,109.0,277.0,0.394,53.0,165.0,0.321,56.0,112.0,0.5,0.489,19.0,28.0,0.679,34.0,82.0,116.0,78.0,25.0,6.0,40.0,33.0,290.0,0.0,
326.0,Tyrese Martin,26.0,BRK,SG,37.0,6.0,696.0,100.0,255.0,0.392,51.0,152.0,0.336,49.0,103.0,0.476,0.492,19.0,26.0,0.731,32.0,74.0,106.0,69.0,22.0,4.0,33.0,30.0,270.0,0.0,
326.0,Tyrese Martin,26.0,PHI,SG,8.0,0.0,79.0,9.0,22.0,0.409,2.0,13.0,0.154,7.0,9.0,0.778,0.455,0.0,2.0,0.0,2.0,8.0,10.0,9.0,3.0,2.0,7.0,3.0,20.0,0.0,
327.0,Tre Mann,24.0,CHO,PG,51.0,1.0,661.0,108.0,298.0,0.362,50.0,153.0,0.327,58.0,145.0,0.4,0.446,23.0,27.0,0.852,20.0,72.0,92.0,86.0,25.0,5.0,53.0,69.0,289.0,0.0,
328.0,Nicolas Batum,37.0,LAC,PF,72.0,6.0,1267.0,93.0,232.0,0.401,89.0,222.0,0.401,4.0,10.0,0.4,0.593,9.0,11.0,0.818,23.0,158.0,181.0,62.0,47.0,22.0,37.0,96.0,284.0,0.0,
329.0,Hugo González,19.0,BOS,SF,73.0,3.0,1059.0,113.0,239.0,0.473,40.0,112.0,0.357,73.0,127.0,0.575,0.556,13.0,26.0,0.5,62.0,180.0,242.0,39.0,39.0,21.0,38.0,120.0,279.0,0.0,
330.0,Jarred Vanderbilt,26.0,LAL,PF,63.0,3.0,1093.0,108.0,229.0,0.472,29.0,95.0,0.305,79.0,134.0,0.59,0.535,33.0,56.0,0.589,79.0,202.0,281.0,81.0,52.0,18.0,55.0,101.0,278.0,0.0,
331.0,Craig Porter Jr.,25.0,CLE,PG,62.0,2.0,1103.0,111.0,250.0,0.444,32.0,92.0,0.348,79.0,158.0,0.5,0.508,22.0,38.0,0.579,79.0,129.0,208.0,198.0,57.0,37.0,56.0,67.0,276.0,0.0,
332.0,Nick Richards,28.0,2TM,C,48.0,6.0,701.0,103.0,201.0,0.512,5.0,18.0,0.278,98.0,183.0,0.536,0.525,65.0,101.0,0.644,77.0,166.0,243.0,16.0,10.0,32.0,59.0,88.0,276.0,0.0,
332.0,Nick Richards,28.0,PHO,C,28.0,2.0,254.0,35.0,71.0,0.493,0.0,0.0,,35.0,71.0,0.493,0.493,19.0,28.0,0.679,35.0,56.0,91.0,8.0,4.0,14.0,25.0,39.0,89.0,0.0,
332.0,Nick Richards,28.0,CHI,C,20.0,4.0,447.0,68.0,130.0,0.523,5.0,18.0,0.278,63.0,112.0,0.563,0.542,46.0,73.0,0.63,42.0,110.0,152.0,8.0,6.0,18.0,34.0,49.0,187.0,0.0,
333.0,Tyler Kolek,24.0,NYK,PG,62.0,1.0,727.0,108.0,248.0,0.435,44.0,114.0,0.386,64.0,134.0,0.478,0.524,14.0,20.0,0.7,16.0,82.0,98.0,170.0,22.0,4.0,55.0,65.0,274.0,0.0,
334.0,Carter Bryant,20.0,SAS,PF,69.0,0.0,762.0,98.0,247.0,0.397,48.0,145.0,0.331,50.0,102.0,0.49,0.494,29.0,40.0,0.725,35.0,134.0,169.0,40.0,16.0,19.0,30.0,87.0,273.0,0.0,
335.0,Jabari Walker,23.0,PHI,PF,63.0,6.0,754.0,95.0,211.0,0.45,31.0,94.0,0.33,64.0,117.0,0.547,0.524,48.0,64.0,0.75,71.0,119.0,190.0,34.0,23.0,13.0,27.0,101.0,269.0,0.0,
336.0,Trae Young,27.0,2TM,PG,15.0,15.0,384.0,81.0,177.0,0.458,27.0,80.0,0.338,54.0,97.0,0.557,0.534,80.0,97.0,0.825,4.0,26.0,30.0,120.0,13.0,2.0,39.0,33.0,269.0,0.0,
336.0,Trae Young,27.0,ATL,PG,10.0,10.0,280.0,56.0,135.0,0.415,18.0,59.0,0.305,38.0,76.0,0.5,0.481,63.0,73.0,0.863,0.0,15.0,15.0,89.0,10.0,1.0,26.0,20.0,193.0,0.0,
336.0,Trae Young,27.0,WAS,PG,5.0,5.0,104.0,25.0,42.0,0.595,9.0,21.0,0.429,16.0,21.0,0.762,0.702,17.0,24.0,0.708,4.0,11.0,15.0,31.0,3.0,1.0,13.0,13.0,76.0,0.0,
337.0,Jaylen Clark,24.0,MIN,SG,66.0,0.0,845.0,95.0,218.0,0.436,31.0,94.0,0.33,64.0,124.0,0.516,0.507,44.0,67.0,0.657,53.0,63.0,116.0,40.0,46.0,8.0,21.0,84.0,265.0,0.0,
338.0,D'Angelo Russell,29.0,DAL,PG,26.0,3.0,495.0,94.0,232.0,0.405,33.0,112.0,0.295,61.0,120.0,0.508,0.476,43.0,60.0,0.717,8.0,53.0,61.0,104.0,12.0,2.0,49.0,30.0,264.0,0.0,
339.0,Clint Capela,31.0,HOU,C,73.0,2.0,894.0,107.0,214.0,0.5,0.0,0.0,,107.0,214.0,0.5,0.5,41.0,69.0,0.594,152.0,179.0,331.0,49.0,35.0,60.0,41.0,70.0,255.0,0.0,
340.0,Pete Nance,25.0,MIL,PF,47.0,6.0,737.0,100.0,194.0,0.515,50.0,119.0,0.42,50.0,75.0,0.667,0.644,4.0,11.0,0.364,27.0,98.0,125.0,48.0,14.0,14.0,26.0,62.0,254.0,0.0,
341.0,Obi Toppin,27.0,IND,PF,22.0,3.0,386.0,90.0,179.0,0.503,29.0,89.0,0.326,61.0,90.0,0.678,0.584,42.0,46.0,0.913,13.0,84.0,97.0,51.0,12.0,1.0,24.0,27.0,251.0,0.0,
342.0,Kyle Anderson,32.0,3TM,SF,42.0,4.0,820.0,100.0,190.0,0.526,4.0,11.0,0.364,96.0,179.0,0.536,0.537,45.0,63.0,0.714,39.0,105.0,144.0,117.0,43.0,26.0,39.0,93.0,249.0,0.0,
342.0,Kyle Anderson,32.0,UTA,SF,20.0,0.0,401.0,57.0,109.0,0.523,3.0,5.0,0.6,54.0,104.0,0.519,0.537,25.0,38.0,0.658,19.0,47.0,66.0,61.0,23.0,10.0,17.0,46.0,142.0,0.0,
342.0,Kyle Anderson,32.0,MEM,SF,4.0,3.0,89.0,15.0,19.0,0.789,1.0,1.0,1.0,14.0,18.0,0.778,0.816,6.0,8.0,0.75,3.0,11.0,14.0,3.0,6.0,4.0,7.0,12.0,37.0,0.0,
342.0,Kyle Anderson,32.0,MIN,SF,18.0,1.0,330.0,28.0,62.0,0.452,0.0,5.0,0.0,28.0,57.0,0.491,0.452,14.0,17.0,0.824,17.0,47.0,64.0,53.0,14.0,12.0,15.0,35.0,70.0,0.0,
343.0,Kevin Love,37.0,UTA,PF,37.0,5.0,613.0,79.0,199.0,0.397,53.0,142.0,0.373,26.0,57.0,0.456,0.53,37.0,44.0,0.841,55.0,160.0,215.0,67.0,14.0,9.0,30.0,54.0,248.0,0.0,
344.0,Moritz Wagner,28.0,ORL,C,36.0,0.0,427.0,83.0,195.0,0.426,22.0,70.0,0.314,61.0,125.0,0.488,0.482,59.0,72.0,0.819,27.0,88.0,115.0,27.0,15.0,2.0,19.0,58.0,247.0,0.0,
345.0,Josh Green,25.0,CHO,SG,56.0,0.0,887.0,82.0,179.0,0.458,57.0,136.0,0.419,25.0,43.0,0.581,0.617,25.0,28.0,0.893,45.0,55.0,100.0,47.0,35.0,5.0,35.0,64.0,246.0,0.0,
346.0,Grant Williams,27.0,CHO,PF,34.0,3.0,668.0,74.0,174.0,0.425,50.0,128.0,0.391,24.0,46.0,0.522,0.569,44.0,54.0,0.815,41.0,91.0,132.0,54.0,13.0,16.0,31.0,56.0,242.0,0.0,
347.0,Micah Peavy,24.0,NOP,SG,59.0,2.0,836.0,99.0,256.0,0.387,26.0,101.0,0.257,73.0,155.0,0.471,0.438,15.0,21.0,0.714,42.0,69.0,111.0,57.0,42.0,7.0,19.0,85.0,239.0,0.0,
348.0,Mohamed Diawara,20.0,NYK,SF,67.0,6.0,590.0,88.0,202.0,0.436,48.0,123.0,0.39,40.0,79.0,0.506,0.554,14.0,19.0,0.737,15.0,74.0,89.0,46.0,15.0,6.0,28.0,49.0,238.0,0.0,
349.0,Mike Conley,38.0,MIN,PG,53.0,15.0,967.0,69.0,212.0,0.325,53.0,163.0,0.325,16.0,49.0,0.327,0.45,45.0,50.0,0.9,18.0,74.0,92.0,153.0,34.0,14.0,34.0,82.0,236.0,0.0,
350.0,Jalen Pickett,26.0,DEN,SG,48.0,18.0,747.0,89.0,208.0,0.428,45.0,116.0,0.388,44.0,92.0,0.478,0.536,13.0,15.0,0.867,18.0,89.0,107.0,105.0,13.0,4.0,30.0,42.0,236.0,0.0,
351.0,Tyrese Proctor,21.0,CLE,PG,48.0,1.0,498.0,79.0,201.0,0.393,40.0,119.0,0.336,39.0,82.0,0.476,0.493,37.0,42.0,0.881,10.0,42.0,52.0,62.0,23.0,0.0,30.0,56.0,235.0,0.0,
352.0,Cole Anthony,25.0,MIL,PG,35.0,0.0,527.0,98.0,231.0,0.424,22.0,72.0,0.306,76.0,159.0,0.478,0.472,16.0,26.0,0.615,16.0,71.0,87.0,121.0,20.0,11.0,65.0,73.0,234.0,0.0,
353.0,Dejounte Murray,29.0,NOP,PG,14.0,14.0,389.0,88.0,182.0,0.484,19.0,62.0,0.306,69.0,120.0,0.575,0.536,39.0,45.0,0.867,4.0,71.0,75.0,89.0,23.0,3.0,47.0,33.0,234.0,0.0,
354.0,John Konchar,29.0,2TM,SG,54.0,8.0,1052.0,88.0,187.0,0.471,27.0,94.0,0.287,61.0,93.0,0.656,0.543,30.0,42.0,0.714,70.0,152.0,222.0,106.0,75.0,34.0,31.0,74.0,233.0,1.0,
354.0,John Konchar,29.0,MEM,SG,30.0,1.0,435.0,37.0,71.0,0.521,13.0,39.0,0.333,24.0,32.0,0.75,0.613,8.0,13.0,0.615,20.0,72.0,92.0,40.0,31.0,13.0,14.0,30.0,95.0,0.0,
354.0,John Konchar,29.0,UTA,SG,24.0,7.0,617.0,51.0,116.0,0.44,14.0,55.0,0.255,37.0,61.0,0.607,0.5,22.0,29.0,0.759,50.0,80.0,130.0,66.0,44.0,21.0,17.0,44.0,138.0,1.0,
355.0,Jamaree Bouyea,26.0,PHO,PG,44.0,0.0,578.0,95.0,206.0,0.461,20.0,68.0,0.294,75.0,138.0,0.543,0.51,22.0,31.0,0.71,17.0,58.0,75.0,70.0,28.0,14.0,22.0,37.0,232.0,0.0,
356.0,Jase Richardson,20.0,ORL,SG,53.0,0.0,581.0,85.0,183.0,0.464,28.0,79.0,0.354,57.0,104.0,0.548,0.541,33.0,46.0,0.717,21.0,42.0,63.0,58.0,16.0,2.0,25.0,52.0,231.0,0.0,
357.0,Gabe Vincent,29.0,2TM,PG,52.0,7.0,865.0,75.0,213.0,0.352,58.0,170.0,0.341,17.0,43.0,0.395,0.488,20.0,23.0,0.87,16.0,37.0,53.0,76.0,27.0,3.0,26.0,77.0,228.0,0.0,
357.0,Gabe Vincent,29.0,LAL,PG,29.0,7.0,559.0,45.0,130.0,0.346,38.0,103.0,0.369,7.0,27.0,0.259,0.492,10.0,11.0,0.909,7.0,20.0,27.0,37.0,14.0,1.0,12.0,53.0,138.0,0.0,
357.0,Gabe Vincent,29.0,ATL,PG,23.0,0.0,306.0,30.0,83.0,0.361,20.0,67.0,0.299,10.0,16.0,0.625,0.482,10.0,12.0,0.833,9.0,17.0,26.0,39.0,13.0,2.0,14.0,24.0,90.0,0.0,
358.0,Caleb Martin,30.0,DAL,SF,58.0,12.0,856.0,85.0,189.0,0.45,20.0,57.0,0.351,65.0,132.0,0.492,0.503,37.0,61.0,0.607,28.0,115.0,143.0,81.0,40.0,15.0,40.0,86.0,227.0,0.0,
359.0,Noah Penda,21.0,ORL,SF,58.0,2.0,750.0,82.0,201.0,0.408,30.0,91.0,0.33,52.0,110.0,0.473,0.483,33.0,48.0,0.688,67.0,120.0,187.0,68.0,30.0,18.0,42.0,70.0,227.0,0.0,
360.0,Dylan Cardwell,24.0,SAC,C,42.0,1.0,862.0,99.0,166.0,0.596,1.0,2.0,0.5,98.0,164.0,0.598,0.599,26.0,49.0,0.531,137.0,180.0,317.0,61.0,27.0,64.0,38.0,151.0,225.0,0.0,
361.0,Jordan Hawkins,23.0,NOP,SG,49.0,0.0,636.0,82.0,224.0,0.366,44.0,127.0,0.346,38.0,97.0,0.392,0.464,17.0,21.0,0.81,18.0,60.0,78.0,36.0,12.0,9.0,30.0,26.0,225.0,0.0,
362.0,Tidjane Salaün,20.0,CHO,PF,36.0,0.0,571.0,80.0,158.0,0.506,36.0,83.0,0.434,44.0,75.0,0.587,0.62,26.0,40.0,0.65,26.0,123.0,149.0,27.0,16.0,7.0,25.0,54.0,222.0,0.0,
363.0,Drew Eubanks,28.0,SAC,C,42.0,11.0,552.0,93.0,156.0,0.596,1.0,7.0,0.143,92.0,149.0,0.617,0.599,32.0,57.0,0.561,39.0,88.0,127.0,19.0,15.0,26.0,30.0,57.0,219.0,0.0,
364.0,Rasheer Fleming,21.0,PHO,PF,53.0,0.0,611.0,80.0,196.0,0.408,40.0,117.0,0.342,40.0,79.0,0.506,0.51,19.0,34.0,0.559,56.0,59.0,115.0,12.0,20.0,20.0,22.0,60.0,219.0,0.0,
365.0,Asa Newell,20.0,ATL,PF,42.0,1.0,453.0,83.0,154.0,0.539,28.0,71.0,0.394,55.0,83.0,0.663,0.63,14.0,25.0,0.56,39.0,44.0,83.0,23.0,15.0,13.0,21.0,63.0,208.0,0.0,
366.0,Taurean Prince,31.0,MIL,SF,24.0,5.0,544.0,75.0,164.0,0.457,52.0,119.0,0.437,23.0,45.0,0.511,0.616,5.0,5.0,1.0,4.0,62.0,66.0,39.0,14.0,6.0,27.0,46.0,207.0,0.0,
367.0,Dalton Knecht,24.0,LAL,SF,52.0,1.0,537.0,80.0,181.0,0.442,32.0,104.0,0.308,48.0,77.0,0.623,0.53,14.0,20.0,0.7,14.0,58.0,72.0,17.0,10.0,10.0,23.0,42.0,206.0,0.0,
368.0,Dwight Powell,34.0,DAL,C,61.0,11.0,855.0,60.0,93.0,0.645,1.0,4.0,0.25,59.0,89.0,0.663,0.651,78.0,112.0,0.696,89.0,145.0,234.0,61.0,31.0,20.0,38.0,124.0,199.0,0.0,
369.0,Marcus Sasser,25.0,DET,PG,36.0,5.0,448.0,68.0,172.0,0.395,43.0,102.0,0.422,25.0,70.0,0.357,0.52,15.0,18.0,0.833,7.0,31.0,38.0,74.0,20.0,3.0,31.0,40.0,194.0,0.0,
370.0,Jamal Cain,26.0,ORL,SF,38.0,1.0,445.0,65.0,140.0,0.464,26.0,68.0,0.382,39.0,72.0,0.542,0.557,37.0,43.0,0.86,23.0,45.0,68.0,27.0,11.0,2.0,17.0,50.0,193.0,0.0,
371.0,Branden Carlson,26.0,OKC,C,40.0,2.0,409.0,80.0,148.0,0.541,23.0,66.0,0.348,57.0,82.0,0.695,0.618,10.0,20.0,0.5,25.0,77.0,102.0,23.0,6.0,21.0,15.0,34.0,193.0,0.0,
372.0,Cam Whitmore,21.0,WAS,SF,21.0,0.0,354.0,77.0,169.0,0.456,16.0,56.0,0.286,61.0,113.0,0.54,0.503,23.0,31.0,0.742,19.0,39.0,58.0,15.0,15.0,8.0,18.0,25.0,193.0,0.0,
373.0,Terrence Shannon Jr.,25.0,MIN,SG,41.0,1.0,475.0,63.0,140.0,0.45,26.0,62.0,0.419,37.0,78.0,0.474,0.543,40.0,50.0,0.8,9.0,36.0,45.0,32.0,13.0,1.0,21.0,46.0,192.0,0.0,
374.0,Ethan Thompson,26.0,IND,SG,30.0,11.0,584.0,65.0,172.0,0.378,34.0,103.0,0.33,31.0,69.0,0.449,0.477,26.0,35.0,0.743,15.0,47.0,62.0,48.0,17.0,9.0,19.0,66.0,190.0,0.0,
375.0,Jamison Battle,24.0,TOR,SF,59.0,2.0,505.0,72.0,142.0,0.507,35.0,84.0,0.417,37.0,58.0,0.638,0.63,9.0,14.0,0.643,20.0,69.0,89.0,23.0,7.0,3.0,19.0,42.0,188.0,0.0,
376.0,Steven Adams,32.0,HOU,C,32.0,11.0,730.0,70.0,139.0,0.504,0.0,0.0,,70.0,139.0,0.504,0.504,47.0,81.0,0.58,145.0,131.0,276.0,48.0,22.0,20.0,35.0,55.0,187.0,0.0,
377.0,Tyus Jones,29.0,3TM,PG,65.0,10.0,935.0,71.0,205.0,0.346,36.0,130.0,0.277,35.0,75.0,0.467,0.434,7.0,9.0,0.778,10.0,57.0,67.0,152.0,37.0,3.0,22.0,30.0,185.0,0.0,
377.0,Tyus Jones,29.0,ORL,PG,48.0,8.0,754.0,54.0,158.0,0.342,30.0,102.0,0.294,24.0,56.0,0.429,0.437,6.0,6.0,1.0,9.0,44.0,53.0,116.0,33.0,3.0,14.0,25.0,144.0,0.0,
377.0,Tyus Jones,29.0,DAL,PG,8.0,2.0,133.0,13.0,34.0,0.382,4.0,19.0,0.211,9.0,15.0,0.6,0.441,1.0,2.0,0.5,1.0,8.0,9.0,30.0,3.0,0.0,5.0,5.0,31.0,0.0,
377.0,Tyus Jones,29.0,DEN,PG,9.0,0.0,48.0,4.0,13.0,0.308,2.0,9.0,0.222,2.0,4.0,0.5,0.385,0.0,1.0,0.0,0.0,5.0,5.0,6.0,1.0,0.0,3.0,0.0,10.0,0.0,
378.0,Johnny Furphy,21.0,IND,SG,35.0,21.0,643.0,70.0,149.0,0.47,23.0,71.0,0.324,47.0,78.0,0.603,0.547,17.0,35.0,0.486,32.0,121.0,153.0,41.0,20.0,7.0,29.0,65.0,180.0,0.0,
379.0,Zeke Nnaji,25.0,DEN,PF,50.0,3.0,592.0,66.0,141.0,0.468,13.0,50.0,0.26,53.0,91.0,0.582,0.514,34.0,44.0,0.773,31.0,97.0,128.0,25.0,17.0,21.0,25.0,65.0,179.0,0.0,
380.0,Elijah Harkless,25.0,UTA,SG,26.0,9.0,545.0,54.0,161.0,0.335,21.0,88.0,0.239,33.0,73.0,0.452,0.401,49.0,64.0,0.766,10.0,43.0,53.0,75.0,31.0,6.0,26.0,52.0,178.0,0.0,
381.0,Keaton Wallace,26.0,ATL,PG,51.0,2.0,496.0,66.0,157.0,0.42,37.0,93.0,0.398,29.0,64.0,0.453,0.538,9.0,14.0,0.643,3.0,49.0,52.0,86.0,23.0,5.0,25.0,45.0,178.0,0.0,
382.0,Trayce Jackson-Davis,25.0,2TM,C,52.0,1.0,491.0,69.0,121.0,0.57,1.0,1.0,1.0,68.0,120.0,0.567,0.574,38.0,74.0,0.514,65.0,76.0,141.0,39.0,17.0,23.0,22.0,44.0,177.0,0.0,
382.0,Trayce Jackson-Davis,25.0,GSW,C,36.0,1.0,411.0,60.0,102.0,0.588,1.0,1.0,1.0,59.0,101.0,0.584,0.593,29.0,52.0,0.558,47.0,65.0,112.0,32.0,13.0,19.0,18.0,40.0,150.0,0.0,
382.0,Trayce Jackson-Davis,25.0,TOR,C,16.0,0.0,80.0,9.0,19.0,0.474,0.0,0.0,,9.0,19.0,0.474,0.474,9.0,22.0,0.409,18.0,11.0,29.0,7.0,4.0,4.0,4.0,4.0,27.0,0.0,
383.0,Yanic Konan Niederhäuser,22.0,LAC,C,41.0,0.0,424.0,64.0,100.0,0.64,1.0,5.0,0.2,63.0,95.0,0.663,0.645,47.0,62.0,0.758,37.0,80.0,117.0,12.0,5.0,30.0,23.0,66.0,176.0,0.0,
384.0,Dalen Terry,23.0,2TM,SG,47.0,0.0,546.0,67.0,154.0,0.435,24.0,66.0,0.364,43.0,88.0,0.489,0.513,16.0,29.0,0.552,25.0,59.0,84.0,66.0,29.0,15.0,26.0,49.0,174.0,0.0,
384.0,Dalen Terry,23.0,CHI,SG,34.0,0.0,377.0,45.0,102.0,0.441,19.0,46.0,0.413,26.0,56.0,0.464,0.534,9.0,17.0,0.529,19.0,45.0,64.0,43.0,22.0,11.0,21.0,33.0,118.0,0.0,
384.0,Dalen Terry,23.0,PHI,SG,13.0,0.0,169.0,22.0,52.0,0.423,5.0,20.0,0.25,17.0,32.0,0.531,0.471,7.0,12.0,0.583,6.0,14.0,20.0,23.0,7.0,4.0,5.0,16.0,56.0,0.0,
385.0,Nick Smith Jr.,21.0,LAL,SG,28.0,1.0,344.0,64.0,145.0,0.441,32.0,77.0,0.416,32.0,68.0,0.471,0.552,9.0,13.0,0.692,2.0,19.0,21.0,30.0,9.0,2.0,19.0,26.0,169.0,0.0,
386.0,Jahmai Mashack,23.0,MEM,SG,29.0,5.0,587.0,67.0,170.0,0.394,17.0,64.0,0.266,50.0,106.0,0.472,0.444,17.0,32.0,0.531,22.0,43.0,65.0,44.0,35.0,12.0,36.0,58.0,168.0,0.0,
387.0,Oscar Tshiebwe,26.0,UTA,C,25.0,4.0,388.0,73.0,117.0,0.624,0.0,0.0,,73.0,117.0,0.624,0.624,20.0,37.0,0.541,64.0,76.0,140.0,26.0,15.0,3.0,17.0,36.0,166.0,0.0,
388.0,Cameron Payne,31.0,PHI,PG,22.0,1.0,374.0,56.0,149.0,0.376,32.0,97.0,0.33,24.0,52.0,0.462,0.483,19.0,22.0,0.864,3.0,41.0,44.0,58.0,24.0,7.0,11.0,30.0,163.0,0.0,
389.0,Matisse Thybulle,28.0,POR,SG,28.0,0.0,454.0,54.0,125.0,0.432,35.0,87.0,0.402,19.0,38.0,0.5,0.572,20.0,23.0,0.87,16.0,40.0,56.0,26.0,56.0,14.0,28.0,42.0,163.0,0.0,
390.0,Myron Gardner,24.0,MIA,SF,43.0,7.0,401.0,58.0,121.0,0.479,26.0,64.0,0.406,32.0,57.0,0.561,0.587,19.0,26.0,0.731,38.0,81.0,119.0,41.0,20.0,8.0,16.0,75.0,161.0,0.0,
391.0,Lonzo Ball,28.0,CLE,PG,35.0,3.0,728.0,53.0,176.0,0.301,40.0,147.0,0.272,13.0,29.0,0.448,0.415,14.0,21.0,0.667,26.0,114.0,140.0,136.0,45.0,9.0,52.0,46.0,160.0,0.0,
392.0,Taelon Peter,23.0,IND,SG,36.0,0.0,455.0,56.0,145.0,0.386,40.0,118.0,0.339,16.0,27.0,0.593,0.524,7.0,13.0,0.538,9.0,47.0,56.0,39.0,24.0,4.0,26.0,35.0,159.0,0.0,
393.0,Cam Christie,20.0,LAC,SG,54.0,0.0,478.0,53.0,138.0,0.384,12.0,49.0,0.245,41.0,89.0,0.461,0.428,38.0,50.0,0.76,19.0,59.0,78.0,31.0,16.0,3.0,22.0,19.0,156.0,0.0,
394.0,Bogdan Bogdanović,33.0,LAC,SG,22.0,3.0,431.0,53.0,143.0,0.371,28.0,87.0,0.322,25.0,56.0,0.446,0.469,20.0,25.0,0.8,6.0,50.0,56.0,51.0,10.0,1.0,26.0,44.0,154.0,0.0,
395.0,Kam Jones,23.0,IND,SG,35.0,7.0,575.0,65.0,157.0,0.414,20.0,69.0,0.29,45.0,88.0,0.511,0.478,4.0,8.0,0.5,12.0,43.0,55.0,112.0,18.0,0.0,35.0,38.0,154.0,0.0,
396.0,Doug McDermott,34.0,SAC,SF,27.0,0.0,400.0,52.0,129.0,0.403,46.0,116.0,0.397,6.0,13.0,0.462,0.581,4.0,4.0,1.0,7.0,26.0,33.0,21.0,5.0,4.0,12.0,21.0,154.0,0.0,
397.0,Tony Bradley,28.0,2TM,C,39.0,3.0,420.0,59.0,108.0,0.546,1.0,2.0,0.5,58.0,106.0,0.547,0.551,32.0,43.0,0.744,57.0,52.0,109.0,20.0,6.0,7.0,18.0,61.0,151.0,0.0,
397.0,Tony Bradley,28.0,IND,C,38.0,3.0,416.0,59.0,106.0,0.557,1.0,2.0,0.5,58.0,104.0,0.558,0.561,32.0,43.0,0.744,56.0,51.0,107.0,20.0,6.0,7.0,17.0,60.0,151.0,0.0,
397.0,Tony Bradley,28.0,ATL,C,1.0,0.0,4.0,0.0,2.0,0.0,0.0,0.0,,0.0,2.0,0.0,0.0,0.0,0.0,,1.0,1.0,2.0,0.0,0.0,0.0,1.0,1.0,0.0,0.0,
398.0,Zach Edey,23.0,MEM,C,11.0,11.0,284.0,62.0,98.0,0.633,1.0,5.0,0.2,61.0,93.0,0.656,0.638,25.0,32.0,0.781,43.0,79.0,122.0,12.0,7.0,21.0,26.0,37.0,150.0,0.0,
399.0,LJ Cryer,24.0,GSW,PG,18.0,1.0,292.0,47.0,117.0,0.402,37.0,94.0,0.394,10.0,23.0,0.435,0.56,17.0,19.0,0.895,4.0,24.0,28.0,18.0,3.0,0.0,14.0,28.0,148.0,0.0,
400.0,Blake Wesley,22.0,POR,SG,29.0,0.0,357.0,56.0,124.0,0.452,10.0,36.0,0.278,46.0,88.0,0.523,0.492,25.0,45.0,0.556,8.0,31.0,39.0,62.0,16.0,5.0,31.0,33.0,147.0,0.0,
401.0,Moussa Cisse,23.0,DAL,C,36.0,1.0,469.0,57.0,95.0,0.6,0.0,0.0,,57.0,95.0,0.6,0.6,32.0,70.0,0.457,74.0,114.0,188.0,8.0,15.0,40.0,27.0,66.0,146.0,0.0,
402.0,Tyson Etienne,26.0,BRK,PG,22.0,1.0,311.0,46.0,117.0,0.393,35.0,86.0,0.407,11.0,31.0,0.355,0.543,19.0,23.0,0.826,3.0,19.0,22.0,34.0,9.0,0.0,14.0,41.0,146.0,0.0,
403.0,Jeremy Sochan,22.0,2TM,PF,42.0,0.0,443.0,60.0,120.0,0.5,9.0,39.0,0.231,51.0,81.0,0.63,0.538,17.0,24.0,0.708,33.0,67.0,100.0,35.0,16.0,7.0,21.0,57.0,146.0,0.0,
403.0,Jeremy Sochan,22.0,SAS,PF,28.0,0.0,358.0,47.0,99.0,0.475,9.0,35.0,0.257,38.0,64.0,0.594,0.52,11.0,16.0,0.688,26.0,47.0,73.0,28.0,10.0,5.0,18.0,50.0,114.0,0.0,
403.0,Jeremy Sochan,22.0,NYK,PF,14.0,0.0,85.0,13.0,21.0,0.619,0.0,4.0,0.0,13.0,17.0,0.765,0.619,6.0,8.0,0.75,7.0,20.0,27.0,7.0,6.0,2.0,3.0,7.0,32.0,0.0,
404.0,Kennedy Chandler,23.0,UTA,PG,10.0,1.0,314.0,50.0,117.0,0.427,11.0,31.0,0.355,39.0,86.0,0.453,0.474,28.0,39.0,0.718,6.0,26.0,32.0,64.0,9.0,2.0,19.0,21.0,139.0,0.0,
405.0,Jonathan Isaac,28.0,ORL,PF,52.0,0.0,521.0,46.0,109.0,0.422,7.0,38.0,0.184,39.0,71.0,0.549,0.454,35.0,58.0,0.603,43.0,89.0,132.0,22.0,20.0,31.0,18.0,41.0,134.0,0.0,
406.0,Kelly Olynyk,34.0,SAS,C,42.0,0.0,360.0,47.0,96.0,0.49,12.0,47.0,0.255,35.0,49.0,0.714,0.552,27.0,38.0,0.711,24.0,52.0,76.0,49.0,15.0,3.0,24.0,39.0,133.0,0.0,
407.0,Liam McNeeley,20.0,CHO,SF,30.0,0.0,363.0,38.0,94.0,0.404,24.0,60.0,0.4,14.0,34.0,0.412,0.532,32.0,39.0,0.821,13.0,59.0,72.0,23.0,5.0,3.0,13.0,36.0,132.0,0.0,
408.0,Julian Reese,22.0,WAS,PF,11.0,9.0,347.0,53.0,101.0,0.525,0.0,0.0,,53.0,101.0,0.525,0.525,24.0,40.0,0.6,51.0,77.0,128.0,21.0,13.0,7.0,32.0,39.0,130.0,0.0,
409.0,Tyler Burton,25.0,MEM,SF,12.0,0.0,307.0,42.0,112.0,0.375,22.0,66.0,0.333,20.0,46.0,0.435,0.473,23.0,27.0,0.852,8.0,42.0,50.0,12.0,11.0,4.0,11.0,31.0,129.0,0.0,
410.0,Malaki Branham,22.0,WAS,SG,28.0,0.0,275.0,43.0,91.0,0.473,14.0,37.0,0.378,29.0,54.0,0.537,0.549,28.0,34.0,0.824,12.0,32.0,44.0,23.0,10.0,3.0,15.0,21.0,128.0,0.0,
411.0,Gary Harris,31.0,MIL,SG,48.0,2.0,661.0,46.0,104.0,0.442,28.0,68.0,0.412,18.0,36.0,0.5,0.577,8.0,9.0,0.889,16.0,45.0,61.0,51.0,27.0,9.0,19.0,53.0,128.0,0.0,
412.0,Blake Hinson,26.0,UTA,SF,12.0,1.0,225.0,43.0,84.0,0.512,31.0,62.0,0.5,12.0,22.0,0.545,0.696,10.0,14.0,0.714,8.0,17.0,25.0,12.0,2.0,2.0,3.0,21.0,127.0,0.0,
413.0,AJ Johnson,21.0,2TM,SG,46.0,0.0,409.0,47.0,155.0,0.303,11.0,52.0,0.212,36.0,103.0,0.35,0.339,22.0,27.0,0.815,13.0,40.0,53.0,44.0,11.0,2.0,24.0,24.0,127.0,0.0,
413.0,AJ Johnson,21.0,WAS,SG,25.0,0.0,214.0,27.0,83.0,0.325,7.0,25.0,0.28,20.0,58.0,0.345,0.367,9.0,12.0,0.75,8.0,23.0,31.0,22.0,7.0,0.0,18.0,15.0,70.0,0.0,
413.0,AJ Johnson,21.0,DAL,SG,21.0,0.0,195.0,20.0,72.0,0.278,4.0,27.0,0.148,16.0,45.0,0.356,0.306,13.0,15.0,0.867,5.0,17.0,22.0,22.0,4.0,2.0,6.0,9.0,57.0,0.0,
414.0,Amir Coffey,28.0,2TM,SG,44.0,2.0,443.0,45.0,93.0,0.484,13.0,41.0,0.317,32.0,52.0,0.615,0.554,22.0,28.0,0.786,18.0,34.0,52.0,24.0,8.0,5.0,7.0,28.0,125.0,0.0,
414.0,Amir Coffey,28.0,MIL,SG,30.0,2.0,265.0,26.0,55.0,0.473,7.0,25.0,0.28,19.0,30.0,0.633,0.536,13.0,15.0,0.867,6.0,20.0,26.0,11.0,3.0,3.0,4.0,14.0,72.0,0.0,
414.0,Amir Coffey,28.0,PHO,SG,14.0,0.0,178.0,19.0,38.0,0.5,6.0,16.0,0.375,13.0,22.0,0.591,0.579,9.0,13.0,0.692,12.0,14.0,26.0,13.0,5.0,2.0,3.0,14.0,53.0,0.0,
415.0,Julian Phillips,22.0,2TM,SF,47.0,2.0,401.0,45.0,109.0,0.413,19.0,60.0,0.317,26.0,49.0,0.531,0.5,15.0,17.0,0.882,22.0,26.0,48.0,9.0,21.0,7.0,10.0,38.0,124.0,0.0,
415.0,Julian Phillips,22.0,CHI,SF,35.0,2.0,334.0,37.0,88.0,0.42,16.0,49.0,0.327,21.0,39.0,0.538,0.511,9.0,11.0,0.818,22.0,22.0,44.0,7.0,17.0,6.0,7.0,33.0,99.0,0.0,
415.0,Julian Phillips,22.0,MIN,SF,12.0,0.0,67.0,8.0,21.0,0.381,3.0,11.0,0.273,5.0,10.0,0.5,0.452,6.0,6.0,1.0,0.0,4.0,4.0,2.0,4.0,1.0,3.0,5.0,25.0,0.0,
416.0,Chaney Johnson,23.0,BRK,SF,16.0,1.0,311.0,45.0,80.0,0.563,9.0,27.0,0.333,36.0,53.0,0.679,0.619,24.0,30.0,0.8,28.0,38.0,66.0,34.0,14.0,9.0,19.0,48.0,123.0,0.0,
417.0,Max Strus,29.0,CLE,SF,10.0,3.0,247.0,42.0,88.0,0.477,32.0,72.0,0.444,10.0,16.0,0.625,0.659,6.0,8.0,0.75,8.0,48.0,56.0,22.0,3.0,0.0,8.0,29.0,122.0,0.0,
418.0,Joan Beringer,19.0,MIN,PF,38.0,1.0,257.0,51.0,81.0,0.63,0.0,0.0,,51.0,81.0,0.63,0.63,16.0,24.0,0.667,37.0,38.0,75.0,9.0,5.0,18.0,11.0,42.0,118.0,0.0,
419.0,E.J. Liddell,25.0,BRK,PF,24.0,3.0,290.0,44.0,89.0,0.494,14.0,44.0,0.318,30.0,45.0,0.667,0.573,15.0,20.0,0.75,12.0,47.0,59.0,19.0,4.0,10.0,12.0,37.0,117.0,0.0,
420.0,Khaman Maluach,19.0,PHO,C,44.0,1.0,374.0,46.0,87.0,0.529,3.0,16.0,0.188,43.0,71.0,0.606,0.546,22.0,31.0,0.71,41.0,75.0,116.0,6.0,4.0,31.0,24.0,39.0,117.0,0.0,
421.0,Larry Nance Jr.,33.0,CLE,PF,33.0,2.0,412.0,46.0,116.0,0.397,20.0,60.0,0.333,26.0,56.0,0.464,0.483,5.0,11.0,0.455,28.0,58.0,86.0,31.0,21.0,5.0,17.0,52.0,117.0,0.0,
422.0,Dorian Finney-Smith,32.0,HOU,PF,36.0,1.0,599.0,41.0,124.0,0.331,26.0,95.0,0.274,15.0,29.0,0.517,0.435,6.0,7.0,0.857,33.0,58.0,91.0,35.0,15.0,6.0,22.0,60.0,114.0,0.0,
423.0,Keshad Johnson,24.0,MIA,SF,30.0,0.0,225.0,41.0,87.0,0.471,13.0,39.0,0.333,28.0,48.0,0.583,0.546,19.0,27.0,0.704,20.0,34.0,54.0,5.0,11.0,8.0,12.0,22.0,114.0,0.0,
424.0,Scotty Pippen Jr.,25.0,MEM,PG,10.0,6.0,212.0,43.0,96.0,0.448,10.0,32.0,0.313,33.0,64.0,0.516,0.5,18.0,23.0,0.783,8.0,14.0,22.0,47.0,19.0,4.0,27.0,31.0,114.0,0.0,
425.0,Jae'Sean Tate,30.0,HOU,SF,44.0,0.0,371.0,49.0,98.0,0.5,9.0,30.0,0.3,40.0,68.0,0.588,0.546,7.0,10.0,0.7,29.0,34.0,63.0,23.0,9.0,3.0,13.0,46.0,114.0,0.0,
426.0,Killian Hayes,24.0,SAC,PG,21.0,3.0,361.0,39.0,127.0,0.307,16.0,60.0,0.267,23.0,67.0,0.343,0.37,18.0,20.0,0.9,4.0,47.0,51.0,76.0,18.0,4.0,27.0,31.0,112.0,0.0,
427.0,Pat Connaughton,33.0,CHO,SG,41.0,0.0,293.0,38.0,84.0,0.452,21.0,52.0,0.404,17.0,32.0,0.531,0.577,13.0,20.0,0.65,15.0,46.0,61.0,18.0,11.0,1.0,10.0,9.0,110.0,0.0,
428.0,Bronny James,21.0,LAL,SG,40.0,1.0,344.0,42.0,106.0,0.396,18.0,51.0,0.353,24.0,55.0,0.436,0.481,6.0,7.0,0.857,5.0,15.0,20.0,47.0,17.0,4.0,23.0,27.0,108.0,0.0,
429.0,Cormac Ryan,27.0,MIL,SG,9.0,0.0,198.0,35.0,65.0,0.538,19.0,38.0,0.5,16.0,27.0,0.593,0.685,18.0,20.0,0.9,4.0,9.0,13.0,12.0,9.0,3.0,12.0,22.0,107.0,0.0,
430.0,Andre Jackson Jr.,24.0,MIL,SG,46.0,1.0,363.0,36.0,107.0,0.336,15.0,56.0,0.268,21.0,51.0,0.412,0.407,17.0,24.0,0.708,24.0,39.0,63.0,40.0,17.0,3.0,29.0,41.0,104.0,0.0,
431.0,Nate Williams,26.0,GSW,SG,13.0,2.0,227.0,40.0,81.0,0.494,12.0,27.0,0.444,28.0,54.0,0.519,0.568,11.0,13.0,0.846,18.0,10.0,28.0,13.0,5.0,0.0,15.0,25.0,103.0,0.0,
432.0,Ariel Hukporti,23.0,NYK,C,52.0,4.0,455.0,37.0,68.0,0.544,1.0,4.0,0.25,36.0,64.0,0.563,0.551,26.0,33.0,0.788,53.0,93.0,146.0,27.0,8.0,24.0,29.0,62.0,101.0,0.0,
433.0,Jeremiah Robinson-Earl,25.0,2TM,PF,22.0,3.0,361.0,37.0,100.0,0.37,10.0,41.0,0.244,27.0,59.0,0.458,0.42,17.0,18.0,0.944,36.0,67.0,103.0,15.0,9.0,1.0,12.0,26.0,101.0,0.0,
433.0,Jeremiah Robinson-Earl,25.0,IND,PF,17.0,3.0,300.0,29.0,83.0,0.349,8.0,33.0,0.242,21.0,50.0,0.42,0.398,13.0,14.0,0.929,32.0,56.0,88.0,12.0,7.0,1.0,10.0,23.0,79.0,0.0,
433.0,Jeremiah Robinson-Earl,25.0,DAL,PF,5.0,0.0,61.0,8.0,17.0,0.471,2.0,8.0,0.25,6.0,9.0,0.667,0.529,4.0,4.0,1.0,4.0,11.0,15.0,3.0,2.0,0.0,2.0,3.0,22.0,0.0,
434.0,Leaky Black,26.0,WAS,SF,13.0,8.0,392.0,37.0,89.0,0.416,17.0,45.0,0.378,20.0,44.0,0.455,0.511,7.0,8.0,0.875,15.0,57.0,72.0,18.0,15.0,8.0,10.0,35.0,98.0,0.0,
435.0,Zach Collins,28.0,CHI,C,10.0,0.0,184.0,37.0,64.0,0.578,9.0,21.0,0.429,28.0,43.0,0.651,0.648,14.0,20.0,0.7,16.0,40.0,56.0,15.0,2.0,4.0,10.0,18.0,97.0,0.0,
436.0,Malachi Smith,26.0,BRK,SG,13.0,2.0,281.0,38.0,79.0,0.481,13.0,33.0,0.394,25.0,46.0,0.543,0.563,8.0,8.0,1.0,9.0,29.0,38.0,33.0,12.0,4.0,12.0,9.0,97.0,0.0,
437.0,Yang Hansen,20.0,POR,C,41.0,1.0,296.0,31.0,100.0,0.31,5.0,42.0,0.119,26.0,58.0,0.448,0.335,28.0,34.0,0.824,20.0,45.0,65.0,22.0,3.0,10.0,32.0,43.0,95.0,0.0,
438.0,Lindy Waters III,28.0,SAS,SG,40.0,0.0,285.0,33.0,88.0,0.375,27.0,79.0,0.342,6.0,9.0,0.667,0.528,2.0,3.0,0.667,3.0,26.0,29.0,19.0,6.0,1.0,7.0,24.0,95.0,0.0,
439.0,Duop Reath,29.0,POR,C,32.0,0.0,258.0,33.0,74.0,0.446,23.0,55.0,0.418,10.0,19.0,0.526,0.601,5.0,6.0,0.833,10.0,28.0,38.0,10.0,5.0,8.0,7.0,28.0,94.0,0.0,
440.0,MarJon Beauchamp,25.0,PHI,SF,13.0,1.0,194.0,32.0,74.0,0.432,16.0,46.0,0.348,16.0,28.0,0.571,0.541,12.0,17.0,0.706,6.0,25.0,31.0,15.0,9.0,4.0,13.0,13.0,92.0,0.0,
441.0,DaRon Holmes,23.0,DEN,PF,23.0,6.0,203.0,31.0,60.0,0.517,20.0,44.0,0.455,11.0,16.0,0.688,0.683,9.0,11.0,0.818,8.0,26.0,34.0,16.0,0.0,4.0,11.0,19.0,91.0,0.0,
442.0,Jalen Slawson,26.0,IND,SF,11.0,5.0,268.0,33.0,71.0,0.465,15.0,37.0,0.405,18.0,34.0,0.529,0.57,10.0,13.0,0.769,5.0,45.0,50.0,29.0,15.0,12.0,12.0,22.0,91.0,0.0,
443.0,Ron Harper Jr.,25.0,BOS,SF,27.0,2.0,269.0,33.0,83.0,0.398,22.0,64.0,0.344,11.0,19.0,0.579,0.53,1.0,2.0,0.5,14.0,27.0,41.0,17.0,6.0,9.0,5.0,20.0,89.0,0.0,
444.0,KJ Simpson,23.0,2TM,PG,19.0,2.0,251.0,33.0,98.0,0.337,12.0,40.0,0.3,21.0,58.0,0.362,0.398,11.0,18.0,0.611,8.0,27.0,35.0,43.0,16.0,0.0,25.0,18.0,89.0,0.0,
444.0,KJ Simpson,23.0,CHO,PG,14.0,2.0,223.0,31.0,89.0,0.348,12.0,39.0,0.308,19.0,50.0,0.38,0.416,10.0,16.0,0.625,5.0,24.0,29.0,35.0,15.0,0.0,24.0,14.0,84.0,0.0,
444.0,KJ Simpson,23.0,DEN,PG,5.0,0.0,28.0,2.0,9.0,0.222,0.0,1.0,0.0,2.0,8.0,0.25,0.222,1.0,2.0,0.5,3.0,3.0,6.0,8.0,1.0,0.0,1.0,4.0,5.0,0.0,
445.0,DeJon Jarreau,28.0,MEM,SG,11.0,0.0,231.0,33.0,83.0,0.398,4.0,30.0,0.133,29.0,53.0,0.547,0.422,18.0,23.0,0.783,12.0,39.0,51.0,36.0,10.0,8.0,26.0,28.0,88.0,0.0,
446.0,Drew Timme,25.0,LAL,PF,25.0,1.0,222.0,36.0,63.0,0.571,10.0,24.0,0.417,26.0,39.0,0.667,0.651,5.0,9.0,0.556,10.0,22.0,32.0,21.0,5.0,0.0,12.0,18.0,87.0,0.0,
447.0,A.J. Lawson,25.0,TOR,SG,22.0,0.0,193.0,29.0,67.0,0.433,16.0,37.0,0.432,13.0,30.0,0.433,0.552,12.0,16.0,0.75,7.0,30.0,37.0,6.0,11.0,4.0,6.0,25.0,86.0,0.0,
448.0,PJ Hall,23.0,2TM,C,19.0,2.0,214.0,30.0,59.0,0.508,3.0,5.0,0.6,27.0,54.0,0.5,0.534,23.0,29.0,0.793,33.0,42.0,75.0,10.0,3.0,10.0,16.0,22.0,86.0,0.0,
448.0,PJ Hall,23.0,MEM,C,7.0,0.0,27.0,5.0,9.0,0.556,1.0,3.0,0.333,4.0,6.0,0.667,0.611,2.0,3.0,0.667,3.0,6.0,9.0,2.0,0.0,2.0,1.0,3.0,13.0,0.0,
448.0,PJ Hall,23.0,CHO,C,12.0,2.0,187.0,25.0,50.0,0.5,2.0,2.0,1.0,23.0,48.0,0.479,0.52,21.0,26.0,0.808,30.0,36.0,66.0,8.0,3.0,8.0,15.0,19.0,73.0,0.0,
449.0,Jordan McLaughlin,29.0,SAS,PG,42.0,0.0,274.0,31.0,76.0,0.408,16.0,39.0,0.41,15.0,37.0,0.405,0.513,6.0,7.0,0.857,5.0,24.0,29.0,37.0,19.0,2.0,15.0,11.0,84.0,0.0,
450.0,Maxi Kleber,34.0,LAL,PF,41.0,1.0,434.0,31.0,68.0,0.456,6.0,25.0,0.24,25.0,43.0,0.581,0.5,14.0,24.0,0.583,32.0,46.0,78.0,27.0,17.0,10.0,15.0,55.0,82.0,0.0,
451.0,Bez Mbeng,22.0,UTA,SG,13.0,4.0,406.0,33.0,71.0,0.465,4.0,24.0,0.167,29.0,47.0,0.617,0.493,11.0,17.0,0.647,14.0,28.0,42.0,42.0,26.0,5.0,17.0,43.0,81.0,0.0,
452.0,Chaz Lanier,24.0,DET,SG,32.0,0.0,254.0,27.0,88.0,0.307,19.0,67.0,0.284,8.0,21.0,0.381,0.415,5.0,6.0,0.833,8.0,15.0,23.0,17.0,7.0,0.0,2.0,12.0,78.0,0.0,
453.0,Garrison Mathews,29.0,IND,SG,15.0,1.0,196.0,21.0,52.0,0.404,17.0,46.0,0.37,4.0,6.0,0.667,0.567,19.0,23.0,0.826,2.0,15.0,17.0,10.0,6.0,3.0,3.0,19.0,78.0,0.0,
454.0,John Poulakidas,22.0,DAL,SG,11.0,0.0,188.0,26.0,62.0,0.419,19.0,51.0,0.373,7.0,11.0,0.636,0.573,4.0,4.0,1.0,4.0,23.0,27.0,7.0,5.0,2.0,3.0,24.0,75.0,0.0,
455.0,Lachlan Olbrich,22.0,CHI,C,35.0,0.0,282.0,29.0,63.0,0.46,2.0,16.0,0.125,27.0,47.0,0.574,0.476,13.0,34.0,0.382,35.0,53.0,88.0,27.0,9.0,7.0,13.0,46.0,73.0,0.0,
456.0,Walker Kessler,24.0,UTA,C,5.0,5.0,154.0,26.0,37.0,0.703,6.0,8.0,0.75,20.0,29.0,0.69,0.784,14.0,20.0,0.7,23.0,31.0,54.0,15.0,7.0,9.0,16.0,22.0,72.0,0.0,
457.0,Chris Youngblood,23.0,2TM,SG,33.0,0.0,183.0,22.0,63.0,0.349,18.0,54.0,0.333,4.0,9.0,0.444,0.492,9.0,10.0,0.9,7.0,21.0,28.0,12.0,4.0,3.0,2.0,21.0,71.0,0.0,
457.0,Chris Youngblood,23.0,OKC,SG,32.0,0.0,174.0,20.0,60.0,0.333,16.0,51.0,0.314,4.0,9.0,0.444,0.467,9.0,10.0,0.9,7.0,21.0,28.0,11.0,4.0,3.0,2.0,20.0,65.0,0.0,
457.0,Chris Youngblood,23.0,POR,SG,1.0,0.0,9.0,2.0,3.0,0.667,2.0,3.0,0.667,0.0,0.0,,1.0,0.0,0.0,,0.0,0.0,0.0,1.0,0.0,0.0,0.0,1.0,6.0,0.0,
458.0,Christian Koloko,25.0,3TM,C,26.0,4.0,336.0,30.0,69.0,0.435,1.0,7.0,0.143,29.0,62.0,0.468,0.442,8.0,11.0,0.727,28.0,45.0,73.0,17.0,14.0,22.0,13.0,44.0,69.0,0.0,
458.0,Christian Koloko,25.0,LAL,C,2.0,0.0,6.0,0.0,0.0,,0.0,0.0,,0.0,0.0,,,0.0,0.0,,0.0,1.0,1.0,0.0,0.0,0.0,0.0,1.0,0.0,0.0,
458.0,Christian Koloko,25.0,MEM,C,11.0,2.0,195.0,14.0,35.0,0.4,0.0,1.0,0.0,14.0,34.0,0.412,0.4,1.0,4.0,0.25,19.0,25.0,44.0,10.0,10.0,13.0,7.0,20.0,29.0,0.0,
458.0,Christian Koloko,25.0,ATL,C,13.0,2.0,135.0,16.0,34.0,0.471,1.0,6.0,0.167,15.0,28.0,0.536,0.485,7.0,7.0,1.0,9.0,19.0,28.0,7.0,4.0,9.0,6.0,23.0,40.0,0.0,
459.0,Malevy Leons,26.0,GSW,SF,23.0,2.0,248.0,27.0,65.0,0.415,3.0,15.0,0.2,24.0,50.0,0.48,0.438,11.0,15.0,0.733,28.0,21.0,49.0,21.0,12.0,9.0,13.0,27.0,68.0,0.0,
460.0,Adama-Alpha Bal,22.0,MEM,SG,7.0,0.0,203.0,22.0,56.0,0.393,15.0,36.0,0.417,7.0,20.0,0.35,0.527,6.0,7.0,0.857,6.0,17.0,23.0,15.0,8.0,0.0,5.0,25.0,65.0,0.0,
461.0,Seth Curry,35.0,GSW,SG,9.0,0.0,121.0,22.0,42.0,0.524,10.0,21.0,0.476,12.0,21.0,0.571,0.643,11.0,12.0,0.917,4.0,7.0,11.0,8.0,3.0,0.0,2.0,7.0,65.0,0.0,
462.0,Isaiah Livers,27.0,PHO,PF,36.0,0.0,347.0,22.0,64.0,0.344,12.0,40.0,0.3,10.0,24.0,0.417,0.438,9.0,12.0,0.75,19.0,42.0,61.0,21.0,13.0,8.0,12.0,28.0,65.0,0.0,
463.0,RayJ Dennis,24.0,3TM,PG,16.0,0.0,180.0,22.0,73.0,0.301,12.0,39.0,0.308,10.0,34.0,0.294,0.384,8.0,9.0,0.889,8.0,15.0,23.0,30.0,4.0,4.0,15.0,17.0,64.0,0.0,
463.0,RayJ Dennis,24.0,IND,PG,13.0,0.0,168.0,22.0,72.0,0.306,12.0,38.0,0.316,10.0,34.0,0.294,0.389,8.0,9.0,0.889,8.0,13.0,21.0,26.0,3.0,4.0,14.0,16.0,64.0,0.0,
463.0,RayJ Dennis,24.0,LAC,PG,1.0,0.0,4.0,0.0,0.0,,0.0,0.0,,0.0,0.0,,,0.0,0.0,,0.0,2.0,2.0,0.0,0.0,0.0,1.0,0.0,0.0,0.0,
463.0,RayJ Dennis,24.0,ATL,PG,2.0,0.0,8.0,0.0,1.0,0.0,0.0,1.0,0.0,0.0,0.0,,0.0,0.0,0.0,,0.0,0.0,0.0,4.0,1.0,0.0,0.0,1.0,0.0,0.0,
464.0,Jeff Green,39.0,HOU,PF,29.0,0.0,151.0,23.0,60.0,0.383,12.0,40.0,0.3,11.0,20.0,0.55,0.483,3.0,3.0,1.0,5.0,15.0,20.0,7.0,1.0,1.0,1.0,10.0,61.0,0.0,
465.0,JD Davison,23.0,HOU,PG,27.0,0.0,192.0,22.0,55.0,0.4,8.0,28.0,0.286,14.0,27.0,0.519,0.473,8.0,13.0,0.615,2.0,22.0,24.0,28.0,5.0,4.0,7.0,17.0,60.0,0.0,
466.0,Kevon Looney,29.0,NOP,C,20.0,7.0,283.0,25.0,58.0,0.431,2.0,11.0,0.182,23.0,47.0,0.489,0.448,7.0,10.0,0.7,46.0,66.0,112.0,31.0,8.0,10.0,8.0,34.0,59.0,0.0,
467.0,Charles Bassey,25.0,4TM,C,11.0,0.0,120.0,25.0,38.0,0.658,0.0,0.0,,25.0,38.0,0.658,0.658,4.0,8.0,0.5,20.0,30.0,50.0,4.0,4.0,10.0,5.0,12.0,54.0,0.0,
467.0,Charles Bassey,25.0,MEM,C,2.0,0.0,31.0,3.0,8.0,0.375,0.0,0.0,,3.0,8.0,0.375,0.375,1.0,3.0,0.333,7.0,8.0,15.0,2.0,1.0,1.0,1.0,5.0,7.0,0.0,
467.0,Charles Bassey,25.0,PHI,C,1.0,0.0,5.0,1.0,1.0,1.0,0.0,0.0,,1.0,1.0,1.0,1.0,0.0,0.0,,0.0,0.0,0.0,0.0,0.0,1.0,0.0,0.0,2.0,0.0,
467.0,Charles Bassey,25.0,BOS,C,5.0,0.0,17.0,6.0,7.0,0.857,0.0,0.0,,6.0,7.0,0.857,0.857,2.0,4.0,0.5,4.0,2.0,6.0,0.0,1.0,2.0,1.0,3.0,14.0,0.0,
467.0,Charles Bassey,25.0,GSW,C,3.0,0.0,67.0,15.0,22.0,0.682,0.0,0.0,,15.0,22.0,0.682,0.682,1.0,1.0,1.0,9.0,20.0,29.0,2.0,2.0,6.0,3.0,4.0,31.0,0.0,
468.0,DeAndre Jordan,37.0,NOP,C,12.0,7.0,199.0,21.0,32.0,0.656,0.0,0.0,,21.0,32.0,0.656,0.656,11.0,17.0,0.647,26.0,50.0,76.0,11.0,4.0,10.0,9.0,16.0,53.0,0.0,
469.0,Jonathan Mogbo,24.0,TOR,PF,38.0,0.0,227.0,23.0,41.0,0.561,0.0,1.0,0.0,23.0,40.0,0.575,0.561,7.0,12.0,0.583,19.0,43.0,62.0,22.0,10.0,8.0,12.0,22.0,53.0,0.0,
470.0,Dariq Whitehead,21.0,MEM,SF,4.0,0.0,120.0,18.0,54.0,0.333,12.0,39.0,0.308,6.0,15.0,0.4,0.444,3.0,5.0,0.6,1.0,16.0,17.0,8.0,4.0,0.0,7.0,11.0,51.0,0.0,
471.0,Tolu Smith,25.0,DET,PF,14.0,0.0,132.0,17.0,34.0,0.5,0.0,0.0,,17.0,34.0,0.5,0.5,17.0,26.0,0.654,20.0,26.0,46.0,12.0,2.0,6.0,7.0,22.0,51.0,0.0,
472.0,Brooks Barnhizer,23.0,OKC,SG,38.0,0.0,289.0,20.0,53.0,0.377,5.0,17.0,0.294,15.0,36.0,0.417,0.425,4.0,6.0,0.667,16.0,51.0,67.0,19.0,7.0,4.0,8.0,24.0,49.0,0.0,
473.0,Bradley Beal,32.0,LAC,SG,6.0,6.0,121.0,18.0,48.0,0.375,7.0,19.0,0.368,11.0,29.0,0.379,0.448,6.0,8.0,0.75,2.0,3.0,5.0,10.0,3.0,0.0,9.0,14.0,49.0,0.0,
474.0,Yuki Kawamura,24.0,CHI,PG,16.0,0.0,186.0,12.0,38.0,0.316,8.0,26.0,0.308,4.0,12.0,0.333,0.421,16.0,18.0,0.889,7.0,24.0,31.0,44.0,9.0,0.0,12.0,12.0,48.0,0.0,
475.0,Alijah Martin,24.0,TOR,SG,22.0,0.0,134.0,15.0,45.0,0.333,4.0,20.0,0.2,11.0,25.0,0.44,0.378,14.0,18.0,0.778,9.0,12.0,21.0,10.0,8.0,4.0,5.0,10.0,48.0,0.0,
476.0,Chris Paul,40.0,LAC,PG,16.0,0.0,228.0,18.0,56.0,0.321,10.0,30.0,0.333,8.0,26.0,0.308,0.411,1.0,2.0,0.5,6.0,22.0,28.0,53.0,11.0,0.0,16.0,23.0,47.0,0.0,
477.0,Mac McClung,27.0,2TM,SG,9.0,0.0,107.0,17.0,48.0,0.354,3.0,22.0,0.136,14.0,26.0,0.538,0.385,10.0,13.0,0.769,2.0,7.0,9.0,9.0,10.0,3.0,7.0,14.0,47.0,0.0,
477.0,Mac McClung,27.0,IND,SG,3.0,0.0,34.0,7.0,18.0,0.389,2.0,10.0,0.2,5.0,8.0,0.625,0.444,3.0,4.0,0.75,0.0,4.0,4.0,1.0,5.0,1.0,2.0,6.0,19.0,0.0,
477.0,Mac McClung,27.0,CHI,SG,6.0,0.0,73.0,10.0,30.0,0.333,1.0,12.0,0.083,9.0,18.0,0.5,0.35,7.0,9.0,0.778,2.0,3.0,5.0,8.0,5.0,2.0,5.0,8.0,28.0,0.0,
478.0,Kobe Bufkin,22.0,LAL,SG,16.0,1.0,119.0,15.0,50.0,0.3,5.0,26.0,0.192,10.0,24.0,0.417,0.35,11.0,12.0,0.917,1.0,12.0,13.0,10.0,2.0,3.0,5.0,9.0,46.0,0.0,
479.0,Hunter Tyson,25.0,DEN,PF,21.0,2.0,162.0,14.0,52.0,0.269,7.0,33.0,0.212,7.0,19.0,0.368,0.337,11.0,13.0,0.846,4.0,32.0,36.0,17.0,2.0,1.0,5.0,13.0,46.0,0.0,
480.0,Lucas Williamson,27.0,MEM,SG,5.0,1.0,141.0,15.0,42.0,0.357,10.0,30.0,0.333,5.0,12.0,0.417,0.476,5.0,5.0,1.0,8.0,11.0,19.0,12.0,4.0,0.0,7.0,18.0,45.0,0.0,
481.0,Alondes Williams,26.0,WAS,SG,4.0,0.0,101.0,16.0,26.0,0.615,5.0,14.0,0.357,11.0,12.0,0.917,0.712,7.0,8.0,0.875,5.0,20.0,25.0,12.0,3.0,3.0,5.0,4.0,44.0,0.0,
482.0,Johnny Juzang,24.0,MIN,SG,21.0,0.0,88.0,16.0,38.0,0.421,6.0,24.0,0.25,10.0,14.0,0.714,0.5,5.0,8.0,0.625,5.0,12.0,17.0,6.0,2.0,1.0,5.0,3.0,43.0,0.0,
483.0,Miles Kelly,23.0,DAL,PG,14.0,0.0,134.0,16.0,44.0,0.364,10.0,33.0,0.303,6.0,11.0,0.545,0.477,1.0,1.0,1.0,5.0,19.0,24.0,12.0,4.0,1.0,6.0,12.0,43.0,0.0,
484.0,Caleb Houstan,23.0,ATL,SF,18.0,0.0,75.0,14.0,26.0,0.538,11.0,21.0,0.524,3.0,5.0,0.6,0.75,3.0,3.0,1.0,5.0,6.0,11.0,4.0,2.0,1.0,4.0,11.0,42.0,0.0,
485.0,Xavier Tillman Sr.,27.0,2TM,C,29.0,1.0,180.0,19.0,45.0,0.422,3.0,18.0,0.167,16.0,27.0,0.593,0.456,1.0,4.0,0.25,19.0,22.0,41.0,13.0,9.0,5.0,8.0,15.0,42.0,0.0,
485.0,Xavier Tillman Sr.,27.0,BOS,C,14.0,1.0,111.0,14.0,31.0,0.452,3.0,15.0,0.2,11.0,16.0,0.688,0.5,0.0,0.0,,10.0,15.0,25.0,5.0,6.0,2.0,5.0,9.0,31.0,0.0,
485.0,Xavier Tillman Sr.,27.0,CHO,C,15.0,0.0,69.0,5.0,14.0,0.357,0.0,3.0,0.0,5.0,11.0,0.455,0.357,1.0,4.0,0.25,9.0,7.0,16.0,8.0,3.0,3.0,3.0,6.0,11.0,0.0,
486.0,Thanasis Antetokounmpo,33.0,MIL,SF,33.0,0.0,121.0,12.0,26.0,0.462,0.0,4.0,0.0,12.0,22.0,0.545,0.462,15.0,26.0,0.577,10.0,18.0,28.0,9.0,12.0,5.0,9.0,14.0,39.0,0.0,
487.0,Adou Thiero,21.0,LAL,SF,23.0,0.0,135.0,12.0,27.0,0.444,1.0,3.0,0.333,11.0,24.0,0.458,0.463,14.0,22.0,0.636,8.0,16.0,24.0,8.0,6.0,2.0,7.0,17.0,39.0,0.0,
488.0,Kevin McCullar Jr.,24.0,NYK,SF,20.0,0.0,130.0,14.0,36.0,0.389,6.0,18.0,0.333,8.0,18.0,0.444,0.472,2.0,5.0,0.4,10.0,16.0,26.0,19.0,7.0,0.0,12.0,18.0,36.0,0.0,
489.0,Pacôme Dadiet,20.0,NYK,SG,27.0,0.0,105.0,11.0,35.0,0.314,6.0,25.0,0.24,5.0,10.0,0.5,0.4,6.0,6.0,1.0,3.0,19.0,22.0,10.0,3.0,1.0,2.0,6.0,34.0,0.0,
490.0,Nigel Hayes-Davis,31.0,PHO,SF,27.0,0.0,195.0,15.0,46.0,0.326,2.0,16.0,0.125,13.0,30.0,0.433,0.348,2.0,4.0,0.5,12.0,21.0,33.0,7.0,8.0,2.0,8.0,16.0,34.0,0.0,
491.0,Toby Okani,24.0,MEM,SG,4.0,2.0,134.0,13.0,38.0,0.342,7.0,19.0,0.368,6.0,19.0,0.316,0.434,1.0,8.0,0.125,6.0,6.0,12.0,3.0,3.0,1.0,2.0,13.0,34.0,0.0,
492.0,Omer Yurtseven,27.0,GSW,C,9.0,0.0,104.0,11.0,26.0,0.423,0.0,4.0,0.0,11.0,22.0,0.5,0.423,12.0,18.0,0.667,13.0,17.0,30.0,8.0,2.0,1.0,9.0,15.0,34.0,0.0,
493.0,Eric Gordon,37.0,PHI,SG,6.0,0.0,74.0,12.0,21.0,0.571,8.0,14.0,0.571,4.0,7.0,0.571,0.762,1.0,2.0,0.5,1.0,1.0,2.0,3.0,4.0,1.0,3.0,3.0,33.0,0.0,
494.0,Haywood Highsmith,29.0,PHO,SF,6.0,0.0,80.0,10.0,20.0,0.5,8.0,13.0,0.615,2.0,7.0,0.286,0.7,5.0,6.0,0.833,6.0,7.0,13.0,7.0,4.0,0.0,0.0,8.0,33.0,0.0,
495.0,Patrick Baldwin Jr.,23.0,3TM,SF,9.0,1.0,102.0,11.0,27.0,0.407,6.0,14.0,0.429,5.0,13.0,0.385,0.519,5.0,7.0,0.714,12.0,11.0,23.0,5.0,3.0,5.0,5.0,15.0,33.0,0.0,
495.0,Patrick Baldwin Jr.,23.0,LAC,SF,2.0,0.0,12.0,3.0,4.0,0.75,2.0,3.0,0.667,1.0,1.0,1.0,1.0,2.0,2.0,1.0,0.0,1.0,1.0,0.0,0.0,0.0,1.0,2.0,10.0,0.0,
495.0,Patrick Baldwin Jr.,23.0,PHI,SF,1.0,0.0,2.0,0.0,0.0,,0.0,0.0,,0.0,0.0,,,0.0,0.0,,0.0,1.0,1.0,0.0,0.0,0.0,0.0,0.0,0.0,0.0,
495.0,Patrick Baldwin Jr.,23.0,SAC,SF,6.0,1.0,88.0,8.0,23.0,0.348,4.0,11.0,0.364,4.0,12.0,0.333,0.435,3.0,5.0,0.6,12.0,9.0,21.0,5.0,3.0,5.0,4.0,13.0,23.0,0.0,
496.0,David Jones García,24.0,SAS,SF,11.0,0.0,68.0,13.0,25.0,0.52,3.0,5.0,0.6,10.0,20.0,0.5,0.58,3.0,6.0,0.5,4.0,9.0,13.0,18.0,6.0,1.0,5.0,6.0,32.0,0.0,
497.0,DaQuan Jeffries,28.0,SAC,SG,3.0,0.0,60.0,11.0,19.0,0.579,4.0,9.0,0.444,7.0,10.0,0.7,0.684,5.0,5.0,1.0,3.0,2.0,5.0,1.0,2.0,0.0,0.0,9.0,31.0,0.0,
498.0,Taj Gibson,40.0,MEM,C,9.0,0.0,78.0,11.0,22.0,0.5,3.0,6.0,0.5,8.0,16.0,0.5,0.568,5.0,6.0,0.833,9.0,14.0,23.0,5.0,2.0,1.0,1.0,11.0,30.0,0.0,
499.0,Dereck Lively II,21.0,DAL,C,7.0,4.0,115.0,11.0,18.0,0.611,0.0,0.0,,11.0,18.0,0.611,0.611,8.0,10.0,0.8,14.0,23.0,37.0,13.0,4.0,11.0,10.0,21.0,30.0,0.0,
500.0,Tyler Smith,21.0,DAL,PF,10.0,0.0,110.0,11.0,31.0,0.355,6.0,22.0,0.273,5.0,9.0,0.556,0.452,2.0,4.0,0.5,9.0,15.0,24.0,4.0,3.0,0.0,3.0,8.0,30.0,0.0,
501.0,Tre Scott,29.0,BRK,PF,4.0,2.0,115.0,12.0,31.0,0.387,3.0,10.0,0.3,9.0,21.0,0.429,0.435,2.0,2.0,1.0,7.0,16.0,23.0,7.0,6.0,5.0,2.0,7.0,29.0,0.0,
502.0,Mason Plumlee,35.0,2TM,C,19.0,2.0,156.0,10.0,13.0,0.769,0.0,0.0,,10.0,13.0,0.769,0.769,9.0,14.0,0.643,16.0,34.0,50.0,19.0,10.0,0.0,12.0,16.0,29.0,0.0,
502.0,Mason Plumlee,35.0,CHO,C,14.0,2.0,125.0,9.0,12.0,0.75,0.0,0.0,,9.0,12.0,0.75,0.75,8.0,12.0,0.667,10.0,30.0,40.0,16.0,6.0,0.0,9.0,10.0,26.0,0.0,
502.0,Mason Plumlee,35.0,SAS,C,5.0,0.0,31.0,1.0,1.0,1.0,0.0,0.0,,1.0,1.0,1.0,1.0,1.0,2.0,0.5,6.0,4.0,10.0,3.0,4.0,0.0,3.0,6.0,3.0,0.0,
503.0,Luke Travers,24.0,CLE,SG,12.0,0.0,103.0,9.0,36.0,0.25,1.0,16.0,0.063,8.0,20.0,0.4,0.264,9.0,9.0,1.0,9.0,15.0,24.0,9.0,7.0,4.0,3.0,6.0,28.0,0.0,
504.0,Amari Williams,24.0,BOS,PF,21.0,2.0,136.0,9.0,19.0,0.474,0.0,0.0,,9.0,19.0,0.474,0.474,10.0,14.0,0.714,9.0,30.0,39.0,9.0,3.0,10.0,10.0,17.0,28.0,0.0,
505.0,Antonio Reeves,25.0,CHO,SG,10.0,0.0,68.0,10.0,20.0,0.5,7.0,13.0,0.538,3.0,7.0,0.429,0.675,0.0,0.0,,2.0,6.0,8.0,3.0,1.0,0.0,1.0,3.0,27.0,0.0,
506.0,Andersson Garcia,25.0,UTA,SF,5.0,2.0,169.0,9.0,29.0,0.31,1.0,13.0,0.077,8.0,16.0,0.5,0.328,7.0,9.0,0.778,17.0,25.0,42.0,14.0,8.0,4.0,7.0,16.0,26.0,0.0,
507.0,Joe Ingles,38.0,MIN,SF,26.0,1.0,120.0,10.0,17.0,0.588,4.0,10.0,0.4,6.0,7.0,0.857,0.706,2.0,2.0,1.0,0.0,13.0,13.0,24.0,8.0,1.0,11.0,6.0,26.0,0.0,
508.0,Kadary Richmond,24.0,WAS,SG,3.0,0.0,67.0,10.0,16.0,0.625,2.0,4.0,0.5,8.0,12.0,0.667,0.688,3.0,3.0,1.0,1.0,9.0,10.0,8.0,8.0,1.0,2.0,2.0,25.0,0.0,
509.0,Javonte Cooke,26.0,POR,SG,19.0,0.0,94.0,9.0,41.0,0.22,3.0,23.0,0.13,6.0,18.0,0.333,0.256,2.0,2.0,1.0,4.0,15.0,19.0,7.0,6.0,0.0,9.0,6.0,23.0,0.0,
510.0,Koby Brea,23.0,PHO,SG,10.0,0.0,41.0,7.0,17.0,0.412,6.0,14.0,0.429,1.0,3.0,0.333,0.588,2.0,2.0,1.0,0.0,2.0,2.0,6.0,0.0,0.0,1.0,4.0,22.0,0.0,
511.0,Bobi Klintman,22.0,DET,SF,12.0,0.0,71.0,9.0,27.0,0.333,4.0,13.0,0.308,5.0,14.0,0.357,0.407,0.0,3.0,0.0,5.0,14.0,19.0,6.0,3.0,0.0,6.0,11.0,22.0,0.0,
512.0,Mark Sears,23.0,MIL,PG,7.0,0.0,26.0,6.0,13.0,0.462,4.0,8.0,0.5,2.0,5.0,0.4,0.615,6.0,8.0,0.75,1.0,1.0,2.0,2.0,0.0,0.0,4.0,4.0,22.0,0.0,
513.0,Jahmir Young,25.0,MIA,PG,12.0,0.0,54.0,9.0,23.0,0.391,2.0,8.0,0.25,7.0,15.0,0.467,0.435,2.0,2.0,1.0,2.0,2.0,4.0,7.0,1.0,0.0,3.0,7.0,22.0,0.0,
514.0,Trey Alexander,22.0,NOP,SG,7.0,0.0,64.0,8.0,16.0,0.5,3.0,4.0,0.75,5.0,12.0,0.417,0.594,2.0,2.0,1.0,0.0,8.0,8.0,7.0,3.0,1.0,2.0,7.0,21.0,0.0,
515.0,Bismack Biyombo,33.0,SAS,C,24.0,1.0,136.0,8.0,14.0,0.571,0.0,0.0,,8.0,14.0,0.571,0.571,5.0,7.0,0.714,5.0,20.0,25.0,5.0,4.0,2.0,7.0,27.0,21.0,0.0,
516.0,Chris Boucher,33.0,BOS,PF,9.0,0.0,94.0,8.0,25.0,0.32,2.0,15.0,0.133,6.0,10.0,0.6,0.36,3.0,4.0,0.75,2.0,16.0,18.0,3.0,5.0,7.0,1.0,17.0,21.0,0.0,
517.0,TyTy Washington Jr.,24.0,LAC,PG,15.0,0.0,86.0,9.0,19.0,0.474,3.0,8.0,0.375,6.0,11.0,0.545,0.553,0.0,0.0,,1.0,5.0,6.0,17.0,6.0,3.0,3.0,7.0,21.0,0.0,
518.0,Nikola Topić,20.0,OKC,PG,8.0,0.0,82.0,8.0,23.0,0.348,2.0,7.0,0.286,6.0,16.0,0.375,0.391,2.0,2.0,1.0,4.0,9.0,13.0,19.0,1.0,0.0,12.0,7.0,20.0,0.0,
519.0,Riley Minix,25.0,2TM,SF,7.0,0.0,25.0,8.0,12.0,0.667,3.0,6.0,0.5,5.0,6.0,0.833,0.792,0.0,0.0,,2.0,3.0,5.0,4.0,1.0,0.0,2.0,3.0,19.0,0.0,
519.0,Riley Minix,25.0,SAS,SF,3.0,0.0,8.0,4.0,6.0,0.667,1.0,3.0,0.333,3.0,3.0,1.0,0.75,0.0,0.0,,1.0,1.0,2.0,1.0,1.0,0.0,0.0,1.0,9.0,0.0,
519.0,Riley Minix,25.0,CLE,SF,4.0,0.0,17.0,4.0,6.0,0.667,2.0,3.0,0.667,2.0,3.0,0.667,0.833,0.0,0.0,,1.0,2.0,3.0,3.0,0.0,0.0,2.0,2.0,10.0,0.0,
520.0,Monte Morris,30.0,IND,PG,6.0,0.0,65.0,7.0,20.0,0.35,2.0,8.0,0.25,5.0,12.0,0.417,0.4,2.0,4.0,0.5,1.0,6.0,7.0,9.0,1.0,1.0,2.0,3.0,18.0,0.0,
521.0,Isaiah Crawford,24.0,HOU,SF,13.0,0.0,76.0,6.0,18.0,0.333,2.0,10.0,0.2,4.0,8.0,0.5,0.389,3.0,4.0,0.75,2.0,8.0,10.0,4.0,2.0,3.0,3.0,3.0,17.0,0.0,
522.0,Kyle Lowry,39.0,PHI,PG,13.0,0.0,113.0,4.0,20.0,0.2,4.0,20.0,0.2,0.0,0.0,,0.3,5.0,6.0,0.833,0.0,9.0,9.0,11.0,2.0,2.0,4.0,8.0,17.0,0.0,
523.0,Grant Nelson,23.0,BRK,PF,4.0,0.0,35.0,5.0,9.0,0.556,0.0,0.0,,5.0,9.0,0.556,0.556,7.0,10.0,0.7,1.0,5.0,6.0,5.0,1.0,5.0,4.0,6.0,17.0,0.0,
524.0,Tristan Enaruna,24.0,CLE,SF,7.0,0.0,46.0,7.0,18.0,0.389,1.0,6.0,0.167,6.0,12.0,0.5,0.417,0.0,1.0,0.0,5.0,5.0,10.0,3.0,1.0,0.0,2.0,1.0,15.0,0.0,
525.0,Emanuel Miller,25.0,CHI,PF,5.0,0.0,33.0,6.0,13.0,0.462,2.0,6.0,0.333,4.0,7.0,0.571,0.538,1.0,2.0,0.5,1.0,2.0,3.0,4.0,2.0,0.0,0.0,2.0,15.0,0.0,
526.0,Norchad Omier,24.0,LAC,PF,5.0,0.0,22.0,6.0,8.0,0.75,0.0,1.0,0.0,6.0,7.0,0.857,0.75,3.0,3.0,1.0,3.0,3.0,6.0,2.0,1.0,0.0,0.0,3.0,15.0,0.0,
527.0,Lawson Lovering,22.0,MEM,C,2.0,1.0,49.0,6.0,10.0,0.6,0.0,0.0,,6.0,10.0,0.6,0.6,2.0,5.0,0.4,6.0,9.0,15.0,3.0,3.0,1.0,2.0,7.0,14.0,0.0,
528.0,Garrett Temple,39.0,TOR,SG,21.0,0.0,69.0,3.0,14.0,0.214,2.0,11.0,0.182,1.0,3.0,0.333,0.286,6.0,9.0,0.667,1.0,7.0,8.0,8.0,3.0,2.0,7.0,6.0,14.0,0.0,
529.0,Skal Labissière,29.0,WAS,PF,3.0,0.0,38.0,6.0,10.0,0.6,1.0,5.0,0.2,5.0,5.0,1.0,0.65,0.0,0.0,,3.0,6.0,9.0,3.0,2.0,1.0,1.0,3.0,13.0,0.0,
530.0,Sean Pedulla,23.0,LAC,PG,6.0,0.0,29.0,5.0,15.0,0.333,3.0,10.0,0.3,2.0,5.0,0.4,0.433,0.0,0.0,,0.0,3.0,3.0,5.0,0.0,0.0,0.0,4.0,13.0,0.0,
531.0,James Wiseman,24.0,IND,C,4.0,1.0,58.0,6.0,10.0,0.6,0.0,0.0,,6.0,10.0,0.6,0.6,1.0,2.0,0.5,5.0,3.0,8.0,3.0,0.0,1.0,5.0,10.0,13.0,0.0,
532.0,Alex Antetokounmpo,24.0,MIL,SF,5.0,0.0,16.0,1.0,5.0,0.2,0.0,4.0,0.0,1.0,1.0,1.0,0.2,9.0,13.0,0.692,2.0,2.0,4.0,1.0,0.0,1.0,0.0,0.0,11.0,0.0,
533.0,Harrison Ingram,23.0,SAS,SF,6.0,0.0,20.0,5.0,6.0,0.833,1.0,1.0,1.0,4.0,5.0,0.8,0.917,0.0,0.0,,3.0,0.0,3.0,1.0,0.0,0.0,1.0,2.0,11.0,0.0,
534.0,Mo Bamba,27.0,2TM,C,4.0,0.0,44.0,5.0,11.0,0.455,0.0,0.0,,5.0,11.0,0.455,0.455,0.0,0.0,,10.0,12.0,22.0,1.0,0.0,3.0,2.0,6.0,10.0,0.0,
534.0,Mo Bamba,27.0,TOR,C,2.0,0.0,6.0,0.0,2.0,0.0,0.0,0.0,,0.0,2.0,0.0,0.0,0.0,0.0,,1.0,1.0,2.0,0.0,0.0,1.0,0.0,2.0,0.0,0.0,
534.0,Mo Bamba,27.0,UTA,C,2.0,0.0,38.0,5.0,9.0,0.556,0.0,0.0,,5.0,9.0,0.556,0.556,0.0,0.0,,9.0,11.0,20.0,1.0,0.0,2.0,2.0,4.0,10.0,0.0,
535.0,Johni Broome,23.0,PHI,C,11.0,0.0,55.0,4.0,24.0,0.167,0.0,5.0,0.0,4.0,19.0,0.211,0.167,2.0,6.0,0.333,7.0,9.0,16.0,4.0,3.0,2.0,3.0,7.0,10.0,0.0,
536.0,Jayson Kent,23.0,POR,SF,3.0,0.0,19.0,4.0,6.0,0.667,1.0,3.0,0.333,3.0,3.0,1.0,0.75,1.0,1.0,1.0,0.0,4.0,4.0,0.0,1.0,1.0,0.0,1.0,10.0,0.0,
537.0,Wendell Moore Jr.,24.0,DET,SG,6.0,0.0,60.0,4.0,7.0,0.571,0.0,1.0,0.0,4.0,6.0,0.667,0.571,2.0,2.0,1.0,1.0,5.0,6.0,4.0,2.0,2.0,1.0,3.0,10.0,0.0,
538.0,Isaiah Stevens,25.0,SAC,PG,3.0,0.0,43.0,3.0,7.0,0.429,0.0,1.0,0.0,3.0,6.0,0.5,0.429,4.0,4.0,1.0,2.0,1.0,3.0,10.0,5.0,0.0,2.0,2.0,10.0,0.0,
539.0,Dalano Banton,26.0,2TM,PG,5.0,0.0,25.0,4.0,9.0,0.444,0.0,0.0,,4.0,9.0,0.444,0.444,2.0,2.0,1.0,1.0,0.0,1.0,4.0,1.0,1.0,2.0,1.0,10.0,0.0,
539.0,Dalano Banton,26.0,LAC,PG,2.0,0.0,10.0,3.0,4.0,0.75,0.0,0.0,,3.0,4.0,0.75,0.75,0.0,0.0,,1.0,0.0,1.0,2.0,1.0,0.0,1.0,0.0,6.0,0.0,
539.0,Dalano Banton,26.0,BOS,PG,3.0,0.0,15.0,1.0,5.0,0.2,0.0,0.0,,1.0,5.0,0.2,0.2,2.0,2.0,1.0,0.0,0.0,0.0,2.0,0.0,1.0,1.0,1.0,4.0,0.0,
540.0,Trey Jemison,26.0,NYK,C,11.0,0.0,61.0,4.0,7.0,0.571,0.0,0.0,,4.0,7.0,0.571,0.571,1.0,1.0,1.0,8.0,8.0,16.0,3.0,1.0,2.0,6.0,9.0,9.0,0.0,
541.0,Curtis Jones,24.0,DEN,SG,8.0,0.0,36.0,4.0,15.0,0.267,1.0,9.0,0.111,3.0,6.0,0.5,0.3,0.0,0.0,,1.0,4.0,5.0,4.0,1.0,0.0,1.0,3.0,9.0,0.0,
542.0,Chris Livingston,22.0,CLE,SF,3.0,0.0,17.0,4.0,7.0,0.571,0.0,3.0,0.0,4.0,4.0,1.0,0.571,1.0,1.0,1.0,0.0,3.0,3.0,1.0,1.0,0.0,0.0,4.0,9.0,0.0,
543.0,Josh Oduro,25.0,NOP,PF,1.0,0.0,26.0,4.0,7.0,0.571,0.0,0.0,,4.0,7.0,0.571,0.571,1.0,2.0,0.5,2.0,3.0,5.0,1.0,0.0,0.0,1.0,4.0,9.0,0.0,
544.0,Brandon Clarke,29.0,MEM,PF,2.0,2.0,20.0,3.0,9.0,0.333,0.0,0.0,,3.0,9.0,0.333,0.333,2.0,4.0,0.5,4.0,2.0,6.0,1.0,2.0,0.0,0.0,5.0,8.0,0.0,
545.0,Alex Morales,28.0,ORL,PG,3.0,0.0,18.0,3.0,6.0,0.5,0.0,0.0,,3.0,6.0,0.5,0.5,2.0,2.0,1.0,1.0,2.0,3.0,4.0,0.0,0.0,3.0,6.0,8.0,0.0,
546.0,Jacob Toppin,25.0,ATL,SF,5.0,0.0,17.0,4.0,6.0,0.667,0.0,0.0,,4.0,6.0,0.667,0.667,0.0,0.0,,0.0,1.0,1.0,1.0,0.0,1.0,0.0,1.0,8.0,0.0,
547.0,Dillon Jones,24.0,NYK,SF,6.0,0.0,27.0,1.0,6.0,0.167,1.0,4.0,0.25,0.0,2.0,0.0,0.25,4.0,4.0,1.0,2.0,4.0,6.0,4.0,2.0,0.0,0.0,5.0,7.0,0.0,
548.0,Cody Martin,30.0,IND,SF,4.0,0.0,55.0,2.0,10.0,0.2,0.0,5.0,0.0,2.0,5.0,0.4,0.2,3.0,6.0,0.5,1.0,13.0,14.0,2.0,4.0,2.0,4.0,5.0,7.0,0.0,
549.0,Orlando Robinson,25.0,ORL,C,4.0,1.0,25.0,3.0,5.0,0.6,1.0,2.0,0.5,2.0,3.0,0.667,0.7,0.0,0.0,,2.0,2.0,4.0,3.0,1.0,0.0,0.0,3.0,7.0,0.0,
550.0,Hunter Sallis,22.0,PHI,SG,7.0,0.0,26.0,3.0,5.0,0.6,0.0,0.0,,3.0,5.0,0.6,0.6,1.0,2.0,0.5,0.0,1.0,1.0,4.0,0.0,1.0,5.0,2.0,7.0,0.0,
551.0,Isaac Jones,25.0,2TM,PF,6.0,1.0,26.0,3.0,6.0,0.5,0.0,2.0,0.0,3.0,4.0,0.75,0.5,1.0,2.0,0.5,2.0,3.0,5.0,1.0,0.0,1.0,0.0,4.0,7.0,0.0,
551.0,Isaac Jones,25.0,SAC,PF,3.0,1.0,17.0,1.0,2.0,0.5,0.0,1.0,0.0,1.0,1.0,1.0,0.5,1.0,2.0,0.5,2.0,0.0,2.0,1.0,0.0,0.0,0.0,4.0,3.0,0.0,
551.0,Isaac Jones,25.0,DET,PF,3.0,0.0,9.0,2.0,4.0,0.5,0.0,1.0,0.0,2.0,3.0,0.667,0.5,0.0,0.0,,0.0,3.0,3.0,0.0,0.0,1.0,0.0,0.0,4.0,0.0,
552.0,Buddy Boeheim,26.0,OKC,SF,4.0,0.0,15.0,2.0,6.0,0.333,2.0,6.0,0.333,0.0,0.0,,0.5,0.0,0.0,,0.0,0.0,0.0,0.0,0.0,0.0,0.0,1.0,6.0,0.0,
553.0,Keshon Gilbert,22.0,WAS,PG,3.0,0.0,48.0,1.0,4.0,0.25,0.0,2.0,0.0,1.0,2.0,0.5,0.25,4.0,4.0,1.0,2.0,3.0,5.0,3.0,2.0,4.0,6.0,3.0,6.0,0.0,
554.0,Trevor Keels,22.0,MIA,SG,6.0,0.0,11.0,2.0,9.0,0.222,2.0,8.0,0.25,0.0,1.0,0.0,0.333,0.0,0.0,,0.0,2.0,2.0,0.0,0.0,0.0,0.0,0.0,6.0,0.0,
555.0,Rocco Zikarsky,19.0,MIN,C,4.0,0.0,16.0,3.0,5.0,0.6,0.0,0.0,,3.0,5.0,0.6,0.6,0.0,0.0,,2.0,3.0,5.0,0.0,0.0,3.0,0.0,1.0,6.0,0.0,
556.0,Drew Peterson,26.0,CHO,PF,6.0,0.0,64.0,2.0,16.0,0.125,0.0,12.0,0.0,2.0,4.0,0.5,0.125,1.0,2.0,0.5,3.0,6.0,9.0,2.0,3.0,1.0,0.0,3.0,5.0,0.0,
557.0,Dario Šarić,31.0,SAC,C,5.0,0.0,41.0,1.0,6.0,0.167,1.0,3.0,0.333,0.0,3.0,0.0,0.25,2.0,2.0,1.0,1.0,5.0,6.0,2.0,0.0,0.0,2.0,3.0,5.0,0.0,
558.0,Hunter Dickinson,25.0,NOP,C,3.0,0.0,17.0,1.0,5.0,0.2,0.0,2.0,0.0,1.0,3.0,0.333,0.2,2.0,2.0,1.0,0.0,1.0,1.0,0.0,0.0,2.0,3.0,4.0,4.0,0.0,
559.0,Trentyn Flowers,20.0,CHI,SF,2.0,0.0,6.0,2.0,3.0,0.667,0.0,1.0,0.0,2.0,2.0,1.0,0.667,0.0,0.0,,1.0,0.0,1.0,1.0,0.0,0.0,1.0,1.0,4.0,0.0,
560.0,Markelle Fultz,27.0,TOR,PG,5.0,0.0,36.0,2.0,11.0,0.182,0.0,0.0,,2.0,11.0,0.182,0.182,0.0,0.0,,0.0,1.0,1.0,8.0,2.0,0.0,4.0,2.0,4.0,0.0,
561.0,Vladislav Goldin,24.0,MIA,C,7.0,0.0,20.0,2.0,3.0,0.667,0.0,0.0,,2.0,3.0,0.667,0.667,0.0,0.0,,3.0,4.0,7.0,3.0,0.0,2.0,3.0,4.0,4.0,0.0,
562.0,Chris Mañon,24.0,LAL,SG,7.0,0.0,37.0,1.0,4.0,0.25,0.0,2.0,0.0,1.0,2.0,0.5,0.25,2.0,2.0,1.0,1.0,7.0,8.0,2.0,4.0,2.0,1.0,5.0,4.0,0.0,
563.0,Zyon Pullin,24.0,MIN,SG,4.0,0.0,12.0,1.0,1.0,1.0,0.0,0.0,,1.0,1.0,1.0,1.0,2.0,2.0,1.0,0.0,0.0,0.0,4.0,1.0,0.0,3.0,2.0,4.0,0.0,
564.0,David Roddy,24.0,DEN,PF,3.0,0.0,14.0,1.0,5.0,0.2,0.0,4.0,0.0,1.0,1.0,1.0,0.2,2.0,2.0,1.0,1.0,4.0,5.0,2.0,1.0,0.0,0.0,2.0,4.0,0.0,
565.0,Payton Sandfort,23.0,OKC,SF,2.0,0.0,7.0,1.0,5.0,0.2,1.0,4.0,0.25,0.0,1.0,0.0,0.3,1.0,2.0,0.5,0.0,2.0,2.0,0.0,0.0,0.0,1.0,5.0,4.0,0.0,
566.0,Max Shulga,23.0,BOS,SG,9.0,0.0,13.0,1.0,4.0,0.25,0.0,1.0,0.0,1.0,3.0,0.333,0.25,2.0,2.0,1.0,1.0,0.0,1.0,2.0,0.0,0.0,1.0,5.0,4.0,0.0,
567.0,N'Faly Dante,24.0,ATL,C,4.0,0.0,15.0,1.0,4.0,0.25,0.0,0.0,,1.0,4.0,0.25,0.25,1.0,1.0,1.0,3.0,4.0,7.0,0.0,2.0,0.0,1.0,1.0,3.0,0.0,
568.0,Colin Castleton,25.0,ORL,C,3.0,0.0,15.0,1.0,3.0,0.333,0.0,0.0,,1.0,3.0,0.333,0.333,0.0,0.0,,1.0,5.0,6.0,1.0,0.0,0.0,2.0,1.0,2.0,0.0,
569.0,CJ Huntley,24.0,PHO,SF,2.0,0.0,7.0,1.0,2.0,0.5,0.0,0.0,,1.0,2.0,0.5,0.5,0.0,0.0,,0.0,0.0,0.0,1.0,0.0,0.0,0.0,1.0,2.0,0.0,
570.0,Colby Jones,23.0,DET,SG,1.0,0.0,7.0,1.0,3.0,0.333,0.0,2.0,0.0,1.0,1.0,1.0,0.333,0.0,0.0,,0.0,4.0,4.0,2.0,0.0,0.0,0.0,1.0,2.0,0.0,
571.0,John Tonje,24.0,BOS,SG,5.0,0.0,12.0,0.0,2.0,0.0,0.0,2.0,0.0,0.0,0.0,,0.0,2.0,2.0,1.0,0.0,2.0,2.0,1.0,1.0,0.0,0.0,1.0,2.0,0.0,
572.0,Stanley Umude,26.0,SAS,SG,2.0,0.0,7.0,1.0,2.0,0.5,0.0,1.0,0.0,1.0,1.0,1.0,0.5,0.0,0.0,,0.0,0.0,0.0,1.0,1.0,0.0,0.0,2.0,2.0,0.0,
573.0,Olivier Sarr,26.0,CLE,C,2.0,0.0,5.0,0.0,0.0,,0.0,0.0,,0.0,0.0,,,1.0,2.0,0.5,0.0,0.0,0.0,0.0,0.0,0.0,0.0,2.0,1.0,0.0,
574.0,Jahmyl Telfort,24.0,LAC,PF,8.0,0.0,32.0,0.0,4.0,0.0,0.0,4.0,0.0,0.0,0.0,,0.0,1.0,4.0,0.25,0.0,3.0,3.0,1.0,1.0,0.0,1.0,5.0,1.0,0.0,
575.0,Darius Brown II,26.0,CLE,SG,1.0,0.0,3.0,0.0,1.0,0.0,0.0,0.0,,0.0,1.0,0.0,0.0,0.0,0.0,,0.0,1.0,1.0,0.0,0.0,0.0,0.0,0.0,0.0,0.0,
576.0,Noa Essengue,19.0,CHI,PF,2.0,0.0,6.0,0.0,3.0,0.0,0.0,2.0,0.0,0.0,1.0,0.0,0.0,0.0,0.0,,0.0,0.0,0.0,0.0,1.0,0.0,0.0,1.0,0.0,0.0,
577.0,Tosan Evbuomwan,24.0,NYK,SF,5.0,0.0,8.0,0.0,1.0,0.0,0.0,0.0,,0.0,1.0,0.0,0.0,0.0,0.0,,1.0,1.0,2.0,0.0,0.0,0.0,0.0,1.0,0.0,0.0,
578.0,Enrique Freeman,25.0,MIN,PF,3.0,0.0,11.0,0.0,0.0,,0.0,0.0,,0.0,0.0,,,0.0,0.0,,0.0,3.0,3.0,0.0,0.0,1.0,0.0,0.0,0.0,0.0,
579.0,Chucky Hepburn,22.0,TOR,PG,2.0,0.0,13.0,0.0,6.0,0.0,0.0,5.0,0.0,0.0,1.0,0.0,0.0,0.0,0.0,,0.0,1.0,1.0,2.0,1.0,0.0,1.0,2.0,0.0,0.0,
,League Average,,,,,,,,,0.471,,,0.36,,,0.55,0.545,,,0.783,,,,,,,,,,,
