Rk,Player,Age,Team,Pos,G,GS,MP,FG,FGA,FG%,3P,3PA,3P%,2P,2PA,2P%,eFG%,FT,FTA,FT%,ORB,DRB,TRB,AST,STL,BLK,TOV,PF,PTS,Awards
1.0,Luka Dončić,26.0,LAL,PG,64.0,64.0,35.8,10.8,22.8,0.476,4.0,10.8,0.366,6.9,11.9,0.575,0.563,7.9,10.1,0.78,0.6,7.1,7.7,8.3,1.6,0.5,4.0,2.4,33.5,AS
2.0,Shai Gilgeous-Alexander,27.0,OKC,PG,68.0,68.0,33.2,10.8,19.4,0.553,1.7,4.4,0.386,9.1,15.0,0.602,0.597,7.9,9.0,0.879,0.6,3.7,4.3,6.6,1.4,0.8,2.2,2.0,31.1,AS
3.0,Anthony Edwards,24.0,MIN,SG,61.0,60.0,35.0,9.9,20.2,0.489,3.4,8.4,0.399,6.5,11.8,0.554,0.572,5.7,7.2,0.796,0.6,4.4,5.0,3.7,1.4,0.8,2.9,1.9,28.8,AS
4.0,Jaylen Brown,29.0,BOS,SF,71.0,71.0,34.4,10.4,21.7,0.477,2.0,5.7,0.347,8.4,16.0,0.523,0.522,6.0,7.5,0.795,1.1,5.8,6.9,5.1,1.0,0.4,3.6,2.7,28.7,AS
5.0,Tyrese Maxey,25.0,PHI,PG,69.0,69.0,38.2,9.9,21.6,0.461,3.2,8.6,0.367,6.8,13.0,0.523,0.534,5.3,6.0,0.891,0.3,3.8,4.2,6.7,1.9,0.8,2.4,2.2,28.4,AS
6.0,Kawhi Leonard,34.0,LAC,SF,65.0,65.0,32.1,9.8,19.4,0.505,2.6,6.8,0.387,7.1,12.5,0.569,0.573,5.7,6.4,0.892,1.1,5.3,6.4,3.6,1.9,0.4,2.0,1.2,27.9,AS
7.0,Donovan Mitchell,29.0,CLE,SG,70.0,70.0,33.5,9.7,20.0,0.483,3.2,8.8,0.364,6.5,11.2,0.577,0.563,5.3,6.1,0.865,0.7,3.8,4.5,5.7,1.5,0.3,2.8,2.3,27.9,AS
8.0,Nikola Jokić,30.0,DEN,C,64.0,64.0,35.1,10.0,17.5,0.569,1.7,4.6,0.379,8.2,12.9,0.636,0.618,6.1,7.4,0.828,2.9,10.0,12.9,10.9,1.4,0.8,3.8,2.7,27.8,AS
9.0,Giannis Antetokounmpo,31.0,MIL,PF,36.0,36.0,28.9,10.4,16.6,0.624,0.4,1.3,0.333,9.9,15.4,0.647,0.636,6.4,9.9,0.65,2.7,7.1,9.8,5.4,0.9,0.7,3.2,2.4,27.6,AS
10.0,Joel Embiid,31.0,PHI,C,38.0,38.0,31.6,9.0,18.3,0.489,1.4,4.2,0.333,7.6,14.2,0.535,0.527,7.5,8.8,0.854,2.0,5.7,7.7,3.9,0.6,1.2,2.9,2.2,26.9,
11.0,Lauri Markkanen,28.0,UTA,PF,42.0,42.0,34.4,9.1,19.2,0.477,2.7,7.7,0.355,6.4,11.5,0.559,0.548,5.7,6.4,0.896,2.0,4.9,6.9,2.1,1.0,0.5,1.5,1.8,26.7,
12.0,Stephen Curry,37.0,GSW,PG,42.0,40.0,31.0,8.7,18.7,0.468,4.4,11.3,0.392,4.3,7.4,0.584,0.586,4.7,5.1,0.93,0.4,3.1,3.5,4.8,1.1,0.4,2.8,1.8,26.6,AS
13.0,Devin Booker,29.0,PHO,SG,64.0,64.0,33.5,8.5,18.7,0.456,1.9,5.8,0.33,6.6,12.9,0.512,0.507,7.1,8.1,0.873,0.8,3.1,3.9,6.0,0.8,0.3,3.1,2.6,26.1,AS
14.0,Jalen Brunson,29.0,NYK,PG,74.0,74.0,35.0,9.3,19.9,0.467,2.6,7.1,0.369,6.7,12.8,0.522,0.533,4.8,5.7,0.841,0.4,2.9,3.3,6.8,0.8,0.1,2.4,2.3,26.0,AS
15.0,Kevin Durant,37.0,HOU,SF,78.0,78.0,36.4,9.2,17.6,0.52,2.4,5.8,0.413,6.8,11.9,0.572,0.588,5.2,6.0,0.874,0.5,4.9,5.5,4.8,0.8,0.9,3.2,1.8,26.0,AS
16.0,Jamal Murray,28.0,DEN,PG,75.0,75.0,35.4,8.8,18.1,0.483,3.3,7.5,0.435,5.5,10.6,0.517,0.573,4.6,5.2,0.887,0.4,4.0,4.4,7.1,0.9,0.4,2.3,1.7,25.4,AS
17.0,Victor Wembanyama,22.0,SAS,C,64.0,55.0,29.2,8.6,16.9,0.512,1.9,5.5,0.349,6.7,11.4,0.59,0.569,5.8,7.0,0.827,2.0,9.5,11.5,3.1,1.0,3.1,2.4,2.4,25.0,AS
18.0,Deni Avdija,25.0,POR,SF,65.0,65.0,33.3,7.4,16.1,0.462,1.8,5.9,0.313,5.6,10.2,0.549,0.52,7.5,9.3,0.802,1.1,5.8,6.9,6.6,0.8,0.6,3.8,2.6,24.2,AS
19.0,Cade Cunningham,24.0,DET,PG,63.0,63.0,34.1,8.7,18.7,0.463,2.0,5.7,0.344,6.7,13.0,0.515,0.516,4.9,6.1,0.812,0.9,4.6,5.5,9.8,1.5,0.9,3.7,3.1,24.2,AS
20.0,Michael Porter Jr.,27.0,BRK,SF,52.0,52.0,32.5,8.5,18.4,0.463,3.4,9.3,0.363,5.2,9.1,0.567,0.555,3.8,4.4,0.859,1.3,5.7,7.1,3.0,1.1,0.3,2.3,2.2,24.2,
21.0,Pascal Siakam,31.0,IND,PF,62.0,62.0,33.2,9.0,18.6,0.484,1.7,4.7,0.358,7.3,13.9,0.527,0.529,4.2,6.1,0.693,1.4,5.2,6.6,3.8,1.1,0.4,2.2,2.4,24.0,AS
22.0,James Harden,36.0,2TM,PG,70.0,70.0,34.8,7.0,16.0,0.434,3.1,8.2,0.375,3.9,7.9,0.495,0.529,6.6,7.5,0.884,0.6,4.2,4.8,8.0,1.1,0.4,3.5,2.0,23.6,
22.0,James Harden,36.0,LAC,PG,44.0,44.0,35.4,7.3,17.5,0.419,3.1,8.8,0.347,4.3,8.7,0.492,0.506,7.7,8.5,0.901,0.6,4.2,4.8,8.1,1.3,0.4,3.7,1.9,25.4,
22.0,James Harden,36.0,CLE,PG,26.0,26.0,33.8,6.3,13.5,0.466,3.1,7.1,0.435,3.2,6.5,0.5,0.58,4.8,5.8,0.84,0.5,4.3,4.8,7.7,0.8,0.5,3.2,2.1,20.5,
23.0,Keyonte George,22.0,UTA,PG,54.0,54.0,33.1,7.4,16.3,0.456,2.5,6.7,0.371,5.0,9.6,0.515,0.532,6.2,7.0,0.892,0.4,3.3,3.7,6.1,1.1,0.3,3.1,2.2,23.6,
24.0,Austin Reaves,27.0,LAL,SG,51.0,45.0,34.5,7.3,14.9,0.49,2.3,6.4,0.36,5.0,8.5,0.588,0.567,6.3,7.3,0.871,0.6,4.1,4.7,5.5,1.1,0.4,3.0,2.2,23.3,
25.0,Jalen Johnson,24.0,ATL,SF,72.0,72.0,35.2,8.3,17.1,0.489,1.7,4.7,0.352,6.7,12.3,0.541,0.537,4.2,5.3,0.788,1.4,8.9,10.3,7.9,1.2,0.4,3.4,2.1,22.5,AS
26.0,Paolo Banchero,23.0,ORL,PF,71.0,71.0,34.7,7.4,15.9,0.462,1.2,3.8,0.311,6.2,12.1,0.509,0.499,6.3,8.2,0.774,1.1,7.2,8.4,5.1,0.7,0.6,3.0,2.0,22.2,
27.0,Jayson Tatum,27.0,BOS,PF,16.0,16.0,32.6,7.4,17.9,0.411,2.9,8.9,0.329,4.4,9.0,0.493,0.493,4.1,4.9,0.823,0.5,9.5,10.0,5.3,1.4,0.2,2.4,1.6,21.8,
28.0,Norman Powell,32.0,MIA,SG,57.0,52.0,29.7,7.2,15.4,0.47,2.7,7.1,0.38,4.6,8.3,0.547,0.558,4.5,5.5,0.824,0.4,3.2,3.5,2.5,1.1,0.2,1.9,2.2,21.7,AS
29.0,Trey Murphy III,25.0,NOP,SF,66.0,66.0,35.5,7.5,15.9,0.47,3.2,8.6,0.379,4.2,7.3,0.577,0.572,3.3,3.7,0.886,1.0,4.8,5.7,3.8,1.5,0.4,1.8,2.1,21.5,
30.0,Brandon Ingram,28.0,TOR,SF,76.0,76.0,33.8,8.0,16.8,0.475,1.7,4.6,0.379,6.3,12.2,0.511,0.527,3.7,4.6,0.816,0.8,4.7,5.5,3.7,0.8,0.7,2.4,1.9,21.4,AS
31.0,Cooper Flagg,19.0,DAL,SF,69.0,69.0,33.8,8.0,17.2,0.468,1.0,3.5,0.296,7.0,13.7,0.512,0.498,4.1,4.9,0.826,1.2,5.5,6.7,4.6,1.2,0.9,2.3,2.0,21.2,
32.0,Julius Randle,31.0,MIN,PF,79.0,79.0,33.0,7.3,15.3,0.481,1.4,4.4,0.315,6.0,10.9,0.547,0.526,5.0,6.3,0.802,1.7,5.1,6.7,5.0,1.1,0.2,2.7,2.8,21.1,
33.0,Shaedon Sharpe,22.0,POR,SG,49.0,42.0,29.7,7.9,17.5,0.454,2.1,6.2,0.341,5.8,11.3,0.515,0.514,3.1,4.0,0.784,1.0,3.4,4.4,2.6,1.4,0.1,3.0,2.0,21.1,
34.0,Tyler Herro,26.0,MIA,SG,32.0,27.0,31.6,7.7,15.8,0.484,2.6,6.8,0.384,5.1,9.1,0.559,0.566,3.1,3.4,0.917,0.4,4.2,4.6,4.0,0.7,0.4,1.9,1.9,21.0,
35.0,LeBron James,41.0,LAL,SF,59.0,59.0,33.4,7.9,15.3,0.517,1.3,4.1,0.321,6.6,11.3,0.587,0.559,3.8,5.2,0.735,0.7,5.4,6.1,7.2,1.2,0.6,3.0,1.4,21.0,AS
36.0,Zion Williamson,25.0,NOP,PF,62.0,55.0,29.7,7.8,13.0,0.6,0.0,0.1,0.25,7.8,13.0,0.601,0.6,5.4,7.5,0.716,2.0,3.7,5.7,3.2,1.0,0.5,2.0,2.3,21.0,
37.0,Nickeil Alexander-Walker,27.0,ATL,SG,78.0,71.0,33.4,7.0,15.3,0.459,3.2,8.1,0.399,3.8,7.3,0.525,0.564,3.6,3.9,0.902,0.7,2.8,3.4,3.7,1.3,0.5,2.1,2.2,20.8,
38.0,Franz Wagner,24.0,ORL,SF,33.0,31.0,30.1,7.2,14.8,0.485,1.4,4.0,0.348,5.8,10.8,0.535,0.532,4.8,5.9,0.82,1.3,4.0,5.2,3.4,0.9,0.3,1.7,2.1,20.6,
39.0,Anthony Davis,32.0,DAL,PF,20.0,20.0,31.3,8.5,16.7,0.506,0.5,1.9,0.27,8.0,14.9,0.535,0.521,3.0,4.1,0.728,3.1,8.0,11.1,2.8,1.1,1.7,2.1,2.1,20.4,
40.0,Alperen Şengün,23.0,HOU,C,72.0,72.0,33.3,8.1,15.6,0.519,0.6,1.8,0.305,7.5,13.8,0.547,0.537,3.6,5.2,0.691,3.0,5.9,8.9,6.2,1.2,1.1,3.2,3.3,20.4,AS
41.0,Desmond Bane,27.0,ORL,SG,81.0,81.0,33.8,7.2,14.8,0.485,2.0,5.2,0.392,5.1,9.6,0.535,0.554,3.9,4.2,0.91,1.2,3.0,4.1,4.2,1.0,0.4,2.0,3.1,20.2,
42.0,Dillon Brooks,30.0,PHO,SF,56.0,56.0,30.4,7.4,17.1,0.435,2.3,6.6,0.344,5.2,10.5,0.492,0.501,3.0,3.6,0.842,0.8,2.9,3.6,1.8,1.0,0.2,1.8,3.3,20.2,
43.0,Brandon Miller,23.0,CHO,SF,64.0,64.0,30.3,7.0,16.1,0.435,3.1,8.2,0.383,3.9,7.9,0.489,0.532,3.0,3.4,0.894,1.1,3.9,4.9,3.4,1.0,0.7,2.5,2.8,20.2,
44.0,LaMelo Ball,24.0,CHO,PG,71.0,68.0,28.0,7.0,17.3,0.407,3.8,10.2,0.369,3.3,7.1,0.463,0.516,2.3,2.5,0.899,0.9,3.9,4.8,7.2,1.2,0.2,2.8,2.7,20.1,
45.0,Karl-Anthony Towns,30.0,NYK,C,75.0,75.0,31.0,6.9,13.8,0.501,1.5,4.1,0.368,5.4,9.7,0.557,0.556,4.8,5.5,0.858,3.1,8.7,11.9,3.0,0.9,0.5,2.5,3.4,20.1,AS
46.0,Bam Adebayo,28.0,MIA,C,72.0,72.0,32.4,6.9,15.7,0.439,1.8,5.5,0.318,5.1,10.2,0.505,0.495,4.5,5.8,0.78,2.0,8.0,10.0,3.2,1.2,0.7,1.7,1.7,20.0,
47.0,Jimmy Butler,36.0,GSW,SF,38.0,38.0,31.1,6.3,12.2,0.519,0.8,2.2,0.376,5.5,9.9,0.552,0.554,6.5,7.6,0.864,2.3,3.2,5.6,4.9,1.4,0.2,1.6,1.2,20.0,
48.0,Ty Jerome,28.0,MEM,SG,15.0,15.0,22.6,6.8,14.3,0.474,2.8,6.7,0.42,4.0,7.7,0.522,0.572,3.3,3.7,0.875,0.7,2.1,2.8,5.7,1.1,0.3,1.8,2.1,19.7,
49.0,Jalen Duren,22.0,DET,C,70.0,70.0,28.2,7.5,11.5,0.65,0.0,0.0,,7.5,11.5,0.65,0.65,4.6,6.1,0.747,3.8,6.7,10.5,2.0,0.8,0.8,1.9,2.8,19.5,AS
50.0,Ja Morant,26.0,MEM,PG,20.0,20.0,28.5,6.6,16.1,0.41,1.0,4.3,0.235,5.6,11.9,0.473,0.441,5.3,5.9,0.897,0.4,2.9,3.3,8.1,1.0,0.3,3.6,2.0,19.5,
51.0,Jaren Jackson Jr.,26.0,2TM,C,48.0,48.0,30.3,7.1,15.0,0.476,1.8,4.9,0.357,5.4,10.1,0.533,0.534,3.4,4.2,0.803,0.9,4.8,5.7,2.0,1.1,1.4,2.2,3.7,19.4,
51.0,Jaren Jackson Jr.,26.0,MEM,C,45.0,45.0,30.7,7.1,14.9,0.475,1.8,4.9,0.359,5.3,10.0,0.531,0.534,3.3,4.2,0.797,0.9,4.8,5.8,1.9,1.0,1.5,2.2,3.8,19.2,
51.0,Jaren Jackson Jr.,26.0,UTA,C,3.0,3.0,24.0,8.0,16.3,0.49,1.7,5.0,0.333,6.3,11.3,0.559,0.541,4.7,5.3,0.875,0.3,4.0,4.3,2.7,2.0,0.3,2.3,3.0,22.3,
52.0,Zach LaVine,30.0,SAC,SG,39.0,37.0,31.4,6.7,14.0,0.479,2.5,6.5,0.39,4.2,7.5,0.556,0.569,3.2,3.6,0.88,0.2,2.6,2.8,2.3,0.7,0.3,1.9,2.1,19.2,
53.0,RJ Barrett,25.0,TOR,SF,56.0,56.0,30.3,7.0,14.3,0.489,1.7,5.0,0.338,5.3,9.3,0.57,0.548,3.5,4.8,0.719,1.0,4.3,5.3,3.3,0.8,0.3,1.8,2.5,19.1,
54.0,Darius Garland,26.0,2TM,PG,44.0,42.0,30.0,6.9,14.9,0.463,2.8,6.9,0.399,4.1,8.0,0.517,0.555,2.3,2.7,0.858,0.4,2.0,2.4,6.7,1.0,0.2,2.9,1.9,18.9,
54.0,Darius Garland,26.0,CLE,PG,26.0,26.0,30.5,6.5,14.5,0.451,2.3,6.3,0.36,4.3,8.2,0.521,0.529,2.6,3.0,0.861,0.5,2.0,2.4,6.9,0.8,0.1,2.8,1.8,18.0,
54.0,Darius Garland,26.0,LAC,PG,18.0,16.0,29.2,7.4,15.4,0.478,3.4,7.7,0.446,3.9,7.7,0.511,0.59,1.9,2.3,0.854,0.3,2.1,2.4,6.4,1.2,0.3,3.1,1.9,20.2,
55.0,CJ McCollum,34.0,2TM,PG,76.0,60.0,29.8,6.9,15.2,0.455,2.5,6.7,0.375,4.4,8.5,0.519,0.538,2.4,3.1,0.772,0.8,2.5,3.3,3.9,0.8,0.5,1.8,1.9,18.7,
55.0,CJ McCollum,34.0,WAS,SG,35.0,35.0,30.9,6.9,15.1,0.454,2.7,7.0,0.393,4.1,8.1,0.505,0.544,2.3,2.9,0.804,0.7,2.9,3.5,3.6,0.7,0.3,1.7,2.1,18.8,
55.0,CJ McCollum,34.0,ATL,PG,41.0,25.0,28.8,7.0,15.2,0.456,2.3,6.5,0.357,4.6,8.8,0.529,0.532,2.5,3.3,0.748,1.0,2.2,3.1,4.1,1.0,0.6,1.9,1.7,18.7,
56.0,Jerami Grant,31.0,POR,PF,57.0,38.0,29.7,5.8,12.8,0.453,2.4,6.1,0.389,3.4,6.7,0.513,0.547,4.6,5.6,0.814,1.0,2.5,3.5,2.1,0.7,0.6,2.1,2.5,18.6,
57.0,Kon Knueppel,20.0,CHO,SF,80.0,79.0,31.5,6.4,13.4,0.477,3.4,7.9,0.427,3.0,5.5,0.548,0.603,2.4,2.8,0.862,1.2,4.1,5.3,3.4,0.7,0.2,2.0,2.1,18.6,
58.0,De'Aaron Fox,28.0,SAS,PG,71.0,71.0,31.0,7.1,14.5,0.488,1.8,5.4,0.333,5.3,9.1,0.58,0.55,2.6,3.4,0.756,0.6,3.1,3.7,6.2,1.3,0.3,2.3,2.3,18.5,AS
59.0,DeMar DeRozan,36.0,SAC,PF,77.0,77.0,31.2,6.5,13.1,0.497,0.6,1.9,0.32,5.9,11.1,0.527,0.52,4.9,5.6,0.868,0.5,2.5,2.9,4.1,1.0,0.3,1.2,1.9,18.4,
60.0,Amen Thompson,23.0,HOU,PG,79.0,79.0,37.4,7.1,13.2,0.534,0.3,1.5,0.216,6.7,11.7,0.573,0.545,3.8,4.9,0.779,3.0,4.8,7.8,5.3,1.5,0.6,2.4,2.2,18.3,
61.0,Evan Mobley,24.0,CLE,PF,65.0,63.0,31.9,7.2,13.2,0.546,1.0,3.2,0.297,6.3,10.0,0.626,0.582,2.8,4.6,0.606,2.4,6.6,9.0,3.6,0.7,1.7,1.9,2.4,18.2,
62.0,Scottie Barnes,24.0,TOR,PF,79.0,79.0,33.5,7.1,14.1,0.504,0.9,2.8,0.304,6.2,11.2,0.555,0.535,3.0,3.7,0.814,1.9,5.6,7.4,5.8,1.4,1.4,2.6,2.7,18.1,AS
63.0,Trae Young,27.0,2TM,PG,15.0,15.0,25.6,5.4,11.8,0.458,1.8,5.3,0.338,3.6,6.5,0.557,0.534,5.3,6.5,0.825,0.3,1.7,2.0,8.0,0.9,0.1,2.6,2.2,17.9,
63.0,Trae Young,27.0,ATL,PG,10.0,10.0,28.0,5.6,13.5,0.415,1.8,5.9,0.305,3.8,7.6,0.5,0.481,6.3,7.3,0.863,0.0,1.5,1.5,8.9,1.0,0.1,2.6,2.0,19.3,
63.0,Trae Young,27.0,WAS,PG,5.0,5.0,20.8,5.0,8.4,0.595,1.8,4.2,0.429,3.2,4.2,0.762,0.702,3.4,4.8,0.708,0.8,2.2,3.0,6.2,0.6,0.2,2.6,2.6,15.2,
64.0,Jalen Green,23.0,PHO,SG,32.0,27.0,25.9,6.8,16.0,0.422,2.2,7.1,0.313,4.5,8.9,0.509,0.491,2.0,2.7,0.747,0.5,3.1,3.6,2.8,1.1,0.3,2.3,1.3,17.8,
65.0,Saddiq Bey,26.0,NOP,SF,72.0,64.0,31.2,6.1,13.4,0.451,2.1,5.7,0.367,4.0,7.7,0.514,0.529,3.4,4.1,0.841,1.7,3.9,5.6,2.5,0.9,0.1,0.9,1.3,17.7,
66.0,Bennedict Mathurin,23.0,2TM,SF,53.0,25.0,30.0,5.4,12.5,0.43,1.4,4.4,0.316,4.0,8.1,0.492,0.486,5.4,6.2,0.873,1.0,4.4,5.4,2.3,0.8,0.2,2.2,2.5,17.5,
66.0,Bennedict Mathurin,23.0,IND,SF,28.0,24.0,31.8,5.5,12.8,0.433,2.1,5.6,0.372,3.5,7.2,0.48,0.514,4.6,5.2,0.884,0.8,4.6,5.4,2.3,0.6,0.1,2.3,2.7,17.8,
66.0,Bennedict Mathurin,23.0,LAC,SF,25.0,1.0,27.9,5.2,12.1,0.427,0.6,3.0,0.2,4.6,9.1,0.502,0.452,6.4,7.4,0.864,1.2,4.2,5.3,2.3,1.0,0.3,2.1,2.3,17.3,
67.0,Paul George,35.0,PHI,PF,36.0,36.0,30.9,6.1,14.1,0.437,2.8,7.0,0.394,3.4,7.1,0.478,0.535,2.5,3.0,0.817,0.6,4.8,5.3,3.6,1.7,0.4,1.8,2.3,17.5,
68.0,Kevin Porter Jr.,25.0,MIL,PG,38.0,36.0,33.2,6.3,13.5,0.465,1.2,3.8,0.322,5.1,9.8,0.52,0.51,3.6,4.1,0.878,0.9,4.3,5.2,7.4,2.2,0.5,2.9,2.3,17.4,
69.0,Coby White,25.0,2TM,SG,49.0,26.0,25.2,5.6,12.5,0.444,2.3,6.4,0.359,3.3,6.1,0.532,0.535,3.9,4.8,0.821,0.3,3.1,3.4,4.0,0.5,0.1,2.6,2.2,17.3,
69.0,Coby White,25.0,CHI,SG,29.0,26.0,29.1,5.9,13.6,0.438,2.5,7.2,0.346,3.4,6.4,0.541,0.529,4.3,5.3,0.805,0.2,3.5,3.7,4.7,0.7,0.1,3.0,2.4,18.6,
69.0,Coby White,25.0,CHO,SG,20.0,0.0,19.5,5.0,11.0,0.455,2.0,5.2,0.385,3.0,5.8,0.517,0.545,3.5,4.1,0.852,0.5,2.6,3.1,3.1,0.3,0.2,1.9,2.0,15.5,
70.0,Ryan Rollins,23.0,MIL,PG,74.0,67.0,32.1,6.6,13.9,0.472,2.5,6.1,0.406,4.1,7.8,0.523,0.561,1.7,2.1,0.796,0.7,3.8,4.6,5.6,1.5,0.4,2.7,2.6,17.3,
71.0,Miles Bridges,27.0,CHO,PF,76.0,76.0,31.1,6.3,13.6,0.46,1.9,5.8,0.334,4.3,7.8,0.555,0.532,2.7,3.3,0.825,1.0,4.9,5.9,3.2,0.6,0.4,1.4,1.7,17.2,
72.0,Chet Holmgren,23.0,OKC,PF,69.0,69.0,28.9,6.3,11.3,0.557,1.3,3.5,0.362,5.0,7.8,0.646,0.614,3.3,4.1,0.792,1.9,7.0,8.9,1.7,0.6,1.9,1.6,2.3,17.1,AS
73.0,Jalen Williams,24.0,OKC,SG,33.0,33.0,28.4,6.5,13.5,0.484,0.7,2.3,0.299,5.8,11.2,0.523,0.51,3.3,3.9,0.837,0.8,3.8,4.6,5.5,1.2,0.3,1.9,2.0,17.1,
74.0,Josh Giddey,23.0,CHI,PG,54.0,51.0,32.1,5.9,13.3,0.448,1.9,5.2,0.364,4.0,8.0,0.502,0.52,3.2,4.2,0.763,1.2,7.1,8.3,9.1,1.0,0.5,3.6,1.7,17.0,
75.0,Payton Pritchard,28.0,BOS,PG,79.0,50.0,32.4,6.4,13.8,0.464,2.7,7.1,0.377,3.7,6.7,0.556,0.561,1.5,1.7,0.89,0.9,3.1,3.9,5.2,0.7,0.1,1.4,1.5,17.0,
76.0,Andrew Nembhard,26.0,IND,PG,57.0,57.0,31.3,5.8,13.2,0.442,1.9,5.2,0.361,4.0,8.0,0.495,0.513,3.4,4.1,0.825,0.4,2.4,2.8,7.7,0.9,0.1,2.4,2.2,16.9,
77.0,Kristaps Porziņģis,30.0,2TM,C,31.0,22.0,24.0,5.5,12.3,0.447,1.7,5.0,0.346,3.7,7.2,0.518,0.518,4.1,4.9,0.836,1.2,3.9,5.1,2.6,0.6,1.2,1.3,2.8,16.8,
77.0,Kristaps Porziņģis,30.0,ATL,C,17.0,12.0,24.3,5.6,12.4,0.457,1.8,5.1,0.36,3.8,7.3,0.524,0.531,4.0,4.8,0.84,1.2,3.9,5.1,2.7,0.5,1.3,0.9,3.2,17.1,
77.0,Kristaps Porziņģis,30.0,GSW,C,14.0,10.0,23.7,5.3,12.1,0.435,1.6,5.0,0.329,3.6,7.1,0.51,0.503,4.2,5.1,0.831,1.2,3.9,5.1,2.4,0.6,1.1,1.8,2.4,16.4,
78.0,Stephon Castle,21.0,SAS,PG,67.0,66.0,30.0,5.7,12.0,0.473,1.2,3.6,0.328,4.5,8.4,0.535,0.522,4.2,5.7,0.737,1.4,3.8,5.2,7.4,1.1,0.3,3.2,3.3,16.8,
79.0,OG Anunoby,28.0,NYK,PF,67.0,67.0,33.2,5.8,12.0,0.484,2.3,6.1,0.386,3.5,5.9,0.584,0.581,2.7,3.3,0.828,1.3,4.0,5.2,2.2,1.6,0.7,1.8,2.4,16.7,
80.0,Dejounte Murray,29.0,NOP,PG,14.0,14.0,27.8,6.3,13.0,0.484,1.4,4.4,0.306,4.9,8.6,0.575,0.536,2.8,3.2,0.867,0.3,5.1,5.4,6.4,1.6,0.2,3.4,2.4,16.7,
81.0,Immanuel Quickley,26.0,TOR,PG,69.0,69.0,32.1,5.8,13.0,0.444,2.6,6.9,0.376,3.2,6.2,0.52,0.543,2.5,3.0,0.821,0.6,3.5,4.1,5.9,1.3,0.1,1.5,2.0,16.6,
82.0,Grayson Allen,30.0,PHO,SG,51.0,27.0,28.8,5.3,13.1,0.403,3.1,8.9,0.349,2.2,4.2,0.519,0.522,2.8,3.3,0.857,0.7,2.3,3.0,3.8,1.4,0.3,1.6,2.3,16.5,
83.0,Derrick White,31.0,BOS,SG,77.0,77.0,34.1,5.7,14.4,0.394,2.7,8.3,0.327,3.0,6.1,0.487,0.489,2.4,2.6,0.902,1.1,3.3,4.4,5.4,1.1,1.3,1.7,1.5,16.5,
84.0,Matas Buzelis,21.0,CHI,PF,77.0,77.0,29.2,5.8,12.5,0.463,2.2,6.4,0.349,3.5,6.1,0.583,0.553,2.4,3.1,0.786,1.0,4.8,5.8,2.1,0.7,1.5,2.1,2.3,16.3,
85.0,Alex Sarr,20.0,WAS,C,48.0,48.0,27.2,6.6,13.7,0.482,1.0,3.1,0.333,5.5,10.5,0.526,0.52,2.1,3.0,0.692,2.2,5.2,7.4,2.7,0.8,2.0,1.7,2.2,16.3,
86.0,Aaron Gordon,30.0,DEN,PF,36.0,33.0,27.9,5.5,11.1,0.497,1.7,4.4,0.389,3.8,6.7,0.568,0.574,3.5,4.5,0.767,1.4,4.4,5.8,2.7,0.6,0.3,1.1,1.7,16.2,
87.0,Jrue Holiday,35.0,POR,PG,52.0,50.0,29.4,6.0,13.3,0.452,2.6,6.8,0.381,3.4,6.5,0.525,0.549,1.6,1.9,0.838,1.3,3.3,4.6,6.1,1.0,0.1,2.7,1.5,16.2,
88.0,VJ Edgecombe,20.0,PHI,SG,74.0,74.0,35.0,6.0,13.8,0.439,2.0,5.6,0.356,4.0,8.1,0.496,0.511,2.0,2.4,0.818,1.6,4.0,5.6,4.1,1.4,0.5,1.8,2.9,16.1,
89.0,Domantas Sabonis,29.0,SAC,C,19.0,15.0,29.7,6.3,11.6,0.543,0.3,1.4,0.185,6.1,10.2,0.593,0.554,2.9,4.1,0.727,3.4,8.0,11.4,4.1,0.9,0.2,2.7,3.5,15.8,
90.0,Jabari Smith Jr.,22.0,HOU,PF,77.0,77.0,35.1,5.7,12.6,0.45,2.3,6.3,0.363,3.4,6.3,0.537,0.541,2.1,2.7,0.775,1.4,5.5,6.9,1.9,0.7,0.9,1.4,2.5,15.8,
91.0,Andrew Wiggins,30.0,MIA,SF,67.0,67.0,30.4,5.8,12.1,0.479,2.1,4.9,0.419,3.7,7.2,0.52,0.564,1.9,2.4,0.781,1.7,3.2,4.9,2.7,1.1,1.0,1.5,2.3,15.5,
92.0,Collin Sexton,27.0,2TM,SG,67.0,21.0,23.7,5.3,10.8,0.485,1.7,4.1,0.399,3.6,6.7,0.538,0.561,3.2,3.8,0.854,0.6,1.7,2.3,3.3,1.1,0.1,2.1,2.1,15.4,
92.0,Collin Sexton,27.0,CHO,SG,42.0,12.0,22.3,4.8,9.9,0.488,1.4,3.5,0.393,3.5,6.4,0.539,0.557,3.2,3.7,0.877,0.4,1.5,1.9,3.7,0.9,0.2,2.1,1.8,14.2,
92.0,Collin Sexton,27.0,CHI,SG,25.0,9.0,25.9,6.0,12.5,0.481,2.2,5.3,0.406,3.8,7.2,0.536,0.567,3.2,4.0,0.818,0.9,2.0,2.9,2.6,1.6,0.1,2.1,2.6,17.4,
93.0,Jarrett Allen,27.0,CLE,C,56.0,56.0,27.1,6.0,9.4,0.638,0.0,0.2,0.1,6.0,9.3,0.649,0.639,3.3,4.7,0.709,2.6,5.9,8.5,1.8,1.0,0.8,1.3,1.7,15.4,
94.0,Jaime Jaquez Jr.,24.0,MIA,SF,74.0,1.0,28.3,6.1,12.1,0.503,0.8,2.4,0.317,5.3,9.7,0.55,0.535,2.2,2.9,0.771,1.3,3.8,5.1,4.7,0.7,0.3,2.1,1.9,15.2,
95.0,Naji Marshall,28.0,DAL,SF,74.0,47.0,29.5,5.7,11.1,0.51,0.8,2.9,0.291,4.8,8.2,0.587,0.548,3.1,4.1,0.76,0.9,3.8,4.7,3.3,1.1,0.1,1.6,1.9,15.2,
96.0,Onyeka Okongwu,25.0,ATL,C,74.0,63.0,31.0,5.6,11.6,0.48,1.9,5.2,0.376,3.6,6.4,0.564,0.564,2.1,2.7,0.757,1.9,5.7,7.6,3.1,1.1,1.1,1.7,3.3,15.2,
97.0,Russell Westbrook,37.0,SAC,SF,64.0,58.0,29.0,5.6,13.1,0.427,2.0,5.9,0.338,3.6,7.2,0.5,0.503,2.0,2.9,0.694,1.3,4.2,5.4,6.7,1.3,0.2,3.3,2.3,15.2,
98.0,Nikola Vučević,35.0,2TM,C,64.0,49.0,28.4,6.2,12.5,0.493,1.6,4.2,0.369,4.6,8.3,0.557,0.556,1.2,1.5,0.828,2.0,6.4,8.4,3.3,0.6,0.6,1.3,2.0,15.1,
98.0,Nikola Vučević,35.0,CHI,C,48.0,48.0,30.8,6.9,13.8,0.505,1.7,4.5,0.376,5.2,9.2,0.568,0.567,1.3,1.5,0.838,2.1,6.9,9.0,3.8,0.7,0.6,1.4,2.0,16.9,
98.0,Nikola Vučević,35.0,BOS,C,16.0,1.0,21.1,3.8,8.7,0.439,1.1,3.3,0.34,2.7,5.4,0.5,0.504,0.9,1.2,0.789,1.6,5.1,6.6,2.0,0.4,0.6,1.0,1.9,9.7,
99.0,Anthony Black,22.0,ORL,PG,63.0,40.0,30.0,5.4,12.1,0.446,1.6,4.7,0.334,3.8,7.4,0.516,0.51,2.7,3.6,0.732,0.7,3.1,3.8,3.7,1.4,0.7,2.1,2.6,15.0,
100.0,Kennedy Chandler,23.0,UTA,PG,11.0,2.0,32.3,5.5,12.5,0.445,1.4,3.5,0.395,4.2,9.0,0.465,0.5,2.5,3.9,0.651,0.5,2.8,3.4,6.7,1.0,0.2,2.1,2.1,15.0,
101.0,Brice Sensabaugh,22.0,UTA,SF,74.0,22.0,23.6,5.3,11.4,0.46,2.1,5.9,0.366,3.1,5.6,0.559,0.554,2.2,2.6,0.831,0.8,2.3,3.1,1.9,0.7,0.2,1.6,1.9,14.9,
102.0,Ayo Dosunmu,26.0,2TM,SG,69.0,19.0,27.3,5.6,10.8,0.517,1.8,4.1,0.439,3.8,6.8,0.563,0.599,1.8,2.1,0.876,0.7,2.8,3.4,3.6,0.8,0.3,1.4,1.9,14.8,
102.0,Ayo Dosunmu,26.0,CHI,SG,45.0,10.0,26.4,5.6,10.8,0.514,1.9,4.3,0.451,3.6,6.5,0.556,0.604,2.0,2.3,0.857,0.7,2.3,3.0,3.6,0.8,0.3,1.4,1.7,15.0,
102.0,Ayo Dosunmu,26.0,MIN,SG,24.0,9.0,28.9,5.7,10.9,0.521,1.5,3.6,0.414,4.2,7.3,0.575,0.59,1.5,1.7,0.925,0.6,3.6,4.2,3.5,1.0,0.3,1.5,2.2,14.4,
103.0,Kyshawn George,22.0,WAS,SF,48.0,48.0,29.0,5.3,12.0,0.438,2.1,5.4,0.381,3.2,6.6,0.486,0.524,2.2,2.7,0.802,0.9,4.2,5.1,4.5,1.0,0.9,2.6,3.5,14.8,
104.0,Jaden McDaniels,25.0,MIN,PF,73.0,73.0,31.7,5.7,11.1,0.515,1.4,3.4,0.412,4.3,7.7,0.562,0.579,2.0,2.4,0.835,1.0,3.2,4.2,2.7,1.1,1.0,1.8,3.3,14.8,
105.0,Mikal Bridges,29.0,NYK,SF,81.0,81.0,33.2,5.8,11.9,0.49,1.9,5.2,0.371,3.9,6.7,0.582,0.571,1.0,1.2,0.827,1.0,2.9,3.9,3.8,1.3,0.8,1.0,2.0,14.6,
106.0,Peyton Watson,23.0,DEN,SF,54.0,40.0,29.6,5.3,10.8,0.491,1.5,3.6,0.411,3.8,7.1,0.531,0.56,2.6,3.5,0.73,0.9,4.0,4.9,2.1,0.9,1.1,1.7,2.5,14.6,
107.0,Walker Kessler,24.0,UTA,C,5.0,5.0,30.8,5.2,7.4,0.703,1.2,1.6,0.75,4.0,5.8,0.69,0.784,2.8,4.0,0.7,4.6,6.2,10.8,3.0,1.4,1.8,3.2,4.4,14.4,
108.0,Dariq Whitehead,21.0,MEM,SF,5.0,1.0,28.8,5.2,14.4,0.361,3.0,9.8,0.306,2.2,4.6,0.478,0.465,1.0,1.4,0.714,0.4,3.6,4.0,1.6,0.8,0.0,2.0,2.2,14.4,
109.0,Anfernee Simons,26.0,2TM,SG,55.0,5.0,24.9,5.2,11.8,0.44,2.7,6.9,0.385,2.5,4.9,0.517,0.552,1.3,1.4,0.896,0.6,1.9,2.5,2.4,0.5,0.1,1.2,1.7,14.3,
109.0,Anfernee Simons,26.0,BOS,SG,49.0,0.0,24.5,5.1,11.6,0.44,2.7,6.7,0.395,2.4,4.9,0.502,0.555,1.3,1.5,0.889,0.5,1.9,2.4,2.4,0.6,0.1,1.1,1.7,14.2,
109.0,Anfernee Simons,26.0,CHI,SG,6.0,5.0,28.3,5.8,13.3,0.438,2.7,8.3,0.32,3.2,5.0,0.633,0.538,0.8,0.8,1.0,0.8,2.0,2.8,3.0,0.0,0.3,2.2,2.0,15.2,
110.0,Scoot Henderson,21.0,POR,PG,29.0,9.0,24.9,4.7,11.4,0.415,1.9,5.3,0.355,2.8,6.0,0.469,0.498,2.9,3.4,0.838,0.6,2.1,2.7,3.7,0.9,0.3,2.4,2.8,14.2,
111.0,Tre Jones,26.0,CHI,PG,64.0,40.0,27.1,5.3,9.5,0.558,0.6,2.0,0.323,4.6,7.5,0.62,0.592,3.0,3.5,0.841,0.6,2.6,3.1,5.4,1.2,0.2,1.4,1.5,14.2,
112.0,Kelly Oubre Jr.,30.0,PHI,SF,49.0,40.0,31.7,5.1,10.9,0.466,1.8,4.8,0.364,3.3,6.1,0.547,0.547,2.2,2.9,0.761,1.0,4.0,5.0,1.6,1.3,0.5,1.4,2.5,14.2,
113.0,P.J. Washington,27.0,DAL,PF,56.0,53.0,31.0,5.3,11.8,0.45,1.4,4.2,0.325,3.9,7.6,0.519,0.508,2.2,3.3,0.687,1.5,5.5,7.0,1.8,1.0,1.1,1.7,2.1,14.2,
114.0,Ivica Zubac,28.0,2TM,C,48.0,47.0,30.1,6.0,10.0,0.598,0.0,0.0,,6.0,10.0,0.598,0.598,2.1,3.0,0.711,3.4,7.2,10.6,2.2,0.4,0.8,1.8,2.3,14.1,
114.0,Ivica Zubac,28.0,LAC,C,43.0,42.0,30.9,6.1,10.0,0.613,0.0,0.0,,6.1,10.0,0.613,0.613,2.2,3.1,0.705,3.4,7.6,11.0,2.2,0.4,0.8,1.9,2.4,14.4,
114.0,Ivica Zubac,28.0,IND,C,5.0,5.0,23.6,5.0,10.6,0.472,0.0,0.0,,5.0,10.6,0.472,0.472,1.6,2.0,0.8,2.8,4.4,7.2,1.8,0.4,0.8,0.8,1.6,11.6,
115.0,Santi Aldama,25.0,MEM,PF,43.0,11.0,27.9,5.3,11.1,0.479,1.6,4.7,0.35,3.7,6.4,0.572,0.553,1.8,2.7,0.667,1.6,5.1,6.7,2.9,0.9,0.7,1.3,1.6,14.0,
116.0,Jeremiah Fears,19.0,NOP,PG,81.0,48.0,25.6,5.2,12.1,0.435,1.2,3.7,0.336,4.0,8.4,0.479,0.486,2.2,2.9,0.784,0.7,2.9,3.6,3.4,1.2,0.4,2.2,1.8,14.0,
117.0,Keegan Murray,25.0,SAC,PF,23.0,22.0,34.5,5.5,13.0,0.42,1.3,4.9,0.277,4.1,8.2,0.505,0.472,1.7,2.1,0.776,1.4,4.3,5.7,1.7,1.0,1.6,1.2,1.8,14.0,
118.0,Brandin Podziemski,22.0,GSW,SG,81.0,42.0,28.5,4.8,10.6,0.457,1.9,5.0,0.371,3.0,5.5,0.535,0.545,2.3,3.0,0.795,0.9,4.2,5.1,3.7,1.1,0.2,1.6,1.7,13.9,
119.0,Ace Bailey,19.0,UTA,SF,71.0,60.0,27.6,5.5,12.3,0.445,1.9,5.5,0.35,3.5,6.8,0.523,0.524,0.9,1.2,0.767,1.4,2.8,4.2,1.8,0.8,0.7,1.5,2.7,13.8,
120.0,Aaron Nesmith,26.0,IND,SF,45.0,42.0,29.7,4.7,11.4,0.414,2.3,6.2,0.379,2.4,5.2,0.455,0.517,2.0,2.5,0.829,1.1,3.1,4.2,1.9,0.6,0.5,1.4,2.8,13.8,
121.0,Devin Vassell,25.0,SAS,SG,66.0,64.0,30.5,4.9,11.2,0.435,2.5,6.4,0.384,2.4,4.8,0.503,0.545,1.6,1.9,0.813,0.6,3.5,4.0,2.5,0.8,0.4,0.9,1.6,13.8,
122.0,De'Andre Hunter,28.0,2TM,SF,45.0,25.0,26.1,4.6,11.1,0.415,1.7,5.5,0.305,3.0,5.7,0.522,0.49,2.8,3.2,0.867,0.7,3.4,4.1,2.0,0.7,0.1,1.7,2.5,13.7,
122.0,De'Andre Hunter,28.0,CLE,SF,43.0,23.0,26.2,4.7,11.2,0.423,1.7,5.5,0.308,3.0,5.7,0.535,0.499,2.8,3.2,0.869,0.7,3.6,4.2,2.1,0.7,0.1,1.7,2.5,14.0,
122.0,De'Andre Hunter,28.0,SAC,SF,2.0,2.0,25.5,2.0,9.5,0.211,1.0,4.5,0.222,1.0,5.0,0.2,0.263,2.5,3.0,0.833,0.5,1.0,1.5,0.5,0.0,0.0,2.0,2.5,7.5,
123.0,Bobby Portis,30.0,MIL,PF,67.0,9.0,24.2,5.5,11.2,0.488,2.0,4.4,0.456,3.4,6.8,0.509,0.578,0.7,1.0,0.706,1.3,5.1,6.4,1.6,0.6,0.2,1.0,1.6,13.7,
124.0,Cedric Coward,22.0,MEM,SG,62.0,47.0,25.8,4.9,10.5,0.471,1.5,4.4,0.338,3.4,6.0,0.568,0.542,2.3,2.7,0.843,1.3,4.5,5.9,2.8,0.6,0.4,1.7,2.0,13.6,
125.0,Zach Edey,23.0,MEM,C,11.0,11.0,25.8,5.6,8.9,0.633,0.1,0.5,0.2,5.5,8.5,0.656,0.638,2.3,2.9,0.781,3.9,7.2,11.1,1.1,0.6,1.9,2.4,3.4,13.6,
126.0,Ajay Mitchell,23.0,OKC,SG,57.0,16.0,25.8,5.0,10.4,0.485,1.1,3.1,0.347,3.9,7.3,0.543,0.536,2.5,2.8,0.87,0.7,2.6,3.3,3.6,1.2,0.3,1.4,2.1,13.6,
127.0,Naz Reid,26.0,MIN,C,77.0,3.0,26.1,5.2,11.3,0.456,2.1,5.8,0.362,3.1,5.5,0.556,0.549,1.2,1.6,0.732,1.2,5.0,6.2,2.2,1.0,1.0,1.6,2.5,13.6,
128.0,Jalen Suggs,24.0,ORL,PG,56.0,55.0,27.4,4.9,11.3,0.434,2.1,6.2,0.333,2.8,5.1,0.554,0.525,1.8,2.1,0.855,0.6,3.2,3.8,5.5,1.9,0.7,2.6,2.6,13.6,
129.0,Cam Thomas,24.0,2TM,SG,42.0,8.0,21.0,4.5,11.0,0.41,1.2,4.0,0.31,3.3,7.0,0.468,0.466,3.3,4.0,0.811,0.3,1.4,1.7,2.6,0.2,0.1,1.8,1.0,13.5,
129.0,Cam Thomas,24.0,BRK,SG,24.0,8.0,24.3,5.1,12.8,0.399,1.6,4.9,0.325,3.5,8.0,0.445,0.461,3.8,4.5,0.843,0.4,1.4,1.8,3.1,0.2,0.1,2.0,1.3,15.6,
129.0,Cam Thomas,24.0,MIL,SG,18.0,0.0,16.6,3.7,8.5,0.431,0.8,2.8,0.275,2.9,5.7,0.51,0.477,2.6,3.4,0.754,0.1,1.4,1.6,1.9,0.3,0.1,1.4,0.7,10.7,
130.0,John Collins,28.0,LAC,PF,68.0,55.0,27.2,5.2,9.5,0.55,1.3,3.2,0.41,3.9,6.3,0.621,0.619,1.7,2.2,0.763,1.6,3.7,5.3,1.0,0.9,0.8,1.4,2.7,13.5,
131.0,Tim Hardaway Jr.,33.0,DEN,SG,80.0,6.0,26.6,4.4,9.7,0.447,2.8,6.9,0.407,1.6,2.9,0.541,0.591,2.0,2.5,0.811,0.2,2.4,2.6,1.4,0.5,0.1,0.5,1.3,13.5,
132.0,Cormac Ryan,27.0,MIL,SG,10.0,1.0,23.2,4.5,8.2,0.549,2.4,4.7,0.511,2.1,3.5,0.6,0.695,2.1,2.3,0.913,0.5,1.3,1.8,1.5,1.0,0.3,1.5,2.6,13.5,
133.0,Reed Sheppard,21.0,HOU,SG,81.0,20.0,26.2,4.9,11.5,0.431,2.8,7.0,0.395,2.2,4.5,0.486,0.551,0.8,1.0,0.81,0.3,2.5,2.9,3.4,1.5,0.7,1.5,2.0,13.5,
134.0,Toumani Camara,25.0,POR,PF,81.0,81.0,33.3,4.8,10.8,0.44,2.7,7.2,0.37,2.1,3.6,0.58,0.563,1.2,1.7,0.708,1.6,3.6,5.1,2.5,1.2,0.4,1.8,2.9,13.4,
135.0,Jordan Poole,26.0,NOP,PG,39.0,8.0,23.9,4.2,11.4,0.372,2.5,7.4,0.333,1.8,4.0,0.442,0.48,2.5,2.9,0.86,0.2,1.7,2.0,3.1,0.6,0.4,1.8,2.3,13.4,
136.0,Quentin Grimes,25.0,PHI,SG,74.0,19.0,29.4,4.5,10.0,0.449,1.7,5.1,0.329,2.8,5.0,0.571,0.532,2.7,3.2,0.838,0.6,3.0,3.6,3.2,0.9,0.4,1.8,2.1,13.3,
137.0,Tobias Harris,33.0,DET,PF,62.0,62.0,27.8,4.8,10.4,0.464,1.3,3.5,0.356,3.6,6.9,0.519,0.524,2.2,2.5,0.865,0.9,4.3,5.1,2.5,0.9,0.4,1.0,1.7,13.1,
138.0,Keldon Johnson,26.0,SAS,SF,81.0,0.0,23.3,5.0,9.7,0.52,1.2,3.3,0.362,3.8,6.4,0.602,0.582,1.9,2.3,0.798,1.7,3.7,5.4,1.4,0.6,0.1,0.9,2.0,13.1,
139.0,Jaylon Tyson,23.0,CLE,SG,65.0,41.0,27.0,5.0,10.1,0.495,2.0,4.5,0.447,3.0,5.6,0.534,0.595,1.2,1.6,0.738,1.8,3.3,5.1,2.2,0.8,0.4,1.5,2.5,13.1,
140.0,Kyle Kuzma,30.0,MIL,PF,69.0,43.0,26.2,4.9,10.0,0.492,1.2,3.5,0.347,3.7,6.5,0.569,0.552,2.0,2.7,0.726,0.8,3.7,4.5,2.7,0.7,0.4,1.7,1.9,13.0,
141.0,Brandon Williams,26.0,DAL,PG,66.0,15.0,22.2,4.4,9.3,0.472,0.5,2.3,0.232,3.9,7.0,0.552,0.501,3.7,4.6,0.793,0.5,2.4,2.9,3.9,0.9,0.3,1.9,1.6,13.0,
142.0,Sam Merrill,29.0,CLE,SG,52.0,38.0,26.5,4.3,9.3,0.461,3.0,7.2,0.421,1.3,2.1,0.596,0.624,1.1,1.3,0.855,0.5,2.0,2.6,2.4,0.6,0.1,0.8,2.4,12.8,
143.0,Collin Gillespie,26.0,PHO,PG,80.0,58.0,28.5,4.4,10.5,0.418,2.9,7.2,0.401,1.5,3.3,0.455,0.556,1.0,1.1,0.874,1.1,3.0,4.1,4.6,1.2,0.2,1.6,1.6,12.7,
144.0,GG Jackson II,21.0,MEM,PF,55.0,28.0,21.4,4.6,9.3,0.496,1.2,3.5,0.332,3.5,5.8,0.595,0.558,2.0,2.7,0.742,0.9,3.4,4.3,1.5,0.6,0.8,1.5,1.4,12.5,
145.0,De'Anthony Melton,27.0,GSW,PG,48.0,23.0,23.0,4.5,10.9,0.41,1.5,5.0,0.298,3.0,5.8,0.507,0.479,2.0,2.5,0.824,0.8,2.4,3.2,2.6,1.6,0.4,1.9,1.9,12.5,
146.0,Malik Monk,27.0,SAC,SG,62.0,3.0,22.0,4.5,10.2,0.438,2.0,5.1,0.395,2.5,5.1,0.481,0.536,1.5,1.7,0.879,0.2,1.6,1.9,3.0,0.6,0.4,1.5,1.6,12.5,
147.0,Jaylen Wells,22.0,MEM,SG,69.0,69.0,26.4,4.4,10.1,0.431,1.9,5.3,0.353,2.5,4.8,0.517,0.524,1.9,2.5,0.784,0.9,2.3,3.2,1.6,0.9,0.1,1.1,2.1,12.5,
148.0,Deandre Ayton,27.0,LAL,C,71.0,71.0,27.2,5.5,8.3,0.67,0.0,0.0,,5.5,8.3,0.67,0.67,1.3,2.0,0.64,2.6,5.4,8.0,0.8,0.6,0.9,1.2,2.2,12.3,
149.0,Max Christie,22.0,DAL,SG,76.0,67.0,29.4,4.1,9.4,0.439,2.3,5.8,0.403,1.8,3.6,0.496,0.563,1.6,1.8,0.906,0.2,3.1,3.3,2.0,0.6,0.3,1.3,1.3,12.3,
150.0,Noah Clowney,21.0,BRK,PF,66.0,60.0,27.0,3.8,9.6,0.396,2.0,5.9,0.329,1.8,3.6,0.506,0.498,2.7,3.4,0.804,0.8,3.3,4.1,1.6,0.8,0.7,1.5,2.5,12.3,
151.0,Donte DiVincenzo,29.0,MIN,SG,81.0,81.0,30.7,4.2,10.2,0.407,3.0,7.9,0.38,1.2,2.4,0.497,0.554,1.0,1.3,0.743,0.8,3.3,4.1,3.8,1.3,0.4,1.5,2.4,12.3,
152.0,Maxime Raynaud,22.0,SAC,C,73.0,55.0,26.4,5.2,9.1,0.569,0.3,1.0,0.3,4.9,8.1,0.601,0.585,1.8,2.2,0.78,1.9,5.6,7.5,1.3,0.5,0.5,1.2,2.3,12.3,
153.0,Jonathan Kuminga,23.0,2TM,PF,36.0,14.0,23.1,4.4,9.4,0.463,1.0,2.9,0.333,3.4,6.5,0.521,0.515,2.5,3.4,0.724,1.4,4.3,5.6,2.3,0.6,0.3,1.9,1.5,12.2,
153.0,Jonathan Kuminga,23.0,GSW,PF,20.0,13.0,23.8,4.4,9.7,0.454,0.9,2.7,0.321,3.6,7.1,0.504,0.497,2.5,3.3,0.742,1.5,4.4,5.9,2.5,0.4,0.3,2.3,1.7,12.1,
153.0,Jonathan Kuminga,23.0,ATL,PF,16.0,1.0,22.1,4.3,9.1,0.476,1.1,3.3,0.346,3.2,5.8,0.548,0.538,2.5,3.6,0.702,1.3,4.1,5.3,2.1,0.9,0.3,1.3,1.4,12.3,
154.0,Cameron Johnson,29.0,DEN,SF,54.0,54.0,30.5,4.2,8.8,0.48,2.0,4.7,0.43,2.2,4.1,0.539,0.596,1.7,2.1,0.839,0.8,3.0,3.8,2.4,0.7,0.4,0.9,2.3,12.2,
155.0,Tre Johnson,19.0,WAS,SG,60.0,42.0,24.1,4.5,10.8,0.419,1.9,5.4,0.358,2.6,5.4,0.479,0.508,1.3,1.5,0.874,0.5,2.4,2.8,2.0,0.6,0.3,1.6,2.0,12.2,
156.0,Duncan Robinson,31.0,DET,SF,76.0,76.0,27.5,4.1,9.1,0.453,2.9,7.0,0.41,1.3,2.1,0.597,0.611,1.1,1.4,0.755,0.4,2.3,2.7,2.1,0.6,0.3,0.7,2.2,12.2,
157.0,Donovan Clingan,21.0,POR,C,76.0,76.0,27.2,4.6,8.9,0.519,1.1,3.2,0.34,3.5,5.7,0.621,0.581,1.8,2.7,0.68,4.5,7.1,11.6,2.1,0.6,1.7,1.2,2.3,12.1,
158.0,Blake Hinson,26.0,UTA,SF,13.0,2.0,20.0,4.2,7.9,0.534,2.7,5.5,0.493,1.5,2.5,0.625,0.704,0.9,1.2,0.75,0.6,1.5,2.1,1.1,0.3,0.2,0.4,1.6,12.1,
159.0,Moses Moody,23.0,GSW,SG,60.0,49.0,25.7,4.1,9.3,0.44,2.5,6.3,0.401,1.6,3.0,0.522,0.575,1.5,1.9,0.77,0.9,2.5,3.3,1.6,1.0,0.6,1.0,2.0,12.1,
160.0,Christian Braun,24.0,DEN,SG,44.0,44.0,31.8,4.6,8.8,0.519,1.0,3.3,0.301,3.6,5.6,0.646,0.575,1.8,2.3,0.782,1.4,3.4,4.8,2.7,0.7,0.3,1.0,2.3,12.0,
161.0,Josh Hart,30.0,NYK,SF,66.0,52.0,30.2,4.6,9.0,0.508,1.5,3.7,0.413,3.0,5.3,0.574,0.593,1.4,1.9,0.72,1.4,6.0,7.4,4.8,1.1,0.3,1.9,2.5,12.0,
162.0,Wendell Carter Jr.,26.0,ORL,C,77.0,77.0,29.3,4.2,8.2,0.516,0.9,2.9,0.321,3.3,5.3,0.623,0.573,2.5,3.2,0.793,2.1,5.3,7.4,2.0,0.8,0.6,1.3,3.4,11.9,
163.0,Dyson Daniels,22.0,ATL,SG,76.0,76.0,33.2,5.3,10.2,0.517,0.3,1.5,0.188,5.0,8.7,0.576,0.532,1.0,1.6,0.615,2.4,4.4,6.8,5.9,2.0,0.4,1.8,2.2,11.9,
164.0,Myles Turner,29.0,MIL,C,71.0,71.0,26.9,4.0,9.1,0.44,2.1,5.4,0.383,1.9,3.7,0.523,0.553,1.8,2.5,0.74,1.1,4.3,5.3,1.5,0.7,1.6,1.2,2.6,11.9,
165.0,Dylan Harper,19.0,SAS,SG,68.0,4.0,22.6,4.8,9.5,0.505,0.9,2.6,0.345,3.9,6.9,0.566,0.553,1.3,1.7,0.754,0.8,2.6,3.4,3.9,0.8,0.4,1.5,2.0,11.8,
166.0,Miles McBride,25.0,NYK,SG,40.0,14.0,26.4,4.1,9.7,0.419,2.7,6.6,0.409,1.4,3.1,0.44,0.558,0.9,1.1,0.8,0.6,1.9,2.4,2.6,0.9,0.2,0.8,1.7,11.8,
167.0,Nic Claxton,26.0,BRK,C,69.0,68.0,27.8,4.8,8.4,0.571,0.0,0.3,0.158,4.8,8.2,0.585,0.574,2.0,3.3,0.616,2.4,4.5,6.9,3.7,0.7,1.1,1.4,2.3,11.7,
168.0,Isaiah Collier,21.0,UTA,PG,59.0,19.0,25.7,4.3,8.7,0.495,0.5,1.7,0.27,3.9,7.0,0.549,0.521,2.6,3.5,0.722,0.4,2.2,2.5,7.2,1.1,0.3,2.5,2.3,11.7,
169.0,Bilal Coulibaly,21.0,WAS,SG,56.0,56.0,26.2,4.1,9.7,0.425,1.2,3.6,0.319,2.9,6.0,0.49,0.485,2.4,3.2,0.746,0.9,3.5,4.3,2.6,1.3,1.0,1.4,2.3,11.7,
170.0,Julian Reese,22.0,WAS,PF,12.0,10.0,31.9,4.8,9.3,0.518,0.0,0.0,,4.8,9.3,0.518,0.518,2.0,3.3,0.6,4.4,6.8,11.2,2.0,1.3,0.7,2.7,3.4,11.7,
171.0,Klay Thompson,35.0,DAL,SF,68.0,8.0,21.9,4.1,10.6,0.393,2.9,7.6,0.382,1.2,2.9,0.42,0.531,0.5,0.7,0.766,0.3,1.8,2.1,1.4,0.5,0.3,0.9,1.0,11.7,
172.0,Mark Williams,24.0,PHO,C,60.0,55.0,23.6,4.7,7.3,0.644,0.0,0.0,1.0,4.7,7.3,0.643,0.645,2.3,2.9,0.771,3.1,4.9,8.0,1.0,0.9,0.9,1.1,2.2,11.7,
173.0,Jarace Walker,22.0,IND,PF,76.0,41.0,25.7,4.0,9.6,0.419,1.8,4.7,0.374,2.3,5.0,0.462,0.51,1.8,2.4,0.749,0.6,4.5,5.1,2.5,0.8,0.3,1.8,1.6,11.6,
174.0,Derik Queen,21.0,NOP,C,80.0,47.0,24.8,4.3,9.0,0.476,0.3,1.1,0.256,4.0,7.9,0.506,0.492,2.6,3.3,0.792,1.6,5.3,6.9,3.7,1.0,0.9,2.3,2.6,11.5,
175.0,Kyle Filipowski,22.0,UTA,C,77.0,41.0,23.4,4.2,8.5,0.492,1.0,3.0,0.325,3.2,5.6,0.58,0.548,2.1,2.8,0.75,1.9,5.3,7.2,2.6,0.9,0.5,1.6,3.0,11.4,
176.0,Pelle Larsson,24.0,MIA,SG,70.0,54.0,26.4,4.0,8.0,0.496,0.9,2.7,0.323,3.1,5.2,0.586,0.551,2.6,3.3,0.797,1.0,2.5,3.5,3.4,0.7,0.2,1.4,2.1,11.4,
177.0,Scotty Pippen Jr.,25.0,MEM,PG,10.0,6.0,21.2,4.3,9.6,0.448,1.0,3.2,0.313,3.3,6.4,0.516,0.5,1.8,2.3,0.783,0.8,1.4,2.2,4.7,1.9,0.4,2.7,3.1,11.4,
178.0,Rui Hachimura,27.0,LAL,PF,67.0,40.0,28.3,4.5,8.7,0.511,1.7,3.8,0.44,2.8,4.9,0.567,0.608,0.7,1.0,0.691,0.6,2.6,3.2,0.9,0.6,0.3,0.6,1.6,11.3,
179.0,Max Strus,29.0,CLE,SF,11.0,4.0,24.5,3.9,8.8,0.443,2.9,6.9,0.421,1.0,1.9,0.524,0.608,0.5,0.7,0.75,0.8,4.6,5.5,2.0,0.3,0.0,0.7,3.0,11.3,
180.0,Julian Champagnie,24.0,SAS,SF,81.0,67.0,27.7,3.7,8.4,0.437,2.4,6.3,0.382,1.3,2.1,0.598,0.579,1.4,1.7,0.844,0.9,4.9,5.8,1.6,0.8,0.5,0.8,1.6,11.2,
181.0,Sandro Mamukelashvili,26.0,TOR,C,79.0,13.0,21.9,4.1,7.9,0.521,1.4,3.7,0.388,2.7,4.2,0.639,0.612,1.5,2.0,0.747,1.4,3.6,5.0,1.9,0.8,0.5,0.8,1.8,11.2,
182.0,Obi Toppin,27.0,IND,PF,23.0,3.0,17.7,4.0,8.1,0.497,1.3,4.1,0.319,2.7,4.0,0.677,0.578,1.8,2.0,0.913,0.6,4.0,4.5,2.3,0.5,0.0,1.1,1.2,11.2,
183.0,Isaiah Joe,26.0,OKC,SG,71.0,9.0,21.2,3.5,7.6,0.455,2.5,6.0,0.423,0.9,1.6,0.574,0.622,1.5,1.7,0.894,0.5,2.1,2.5,1.3,0.7,0.2,0.6,1.7,11.1,
184.0,Cam Spencer,25.0,MEM,SG,72.0,20.0,23.8,3.7,7.7,0.473,2.0,4.5,0.449,1.6,3.2,0.506,0.604,1.8,1.9,0.94,0.6,2.0,2.5,5.6,0.7,0.2,1.3,1.4,11.1,
185.0,Kel'el Ware,21.0,MIA,C,76.0,33.0,22.0,4.4,8.4,0.528,1.2,3.0,0.386,3.3,5.4,0.607,0.597,0.9,1.2,0.755,2.8,6.2,9.0,0.7,0.8,1.1,0.8,1.5,11.0,
186.0,Alondes Williams,26.0,WAS,SG,4.0,0.0,25.3,4.0,6.5,0.615,1.3,3.5,0.357,2.8,3.0,0.917,0.712,1.8,2.0,0.875,1.3,5.0,6.3,3.0,0.8,0.8,1.3,1.0,11.0,
187.0,Rudy Gobert,33.0,MIN,C,76.0,76.0,31.3,4.4,6.5,0.682,0.0,0.1,0.0,4.4,6.4,0.689,0.682,2.1,4.0,0.526,3.9,7.5,11.5,1.7,0.8,1.6,1.4,2.6,10.9,
188.0,Jusuf Nurkić,31.0,UTA,C,41.0,36.0,26.4,4.4,8.7,0.503,0.6,1.7,0.352,3.8,7.0,0.54,0.538,1.5,2.8,0.549,2.6,7.8,10.4,4.8,1.3,0.5,2.5,3.3,10.9,
189.0,Dennis Schröder,32.0,2TM,PG,70.0,17.0,24.2,3.6,9.0,0.405,1.1,3.3,0.329,2.6,5.7,0.449,0.465,2.4,2.9,0.834,0.5,2.2,2.7,4.9,0.8,0.2,1.8,1.6,10.8,
189.0,Dennis Schröder,32.0,SAC,PG,40.0,14.0,26.4,4.3,10.6,0.408,1.4,4.2,0.343,2.9,6.4,0.449,0.475,2.7,3.3,0.82,0.6,2.5,3.1,5.3,0.8,0.2,2.0,1.7,12.8,
189.0,Dennis Schröder,32.0,CLE,PG,30.0,3.0,21.4,2.8,6.9,0.401,0.6,2.1,0.29,2.2,4.8,0.448,0.444,2.1,2.4,0.861,0.4,1.9,2.3,4.3,0.8,0.2,1.5,1.4,8.2,
190.0,Tyler Burton,25.0,MEM,SF,12.0,0.0,25.6,3.5,9.3,0.375,1.8,5.5,0.333,1.7,3.8,0.435,0.473,1.9,2.3,0.852,0.7,3.5,4.2,1.0,0.9,0.3,0.9,2.6,10.8,
191.0,Toby Okani,24.0,MEM,SG,5.0,3.0,35.2,4.4,12.0,0.367,1.8,5.4,0.333,2.6,6.6,0.394,0.442,0.2,1.6,0.125,1.6,1.2,2.8,1.0,0.6,0.2,0.6,3.2,10.8,
192.0,Daeqwon Plowden,27.0,SAC,SG,31.0,6.0,26.5,3.8,8.8,0.431,2.0,5.9,0.335,1.8,3.0,0.62,0.542,1.3,1.5,0.848,1.1,2.0,3.1,1.3,0.7,0.2,0.7,2.4,10.8,
193.0,Jakob Poeltl,30.0,TOR,C,45.0,43.0,25.1,4.7,6.8,0.695,0.0,0.0,,4.7,6.8,0.695,0.695,1.3,2.1,0.624,2.5,4.5,7.1,2.0,0.8,0.7,1.2,3.2,10.7,
194.0,Jock Landale,30.0,2TM,C,68.0,27.0,22.1,4.1,8.1,0.515,1.1,2.8,0.383,3.1,5.2,0.586,0.582,1.2,1.9,0.635,2.7,3.0,5.7,1.7,0.5,0.5,0.9,2.2,10.6,
194.0,Jock Landale,30.0,MEM,C,45.0,25.0,23.6,4.4,8.6,0.514,1.1,2.9,0.38,3.4,5.8,0.581,0.577,1.3,2.0,0.674,3.1,3.4,6.5,1.7,0.6,0.5,1.0,2.3,11.3,
194.0,Jock Landale,30.0,ATL,C,23.0,2.0,19.4,3.6,6.9,0.516,1.1,2.8,0.391,2.5,4.1,0.6,0.594,0.9,1.6,0.541,1.8,2.3,4.1,1.7,0.4,0.6,0.6,2.1,9.1,
195.0,Bub Carrington,20.0,WAS,PG,81.0,47.0,27.6,3.8,8.9,0.425,2.0,5.0,0.404,1.8,3.9,0.451,0.539,1.0,1.3,0.731,0.4,3.0,3.4,4.6,0.6,0.2,2.3,2.2,10.6,
196.0,Caleb Love,24.0,POR,SG,48.0,1.0,21.1,4.0,10.2,0.389,1.9,6.1,0.32,2.0,4.1,0.49,0.484,0.8,1.0,0.735,0.5,1.9,2.4,2.6,0.6,0.1,1.3,1.0,10.6,
197.0,Marvin Bagley III,26.0,2TM,PF,60.0,12.0,20.0,4.2,6.9,0.618,0.4,0.9,0.462,3.8,6.0,0.641,0.647,1.6,2.4,0.66,2.5,3.6,6.1,1.4,0.5,0.7,1.0,2.1,10.5,
197.0,Marvin Bagley III,26.0,WAS,PF,38.0,8.0,19.2,4.1,6.5,0.626,0.2,0.5,0.421,3.8,6.0,0.643,0.642,1.8,2.6,0.711,2.6,3.1,5.7,1.5,0.5,0.7,1.2,2.1,10.1,
197.0,Marvin Bagley III,26.0,DAL,PF,22.0,4.0,21.4,4.5,7.5,0.606,0.7,1.5,0.485,3.8,6.0,0.636,0.655,1.2,2.1,0.553,2.4,4.4,6.8,1.3,0.4,0.7,0.8,2.0,11.0,
198.0,Josh Oduro,25.0,NOP,PF,2.0,0.0,25.0,4.5,7.5,0.6,0.0,1.0,0.0,4.5,6.5,0.692,0.6,1.5,2.5,0.6,4.0,4.5,8.5,1.0,0.0,0.0,0.5,4.0,10.5,
199.0,Adama-Alpha Bal,22.0,MEM,SG,8.0,1.0,30.1,3.5,8.5,0.412,2.3,5.5,0.409,1.3,3.0,0.417,0.544,1.1,1.3,0.9,0.8,2.4,3.1,2.4,1.1,0.1,0.8,3.4,10.4,
200.0,Will Riley,19.0,WAS,SF,73.0,17.0,21.9,3.7,8.3,0.443,1.1,3.3,0.32,2.6,5.0,0.526,0.507,1.9,2.4,0.798,0.8,2.1,2.8,1.9,0.7,0.1,1.3,1.2,10.4,
201.0,Egor Dёmin,19.0,BRK,PG,52.0,45.0,25.2,3.4,8.6,0.399,2.4,6.2,0.385,1.1,2.4,0.433,0.537,1.0,1.3,0.831,0.4,2.8,3.2,3.3,0.8,0.3,1.7,1.8,10.3,
202.0,Tari Eason,24.0,HOU,PF,59.0,33.0,25.8,3.9,9.5,0.414,1.6,4.3,0.361,2.4,5.2,0.458,0.496,0.8,1.1,0.766,2.1,4.2,6.2,1.5,1.2,0.5,1.3,2.3,10.3,
203.0,A.J. Green,26.0,MIL,SG,77.0,67.0,29.0,3.3,7.8,0.424,2.9,7.0,0.42,0.4,0.8,0.452,0.612,0.7,0.8,0.855,0.4,2.3,2.7,2.0,0.5,0.1,0.9,2.3,10.3,
204.0,DaQuan Jeffries,28.0,SAC,SG,3.0,0.0,20.0,3.7,6.3,0.579,1.3,3.0,0.444,2.3,3.3,0.7,0.684,1.7,1.7,1.0,1.0,0.7,1.7,0.3,0.7,0.0,0.0,3.0,10.3,
205.0,Derrick Jones Jr.,28.0,LAC,SF,49.0,44.0,27.1,3.9,7.7,0.504,1.1,3.1,0.362,2.7,4.6,0.601,0.577,1.4,1.9,0.763,1.2,2.2,3.4,1.4,0.9,1.0,0.8,2.1,10.3,
206.0,Khris Middleton,34.0,2TM,SF,62.0,49.0,23.1,3.6,8.7,0.419,1.0,3.0,0.355,2.6,5.7,0.452,0.48,1.9,2.2,0.873,0.8,2.9,3.7,2.8,0.7,0.1,1.7,2.3,10.2,
206.0,Khris Middleton,34.0,WAS,SF,34.0,34.0,24.3,3.8,8.8,0.433,1.0,2.9,0.333,2.9,5.9,0.483,0.488,1.7,2.0,0.841,0.9,3.1,3.9,3.3,0.8,0.3,1.7,2.5,10.3,
206.0,Khris Middleton,34.0,DAL,SF,28.0,15.0,21.6,3.4,8.5,0.401,1.1,3.0,0.381,2.3,5.5,0.412,0.468,2.1,2.3,0.908,0.8,2.7,3.4,2.3,0.5,0.0,1.8,2.1,10.0,
207.0,Neemias Queta,26.0,BOS,C,76.0,75.0,25.3,4.3,6.6,0.653,0.0,0.1,0.125,4.3,6.5,0.662,0.654,1.6,2.3,0.703,3.0,5.3,8.4,1.7,0.8,1.3,1.0,2.8,10.2,
208.0,D'Angelo Russell,29.0,DAL,PG,26.0,3.0,19.0,3.6,8.9,0.405,1.3,4.3,0.295,2.3,4.6,0.508,0.476,1.7,2.3,0.717,0.3,2.0,2.3,4.0,0.5,0.1,1.9,1.2,10.2,
209.0,Jalen Smith,25.0,CHI,C,53.0,21.0,20.7,3.7,7.6,0.483,1.5,4.2,0.373,2.1,3.5,0.614,0.584,1.3,1.8,0.742,1.8,4.8,6.7,1.2,0.5,0.8,1.0,2.1,10.2,
210.0,Ziaire Williams,24.0,BRK,SF,56.0,13.0,22.9,3.3,7.7,0.425,1.5,4.5,0.343,1.8,3.3,0.538,0.524,2.1,2.5,0.85,0.5,1.9,2.4,1.1,1.4,0.4,1.1,2.1,10.2,
211.0,Kevin Huerter,27.0,2TM,SG,68.0,14.0,22.5,3.9,8.6,0.451,1.4,4.7,0.305,2.5,3.9,0.623,0.533,0.8,1.0,0.768,0.5,3.0,3.5,2.6,0.9,0.5,1.1,1.7,10.0,
211.0,Kevin Huerter,27.0,CHI,SF,44.0,11.0,23.6,4.2,9.2,0.455,1.6,5.1,0.314,2.6,4.1,0.63,0.542,0.9,1.3,0.732,0.5,3.3,3.8,2.6,0.8,0.6,1.1,1.9,10.9,
211.0,Kevin Huerter,27.0,DET,SG,24.0,3.0,20.5,3.3,7.6,0.44,1.1,4.0,0.284,2.2,3.6,0.609,0.514,0.5,0.5,0.923,0.5,2.4,2.9,2.5,1.0,0.3,1.0,1.3,8.3,
212.0,Olivier-Maxence Prosper,23.0,MEM,PF,53.0,24.0,18.6,3.6,6.6,0.549,1.1,2.8,0.405,2.5,3.8,0.653,0.634,1.6,2.2,0.754,1.1,2.4,3.5,1.0,0.8,0.2,0.9,1.6,10.0,
213.0,Harrison Barnes,33.0,SAS,PF,76.0,52.0,25.8,3.4,7.4,0.456,1.8,4.6,0.388,1.6,2.8,0.569,0.577,1.3,1.6,0.829,0.8,2.0,2.8,1.9,0.6,0.2,0.8,1.1,9.9,
214.0,Tristan Da Silva,24.0,ORL,SF,76.0,34.0,24.7,3.6,8.1,0.45,1.6,4.2,0.376,2.1,3.9,0.529,0.547,1.1,1.2,0.882,0.8,2.9,3.7,1.6,0.9,0.3,0.9,1.5,9.9,
215.0,Jordan Miller,26.0,LAC,SF,59.0,1.0,22.0,3.5,6.7,0.529,0.6,1.8,0.343,2.9,4.8,0.6,0.576,2.2,2.9,0.771,0.8,2.2,3.0,2.2,0.8,0.2,1.0,1.0,9.9,
216.0,Isaiah Stewart,24.0,DET,C,57.0,13.0,22.8,3.8,6.9,0.545,0.7,2.1,0.331,3.1,4.8,0.636,0.594,1.7,2.3,0.76,1.6,3.4,5.0,1.2,0.3,1.6,1.1,2.9,9.9,
217.0,Ausar Thompson,23.0,DET,SF,72.0,71.0,26.0,4.2,8.0,0.524,0.1,0.3,0.25,4.1,7.6,0.536,0.529,1.5,2.6,0.571,2.1,3.7,5.7,3.1,2.0,0.9,1.5,2.7,9.9,
218.0,Precious Achiuwa,26.0,SAC,C,72.0,56.0,23.8,4.3,8.0,0.53,0.4,1.3,0.287,3.9,6.7,0.578,0.554,1.0,1.8,0.547,2.4,4.3,6.7,1.3,0.9,0.7,0.9,1.7,9.8,
219.0,Royce O'Neale,32.0,PHO,SF,78.0,67.0,28.4,3.4,8.0,0.421,2.7,6.7,0.408,0.7,1.3,0.486,0.59,0.3,0.5,0.711,0.8,4.0,4.8,2.7,1.1,0.4,1.3,2.3,9.8,
220.0,Zach Collins,28.0,CHI,C,10.0,0.0,18.4,3.7,6.4,0.578,0.9,2.1,0.429,2.8,4.3,0.651,0.648,1.4,2.0,0.7,1.6,4.0,5.6,1.5,0.2,0.4,1.0,1.8,9.7,
221.0,Lucas Williamson,27.0,MEM,SG,6.0,2.0,31.5,3.3,10.2,0.328,2.0,7.2,0.279,1.3,3.0,0.444,0.426,1.0,1.0,1.0,1.8,3.5,5.3,2.5,1.3,0.0,1.3,3.5,9.7,
222.0,Micah Potter,27.0,IND,C,46.0,6.0,19.0,3.2,6.1,0.518,1.5,3.4,0.43,1.7,2.7,0.631,0.639,1.8,2.2,0.842,1.2,3.6,4.8,1.5,0.4,0.3,0.9,1.7,9.6,
223.0,Daniel Gafford,27.0,DAL,C,55.0,44.0,21.7,3.8,5.7,0.655,0.0,0.0,,3.8,5.7,0.655,0.655,2.0,2.9,0.683,2.5,4.4,6.9,1.1,0.8,1.3,1.1,2.6,9.5,
224.0,Jay Huff,27.0,IND,C,81.0,47.0,20.9,3.5,7.4,0.476,1.4,4.5,0.318,2.1,2.9,0.723,0.573,1.0,1.2,0.823,0.9,3.1,4.0,1.5,0.5,1.8,0.9,2.3,9.5,
225.0,Zaccharie Risacher,20.0,ATL,SF,66.0,45.0,22.4,3.6,8.0,0.453,1.4,3.9,0.369,2.2,4.1,0.531,0.542,0.9,1.4,0.644,1.0,2.7,3.8,1.1,0.9,0.5,0.8,2.2,9.5,
226.0,Javon Small,23.0,MEM,PG,40.0,12.0,20.1,3.2,6.7,0.472,1.5,3.3,0.439,1.7,3.4,0.504,0.58,1.7,2.0,0.825,0.9,2.3,3.1,3.8,0.8,0.2,1.4,1.6,9.5,
227.0,Aaron Wiggins,27.0,OKC,SG,64.0,20.0,21.7,3.6,8.3,0.435,1.5,4.2,0.356,2.1,4.1,0.515,0.525,0.8,1.1,0.736,0.6,2.5,3.1,1.6,0.9,0.4,1.2,1.3,9.5,
228.0,Daniss Jenkins,24.0,DET,PG,71.0,19.0,20.2,3.3,7.9,0.412,1.0,2.7,0.376,2.2,5.2,0.431,0.477,1.9,2.3,0.832,0.7,1.6,2.3,3.9,0.9,0.2,1.6,1.5,9.4,
229.0,T.J. McConnell,33.0,IND,PG,56.0,4.0,17.2,4.3,8.0,0.538,0.3,0.9,0.32,4.0,7.1,0.565,0.556,0.4,0.5,0.862,0.4,1.8,2.2,5.1,1.0,0.2,1.1,1.1,9.4,
230.0,Svi Mykhailiuk,28.0,UTA,SF,50.0,41.0,23.1,3.5,7.2,0.478,2.0,4.8,0.408,1.5,2.4,0.615,0.613,0.5,0.6,0.893,0.7,1.8,2.5,1.9,0.5,0.1,0.8,1.3,9.4,
231.0,Marcus Smart,31.0,LAL,SG,61.0,53.0,28.6,3.1,7.7,0.399,1.6,4.7,0.333,1.5,3.0,0.503,0.501,1.7,2.1,0.819,0.6,2.2,2.8,2.9,1.4,0.4,1.5,2.6,9.4,
232.0,Davion Mitchell,27.0,MIA,PG,69.0,69.0,28.6,3.7,7.6,0.486,1.3,3.3,0.389,2.4,4.4,0.558,0.569,0.6,0.9,0.646,0.5,2.2,2.7,6.6,1.0,0.2,1.6,2.6,9.3,
233.0,Isaac Okoro,25.0,CHI,SG,63.0,62.0,26.9,3.3,7.3,0.46,1.2,3.5,0.33,2.2,3.8,0.58,0.539,1.4,1.8,0.795,1.1,1.7,2.7,1.6,0.7,0.5,0.7,2.6,9.3,
234.0,Landry Shamet,28.0,NYK,SG,51.0,12.0,23.0,3.1,7.1,0.437,2.0,5.2,0.392,1.1,2.0,0.554,0.578,1.1,1.5,0.711,0.5,1.4,1.8,1.4,0.6,0.2,0.6,1.5,9.3,
235.0,Jaden Hardy,23.0,2TM,SG,56.0,4.0,15.8,3.2,7.6,0.426,1.8,4.6,0.395,1.4,2.9,0.473,0.546,1.0,1.3,0.753,0.3,1.3,1.5,1.0,0.3,0.1,1.1,1.5,9.2,
235.0,Jaden Hardy,23.0,DAL,SG,34.0,4.0,12.6,2.3,5.7,0.402,1.4,3.6,0.371,0.9,2.1,0.457,0.521,0.9,1.2,0.775,0.3,1.1,1.4,0.9,0.3,0.1,0.8,1.1,6.9,
235.0,Jaden Hardy,23.0,WAS,SG,22.0,0.0,20.6,4.6,10.4,0.445,2.5,6.1,0.418,2.1,4.3,0.484,0.568,1.1,1.5,0.727,0.2,1.5,1.7,1.2,0.3,0.2,1.6,2.0,12.9,
236.0,Isaiah Hartenstein,27.0,OKC,C,47.0,46.0,24.2,3.9,6.3,0.622,0.0,0.1,0.0,3.9,6.1,0.637,0.622,1.4,2.2,0.61,3.2,6.3,9.4,3.5,1.0,0.8,1.7,2.5,9.2,
237.0,Sam Hauser,28.0,BOS,PF,78.0,49.0,24.8,3.2,7.7,0.419,2.5,6.5,0.393,0.7,1.2,0.557,0.584,0.2,0.3,0.85,0.7,3.1,3.8,1.5,0.5,0.3,0.4,1.4,9.2,
238.0,Gui Santos,23.0,GSW,PF,67.0,30.0,20.6,3.4,6.8,0.5,1.2,3.3,0.351,2.2,3.5,0.642,0.586,1.3,1.8,0.729,1.1,2.8,3.9,2.3,0.9,0.3,1.5,2.1,9.2,
239.0,Cam Whitmore,21.0,WAS,SF,21.0,0.0,16.9,3.7,8.0,0.456,0.8,2.7,0.286,2.9,5.4,0.54,0.503,1.1,1.5,0.742,0.9,1.9,2.8,0.7,0.7,0.4,0.9,1.2,9.2,
240.0,Corey Kispert,26.0,2TM,SF,57.0,9.0,18.4,3.1,6.7,0.463,1.4,4.0,0.36,1.7,2.7,0.617,0.571,1.3,1.6,0.798,0.5,1.8,2.3,1.6,0.3,0.2,0.8,1.0,9.0,
240.0,Corey Kispert,26.0,WAS,SF,19.0,2.0,19.5,3.1,6.3,0.496,1.6,4.0,0.395,1.5,2.3,0.674,0.622,1.4,1.8,0.765,0.3,2.0,2.3,1.7,0.4,0.2,0.7,1.1,9.2,
240.0,Corey Kispert,26.0,ATL,SF,38.0,7.0,17.9,3.1,6.9,0.449,1.4,4.0,0.342,1.7,2.9,0.595,0.548,1.3,1.6,0.817,0.5,1.7,2.2,1.5,0.2,0.2,0.8,1.0,8.9,
241.0,Taurean Prince,31.0,MIL,SF,25.0,6.0,23.2,3.2,7.1,0.458,2.3,5.2,0.446,0.9,1.9,0.489,0.621,0.2,0.2,1.0,0.2,2.9,3.0,1.8,0.6,0.2,1.2,1.9,9.0,
242.0,Tristan Vukcevic,22.0,WAS,C,49.0,12.0,13.7,3.1,6.5,0.479,1.0,2.9,0.347,2.1,3.5,0.59,0.558,1.8,2.3,0.784,0.7,2.3,3.0,1.1,0.5,0.7,1.3,1.7,9.0,
243.0,Devin Carter,23.0,SAC,PG,37.0,11.0,18.0,3.2,7.5,0.424,0.8,3.0,0.27,2.4,4.5,0.527,0.478,1.8,2.4,0.73,0.9,2.4,3.2,2.5,0.9,0.2,1.4,1.3,8.9,
244.0,Quenton Jackson,27.0,IND,PG,48.0,18.0,18.1,3.1,6.5,0.47,0.9,2.4,0.36,2.2,4.1,0.533,0.535,1.9,2.4,0.814,0.6,1.8,2.4,2.8,0.6,0.1,1.3,1.7,8.9,
245.0,Herbert Jones,27.0,NOP,SF,56.0,56.0,28.4,3.3,8.5,0.383,1.4,4.6,0.309,1.8,3.9,0.47,0.467,0.9,1.1,0.806,0.8,2.6,3.4,2.8,1.6,0.5,1.3,3.2,8.9,
246.0,Nolan Traoré,19.0,BRK,PG,56.0,31.0,22.2,3.3,8.6,0.38,1.1,3.4,0.318,2.2,5.1,0.422,0.444,1.3,1.7,0.787,0.3,1.5,1.8,3.8,0.8,0.4,2.3,2.1,8.9,
247.0,Danny Wolf,21.0,BRK,PF,57.0,15.0,20.8,3.1,7.7,0.405,1.2,3.7,0.322,1.9,4.0,0.48,0.482,1.5,1.9,0.771,1.0,3.9,4.9,2.2,0.5,0.6,1.3,2.2,8.9,
248.0,Jordan Clarkson,33.0,NYK,SG,71.0,1.0,17.8,3.3,7.3,0.453,1.0,3.0,0.329,2.3,4.3,0.539,0.52,1.1,1.3,0.83,0.9,0.9,1.7,1.4,0.4,0.1,0.9,1.7,8.7,
249.0,Jordan Goodwin,27.0,PHO,PG,70.0,10.0,22.5,3.3,7.9,0.413,1.6,4.3,0.371,1.7,3.6,0.462,0.514,0.6,0.8,0.696,2.0,2.9,4.9,2.2,1.5,0.2,1.0,1.9,8.7,
250.0,Day'Ron Sharpe,24.0,BRK,C,62.0,7.0,18.7,3.5,5.7,0.601,0.1,0.6,0.231,3.3,5.1,0.647,0.614,1.7,2.5,0.678,2.8,3.9,6.7,2.3,1.1,0.4,1.7,2.4,8.7,
251.0,Cody Williams,21.0,UTA,SG,66.0,40.0,24.1,3.5,7.5,0.472,0.4,2.0,0.217,3.1,5.5,0.562,0.5,1.2,1.7,0.696,0.9,2.0,3.0,2.0,0.7,0.4,1.1,1.8,8.7,
252.0,Vít Krejčí,25.0,2TM,PG,64.0,8.0,21.7,3.0,6.7,0.448,2.0,5.1,0.391,1.0,1.5,0.636,0.599,0.6,0.8,0.745,0.5,1.8,2.3,1.6,0.7,0.3,0.6,2.1,8.6,
252.0,Vít Krejčí,25.0,ATL,PG,46.0,8.0,22.3,3.1,6.7,0.464,2.2,5.2,0.423,0.9,1.5,0.609,0.628,0.6,0.8,0.75,0.4,1.7,2.1,1.5,0.8,0.3,0.7,2.3,9.0,
252.0,Vít Krejčí,25.0,POR,PG,18.0,0.0,19.9,2.7,6.6,0.407,1.5,4.9,0.307,1.2,1.7,0.7,0.521,0.6,0.8,0.733,0.7,2.2,2.8,1.8,0.6,0.3,0.6,1.6,7.4,
253.0,Justin Champagnie,24.0,WAS,SF,68.0,18.0,19.8,3.3,6.6,0.507,0.7,2.3,0.321,2.6,4.3,0.606,0.563,1.2,1.5,0.784,2.1,3.5,5.6,1.2,0.8,0.6,0.6,1.6,8.6,
254.0,Collin Murray-Boyles,20.0,TOR,PF,56.0,22.0,22.0,3.5,6.1,0.579,0.3,0.9,0.34,3.2,5.2,0.62,0.604,1.2,1.9,0.651,2.4,2.7,5.1,1.9,0.9,0.9,1.1,2.5,8.6,
255.0,Jonas Valančiūnas,33.0,DEN,C,64.0,6.0,13.3,3.4,5.8,0.586,0.1,0.4,0.333,3.3,5.5,0.603,0.596,1.6,2.1,0.772,1.6,3.4,5.0,1.2,0.2,0.6,1.1,2.0,8.6,
256.0,Cason Wallace,22.0,OKC,SG,77.0,58.0,26.6,3.3,7.6,0.432,1.3,3.7,0.351,2.0,3.8,0.51,0.518,0.7,0.9,0.809,0.8,2.3,3.1,2.6,1.9,0.4,0.9,2.0,8.6,
257.0,Jaden Ivey,23.0,2TM,SG,37.0,5.0,18.1,3.1,6.9,0.445,1.4,3.6,0.373,1.7,3.3,0.525,0.543,1.0,1.3,0.809,0.6,1.8,2.5,1.8,0.6,0.4,1.1,1.4,8.5,
257.0,Jaden Ivey,23.0,DET,SG,33.0,2.0,16.8,3.0,6.7,0.45,1.3,3.4,0.372,1.7,3.2,0.533,0.545,0.9,1.2,0.789,0.6,1.6,2.2,1.6,0.5,0.4,1.1,1.3,8.2,
257.0,Jaden Ivey,23.0,CHI,SG,4.0,3.0,28.8,3.8,9.0,0.417,2.0,5.3,0.381,1.8,3.8,0.467,0.528,2.0,2.3,0.889,1.3,3.5,4.8,4.0,2.0,0.5,1.5,2.3,11.5,
258.0,Simone Fontecchio,30.0,MIA,SF,70.0,9.0,16.8,2.8,6.7,0.412,1.8,4.7,0.375,1.0,2.0,0.497,0.542,1.2,1.5,0.843,0.8,2.2,3.0,1.4,0.5,0.1,0.7,1.5,8.5,
259.0,Bones Hyland,25.0,MIN,PG,71.0,3.0,16.6,3.0,6.6,0.453,1.6,4.2,0.388,1.4,2.4,0.568,0.577,0.9,1.2,0.78,0.3,1.5,1.8,2.6,0.6,0.2,1.0,1.7,8.5,
260.0,Brook Lopez,37.0,LAC,C,74.0,39.0,21.8,3.1,7.2,0.429,1.5,4.2,0.361,1.6,3.0,0.525,0.535,0.8,1.0,0.757,0.6,3.0,3.6,1.3,0.6,1.2,0.8,2.0,8.5,
261.0,Luke Kennard,29.0,2TM,SG,77.0,5.0,21.7,3.1,5.7,0.532,1.5,3.2,0.478,1.5,2.6,0.599,0.664,0.8,0.9,0.925,0.4,1.9,2.4,2.2,0.7,0.1,0.8,1.3,8.4,
261.0,Luke Kennard,29.0,ATL,SG,46.0,0.0,20.5,2.8,5.2,0.538,1.6,3.2,0.497,1.2,2.0,0.604,0.692,0.7,0.8,0.914,0.4,1.7,2.2,2.1,0.7,0.1,0.7,1.2,7.9,
261.0,Luke Kennard,29.0,LAL,SG,31.0,5.0,23.4,3.4,6.5,0.525,1.4,3.1,0.448,2.0,3.4,0.594,0.631,1.0,1.0,0.938,0.4,2.3,2.7,2.5,0.7,0.1,0.9,1.5,9.2,
262.0,Kentavious Caldwell-Pope,32.0,MEM,SG,51.0,14.0,21.3,2.9,7.2,0.41,1.1,3.4,0.316,1.9,3.8,0.495,0.485,1.4,1.6,0.913,0.4,2.1,2.5,2.7,0.8,0.2,1.2,1.1,8.4,
263.0,Nique Clifford,23.0,SAC,SG,74.0,27.0,24.9,3.2,7.9,0.41,1.0,3.1,0.335,2.2,4.8,0.459,0.476,0.9,1.3,0.71,0.9,2.8,3.7,2.4,0.9,0.3,1.5,2.1,8.4,
264.0,Luguentz Dort,26.0,OKC,SF,68.0,68.0,26.9,2.9,7.6,0.386,1.9,5.4,0.343,1.1,2.2,0.49,0.508,0.6,0.9,0.759,0.8,2.8,3.6,1.2,0.9,0.4,0.8,2.6,8.4,
265.0,Draymond Green,35.0,GSW,PF,68.0,68.0,27.5,3.0,7.2,0.418,1.5,4.6,0.326,1.5,2.7,0.575,0.52,0.9,1.2,0.702,0.8,4.7,5.5,5.5,0.9,0.6,2.7,2.9,8.4,
266.0,Jared McCain,21.0,2TM,SG,66.0,2.0,17.2,3.0,7.1,0.428,1.5,3.8,0.391,1.5,3.2,0.472,0.534,0.8,0.9,0.877,0.3,1.7,2.0,1.3,0.5,0.1,0.8,1.2,8.3,
266.0,Jared McCain,21.0,PHI,SG,37.0,1.0,16.8,2.4,6.2,0.385,1.2,3.2,0.378,1.2,3.0,0.393,0.483,0.6,0.7,0.88,0.2,1.9,2.0,1.7,0.6,0.1,0.8,1.2,6.6,
266.0,Jared McCain,21.0,OKC,SG,29.0,1.0,17.8,3.8,8.1,0.47,1.9,4.6,0.403,2.0,3.5,0.559,0.585,1.0,1.1,0.875,0.6,1.4,2.0,0.9,0.4,0.1,0.9,1.3,10.5,
267.0,Ron Holland,20.0,DET,SF,77.0,5.0,19.9,3.0,7.0,0.434,0.6,2.5,0.253,2.4,4.5,0.536,0.48,1.6,1.9,0.805,1.1,2.9,4.0,1.2,1.2,0.3,1.2,2.3,8.3,
268.0,Al Horford,39.0,GSW,C,44.0,12.0,21.6,3.1,7.3,0.426,1.7,4.6,0.363,1.4,2.7,0.534,0.541,0.5,0.6,0.846,1.0,3.9,4.9,2.6,0.7,1.2,0.9,1.2,8.3,
269.0,Jake LaRavia,24.0,LAL,PF,81.0,43.0,25.1,3.0,6.4,0.46,1.0,3.0,0.322,2.0,3.4,0.579,0.535,1.4,1.9,0.763,1.4,2.5,4.0,1.8,1.3,0.5,1.1,2.4,8.3,
270.0,Kadary Richmond,24.0,WAS,SG,3.0,0.0,22.3,3.3,5.3,0.625,0.7,1.3,0.5,2.7,4.0,0.667,0.688,1.0,1.0,1.0,0.3,3.0,3.3,2.7,2.7,0.3,0.7,0.7,8.3,
271.0,Malachi Smith,26.0,BRK,SG,14.0,3.0,23.1,3.2,6.4,0.5,1.3,2.9,0.45,1.9,3.6,0.54,0.6,0.6,0.6,1.0,0.8,2.5,3.3,3.1,0.9,0.3,0.9,0.7,8.3,
272.0,Bradley Beal,32.0,LAC,SG,6.0,6.0,20.2,3.0,8.0,0.375,1.2,3.2,0.368,1.8,4.8,0.379,0.448,1.0,1.3,0.75,0.3,0.5,0.8,1.7,0.5,0.0,1.5,2.3,8.2,
273.0,LJ Cryer,24.0,GSW,PG,18.0,1.0,16.2,2.6,6.5,0.402,2.1,5.2,0.394,0.6,1.3,0.435,0.56,0.9,1.1,0.895,0.2,1.3,1.6,1.0,0.2,0.0,0.8,1.6,8.2,
274.0,Bryce McGowens,23.0,NOP,SG,42.0,13.0,21.0,2.7,5.6,0.481,0.9,2.2,0.409,1.8,3.4,0.528,0.561,1.8,2.3,0.779,0.3,1.8,2.1,1.5,0.6,0.2,0.4,2.1,8.1,
275.0,Gary Trent Jr.,27.0,MIL,SG,65.0,21.0,21.2,2.8,7.3,0.387,1.9,5.3,0.36,0.9,2.0,0.458,0.517,0.6,0.8,0.769,0.1,0.9,1.0,1.2,0.5,0.0,0.6,1.3,8.1,
276.0,DeJon Jarreau,28.0,MEM,SG,11.0,0.0,21.0,3.0,7.5,0.398,0.4,2.7,0.133,2.6,4.8,0.547,0.422,1.6,2.1,0.783,1.1,3.5,4.6,3.3,0.9,0.7,2.4,2.5,8.0,
277.0,Tre Scott,29.0,BRK,PF,5.0,3.0,31.2,3.2,8.4,0.381,0.8,2.8,0.286,2.4,5.6,0.429,0.429,0.8,1.2,0.667,1.8,3.8,5.6,1.8,1.4,1.0,0.4,2.0,8.0,
278.0,Moussa Diabaté,24.0,CHO,C,72.0,46.0,26.0,3.2,5.0,0.631,0.0,0.0,0.5,3.1,5.0,0.631,0.632,1.6,2.4,0.659,3.7,5.0,8.7,1.9,0.8,1.0,1.0,2.4,7.9,
279.0,Nate Williams,26.0,GSW,SG,13.0,2.0,17.5,3.1,6.2,0.494,0.9,2.1,0.444,2.2,4.2,0.519,0.568,0.8,1.0,0.846,1.4,0.8,2.2,1.0,0.4,0.0,1.2,1.9,7.9,
280.0,Walter Clayton,22.0,2TM,PG,69.0,6.0,20.4,2.6,6.7,0.384,1.1,3.5,0.307,1.5,3.1,0.47,0.465,1.6,1.8,0.901,0.4,1.7,2.0,4.0,0.6,0.3,1.7,1.7,7.8,
280.0,Walter Clayton,22.0,UTA,PG,45.0,0.0,18.0,2.3,5.7,0.398,1.0,3.2,0.308,1.3,2.5,0.513,0.484,1.3,1.4,0.935,0.3,1.6,2.0,3.2,0.5,0.3,1.3,1.7,6.8,
280.0,Walter Clayton,22.0,MEM,PG,24.0,6.0,25.0,3.1,8.5,0.366,1.3,4.2,0.307,1.8,4.3,0.423,0.441,2.1,2.5,0.864,0.4,1.7,2.1,5.7,0.8,0.3,2.5,1.7,9.7,
281.0,Bruce Brown,29.0,DEN,SG,81.0,3.0,24.3,3.0,6.3,0.469,0.7,1.8,0.388,2.3,4.5,0.501,0.524,1.2,1.6,0.762,1.0,2.8,3.9,2.1,1.0,0.2,1.1,2.4,7.8,
282.0,Sharife Cooper,24.0,WAS,PG,40.0,1.0,16.8,3.0,5.9,0.504,0.7,1.8,0.375,2.3,4.1,0.561,0.561,1.2,1.5,0.828,0.4,1.7,2.1,3.0,0.4,0.1,1.5,1.5,7.8,
283.0,Luka Garza,27.0,BOS,C,68.0,5.0,15.9,2.9,5.0,0.578,0.8,1.8,0.43,2.1,3.2,0.661,0.655,1.3,1.7,0.761,2.2,1.7,4.0,1.0,0.4,0.4,0.6,2.3,7.8,
284.0,Jalen Slawson,26.0,IND,SF,12.0,5.0,23.6,2.8,6.3,0.44,1.3,3.3,0.385,1.5,3.0,0.5,0.54,1.0,1.3,0.8,0.6,4.0,4.6,2.7,1.3,1.1,1.4,2.0,7.8,
285.0,Dominick Barlow,22.0,PHI,PF,70.0,59.0,23.8,3.0,5.7,0.537,0.3,1.2,0.256,2.7,4.5,0.61,0.563,1.3,1.8,0.717,1.9,2.9,4.8,1.2,0.9,0.8,0.8,2.1,7.7,
286.0,Chaney Johnson,23.0,BRK,SF,16.0,1.0,19.4,2.8,5.0,0.563,0.6,1.7,0.333,2.3,3.3,0.679,0.619,1.5,1.9,0.8,1.8,2.4,4.1,2.1,0.9,0.6,1.2,3.0,7.7,
287.0,Bez Mbeng,22.0,UTA,SG,14.0,4.0,31.7,3.2,6.4,0.5,0.4,1.9,0.185,2.9,4.5,0.635,0.528,0.9,1.4,0.65,1.3,2.5,3.8,3.8,2.1,0.4,1.3,3.1,7.7,
288.0,Quinten Post,25.0,GSW,PF,67.0,35.0,17.3,2.9,6.6,0.44,1.4,4.1,0.336,1.5,2.4,0.617,0.546,0.5,0.6,0.791,1.0,3.0,4.0,1.4,0.4,0.5,0.8,1.9,7.7,
289.0,Leonard Miller,22.0,2TM,SF,45.0,11.0,15.2,3.0,5.6,0.548,0.7,2.1,0.326,2.4,3.4,0.684,0.61,0.9,1.2,0.75,1.2,2.7,3.9,0.8,0.4,0.3,0.7,1.4,7.6,
289.0,Leonard Miller,22.0,MIN,SF,19.0,0.0,5.0,0.9,1.7,0.545,0.1,0.6,0.083,0.9,1.1,0.81,0.561,0.4,0.6,0.636,0.4,0.9,1.3,0.3,0.2,0.0,0.5,0.6,2.3,
289.0,Leonard Miller,22.0,CHI,SF,26.0,11.0,22.7,4.6,8.3,0.548,1.2,3.2,0.361,3.4,5.2,0.664,0.618,1.2,1.6,0.78,1.7,4.0,5.7,1.3,0.5,0.5,0.9,1.9,11.5,
290.0,Leaky Black,26.0,WAS,SF,14.0,9.0,30.3,2.9,7.1,0.4,1.4,3.8,0.358,1.5,3.4,0.447,0.495,0.5,0.6,0.875,1.1,4.2,5.3,1.5,1.2,0.6,1.0,2.9,7.6,
291.0,Gary Payton II,33.0,GSW,SG,72.0,1.0,15.7,3.3,5.7,0.584,0.5,1.8,0.294,2.8,4.0,0.711,0.628,0.4,0.6,0.65,1.4,2.3,3.7,1.7,0.9,0.3,0.9,1.8,7.6,
292.0,Ousmane Dieng,22.0,2TM,C,56.0,19.0,18.9,2.9,6.9,0.425,1.1,3.2,0.352,1.8,3.7,0.488,0.506,0.5,0.8,0.69,0.5,2.6,3.1,2.3,0.4,0.3,1.2,1.4,7.5,
292.0,Ousmane Dieng,22.0,OKC,C,27.0,0.0,10.9,1.4,3.4,0.418,0.7,1.8,0.367,0.7,1.6,0.476,0.516,0.2,0.2,1.0,0.3,1.3,1.6,1.0,0.1,0.3,0.3,0.8,3.7,
292.0,Ousmane Dieng,22.0,MIL,C,29.0,19.0,26.3,4.3,10.2,0.427,1.6,4.5,0.346,2.8,5.7,0.491,0.503,0.8,1.2,0.639,0.7,3.8,4.5,3.4,0.8,0.3,2.1,1.9,11.0,
293.0,Vince Williams Jr.,25.0,2TM,SG,40.0,12.0,20.5,2.6,7.3,0.353,1.4,4.4,0.311,1.2,2.9,0.417,0.447,1.0,1.3,0.78,1.0,2.9,3.9,4.2,0.7,0.4,1.8,2.0,7.5,
293.0,Vince Williams Jr.,25.0,MEM,PG,34.0,12.0,21.6,2.7,7.8,0.352,1.4,4.7,0.308,1.3,3.1,0.419,0.445,1.1,1.4,0.804,1.0,3.0,4.0,4.4,0.8,0.4,1.9,2.1,8.0,
293.0,Vince Williams Jr.,25.0,UTA,SG,6.0,0.0,14.0,1.7,4.7,0.357,1.0,3.0,0.333,0.7,1.7,0.4,0.464,0.3,0.7,0.5,0.8,2.3,3.2,2.7,0.3,0.3,1.2,1.5,4.7,
294.0,Jaxson Hayes,25.0,LAL,C,66.0,9.0,18.3,3.0,4.0,0.756,0.0,0.0,1.0,3.0,3.9,0.753,0.761,1.5,2.3,0.653,1.5,2.6,4.1,0.9,0.4,0.8,0.5,1.9,7.5,
295.0,Ryan Kalkbrenner,24.0,CHO,C,68.0,31.0,21.5,3.2,4.2,0.749,0.0,0.1,0.0,3.2,4.1,0.762,0.749,1.2,1.7,0.713,2.4,3.0,5.5,0.8,0.5,1.5,0.9,1.6,7.5,
296.0,Paul Reed,26.0,DET,C,64.0,10.0,13.7,3.1,5.1,0.604,0.2,0.6,0.325,2.9,4.5,0.642,0.623,1.1,1.7,0.651,2.0,2.5,4.5,1.2,0.8,0.9,0.9,1.9,7.5,
297.0,Ja'Kobe Walter,21.0,TOR,SG,71.0,19.0,20.4,2.5,5.6,0.444,1.5,3.7,0.405,1.0,1.9,0.519,0.578,1.0,1.2,0.784,0.8,1.8,2.6,1.2,1.0,0.2,0.5,2.3,7.5,
298.0,Josh Minott,23.0,2TM,PF,49.0,11.0,17.0,2.6,5.1,0.5,1.3,3.1,0.418,1.3,2.0,0.626,0.627,1.0,1.2,0.787,1.0,2.2,3.2,0.9,0.9,0.5,0.9,1.5,7.4,
298.0,Josh Minott,23.0,BOS,PF,33.0,10.0,15.9,2.1,4.1,0.507,1.0,2.3,0.442,1.1,1.8,0.593,0.632,0.6,0.8,0.769,1.2,2.4,3.6,1.0,0.7,0.4,0.6,1.5,5.8,
298.0,Josh Minott,23.0,BRK,SF,16.0,1.0,19.3,3.6,7.3,0.491,1.9,4.8,0.395,1.7,2.5,0.675,0.621,1.8,2.2,0.8,0.5,2.0,2.5,0.8,1.3,0.8,1.4,1.4,10.8,
299.0,Taylor Hendricks,22.0,2TM,PF,59.0,17.0,18.9,2.8,6.0,0.459,1.1,3.1,0.342,1.7,2.9,0.585,0.548,0.8,1.2,0.681,1.1,2.6,3.7,0.9,0.8,0.5,0.8,1.7,7.4,
299.0,Taylor Hendricks,22.0,UTA,PF,33.0,6.0,14.9,1.8,3.9,0.453,0.7,2.1,0.343,1.0,1.8,0.586,0.547,0.7,1.0,0.719,0.9,2.1,3.0,0.7,0.4,0.2,0.6,1.2,4.9,
299.0,Taylor Hendricks,22.0,MEM,PF,26.0,11.0,24.1,4.0,8.7,0.463,1.5,4.4,0.342,2.5,4.3,0.584,0.548,1.0,1.5,0.65,1.4,3.3,4.7,1.2,1.4,0.8,1.2,2.3,10.6,
300.0,Caris LeVert,31.0,DET,SG,59.0,0.0,19.3,2.7,6.6,0.418,1.0,3.0,0.33,1.7,3.5,0.493,0.494,0.9,1.4,0.675,0.4,1.6,2.0,2.7,0.9,0.7,1.4,1.5,7.4,
301.0,Cameron Payne,31.0,PHI,PG,22.0,1.0,17.0,2.5,6.8,0.376,1.5,4.4,0.33,1.1,2.4,0.462,0.483,0.9,1.0,0.864,0.1,1.9,2.0,2.6,1.1,0.3,0.5,1.4,7.4,
302.0,Ben Saraf,19.0,BRK,SG,43.0,10.0,20.7,2.7,6.8,0.389,0.4,2.1,0.213,2.2,4.7,0.466,0.422,1.6,2.0,0.833,0.4,1.7,2.1,3.3,0.8,0.2,2.2,1.7,7.4,
303.0,Jose Alvarado,27.0,2TM,PG,68.0,2.0,19.6,2.7,6.4,0.418,1.4,4.1,0.349,1.2,2.3,0.542,0.53,0.5,0.7,0.761,0.4,2.1,2.4,3.3,0.9,0.1,1.1,1.9,7.3,
303.0,Jose Alvarado,27.0,NOP,PG,41.0,0.0,21.9,2.9,6.8,0.418,1.7,4.7,0.363,1.1,2.1,0.54,0.543,0.5,0.6,0.833,0.4,2.4,2.8,3.1,0.9,0.1,1.1,2.0,7.9,
303.0,Jose Alvarado,27.0,NYK,PG,27.0,2.0,16.3,2.4,5.7,0.418,1.0,3.1,0.318,1.4,2.5,0.544,0.507,0.6,0.8,0.682,0.3,1.6,1.9,3.7,1.0,0.1,1.1,1.7,6.3,
304.0,Kris Dunn,31.0,LAC,PG,81.0,67.0,27.3,2.8,5.8,0.477,1.0,2.6,0.379,1.8,3.2,0.556,0.561,0.8,1.0,0.765,0.7,2.6,3.3,3.6,1.6,0.2,1.3,2.3,7.3,
305.0,Tyson Etienne,26.0,BRK,PG,23.0,2.0,14.9,2.3,5.6,0.403,1.8,4.3,0.418,0.5,1.3,0.355,0.562,1.0,1.2,0.857,0.2,0.9,1.1,1.6,0.4,0.0,0.7,2.0,7.3,
306.0,Nikola Jović,22.0,MIA,PF,47.0,1.0,17.2,2.4,6.7,0.366,1.0,3.6,0.269,1.5,3.1,0.476,0.438,1.5,2.1,0.683,0.5,2.7,3.3,2.2,0.6,0.4,1.4,1.4,7.3,
307.0,John Poulakidas,22.0,DAL,SG,12.0,0.0,18.1,2.5,6.1,0.411,1.9,5.1,0.377,0.6,1.0,0.583,0.568,0.3,0.3,1.0,0.3,2.0,2.3,0.6,0.5,0.3,0.3,2.1,7.3,
308.0,Buddy Hield,33.0,2TM,SG,50.0,3.0,16.0,2.6,6.2,0.424,1.3,4.0,0.333,1.3,2.2,0.593,0.532,0.6,0.7,0.811,0.5,1.7,2.3,1.4,0.8,0.2,0.9,1.1,7.2,
308.0,Buddy Hield,33.0,GSW,SG,44.0,3.0,17.5,3.0,6.8,0.433,1.5,4.4,0.344,1.4,2.4,0.6,0.545,0.6,0.8,0.794,0.6,1.9,2.5,1.5,0.8,0.2,1.0,1.3,8.0,
308.0,Buddy Hield,33.0,ATL,SG,6.0,0.0,5.0,0.2,1.5,0.111,0.0,1.0,0.0,0.2,0.5,0.333,0.111,0.5,0.5,1.0,0.2,0.7,0.8,0.3,0.2,0.0,0.8,0.2,0.8,
309.0,Seth Curry,35.0,GSW,SG,9.0,0.0,13.4,2.4,4.7,0.524,1.1,2.3,0.476,1.3,2.3,0.571,0.643,1.2,1.3,0.917,0.4,0.8,1.2,0.9,0.3,0.0,0.2,0.8,7.2,
310.0,Terance Mann,29.0,BRK,SG,63.0,51.0,24.3,2.7,5.8,0.457,0.9,2.4,0.364,1.8,3.4,0.523,0.533,1.0,1.3,0.788,1.1,2.1,3.2,3.0,0.7,0.2,1.1,2.5,7.2,
311.0,Kobe Sanders,23.0,LAC,SG,67.0,16.0,19.8,2.6,5.6,0.466,1.2,2.9,0.407,1.4,2.7,0.527,0.57,0.8,1.0,0.815,0.4,1.8,2.2,1.6,0.7,0.1,1.2,2.1,7.2,
312.0,Pat Spencer,29.0,GSW,PG,65.0,14.0,18.6,2.8,6.6,0.428,0.9,2.5,0.358,1.9,4.0,0.471,0.496,0.7,0.9,0.772,0.8,1.6,2.4,3.5,0.7,0.1,1.3,1.1,7.2,
313.0,Jaylin Williams,23.0,OKC,PF,65.0,11.0,19.6,2.3,5.4,0.423,1.5,3.9,0.383,0.8,1.5,0.531,0.563,1.1,1.4,0.793,0.5,5.0,5.5,2.4,0.5,0.6,1.0,2.0,7.2,
314.0,MarJon Beauchamp,25.0,PHI,SF,13.0,1.0,14.9,2.5,5.7,0.432,1.2,3.5,0.348,1.2,2.2,0.571,0.541,0.9,1.3,0.706,0.5,1.9,2.4,1.2,0.7,0.3,1.0,1.0,7.1,
315.0,Ben Sheppard,24.0,IND,SG,65.0,20.0,21.4,2.6,6.0,0.434,1.3,3.6,0.362,1.3,2.4,0.542,0.543,0.6,0.8,0.765,0.7,2.3,3.0,1.8,0.6,0.1,0.6,1.8,7.1,
316.0,Bogdan Bogdanović,33.0,LAC,SG,22.0,3.0,19.6,2.4,6.5,0.371,1.3,4.0,0.322,1.1,2.5,0.446,0.469,0.9,1.1,0.8,0.3,2.3,2.5,2.3,0.5,0.0,1.2,2.0,7.0,
317.0,Javonte Green,32.0,DET,SG,81.0,6.0,17.7,2.3,5.1,0.445,1.1,3.0,0.377,1.1,2.1,0.545,0.557,1.3,1.5,0.84,0.8,2.0,2.8,0.7,1.2,0.3,0.6,1.3,7.0,
318.0,Lawson Lovering,22.0,MEM,C,2.0,1.0,24.5,3.0,5.0,0.6,0.0,0.0,,3.0,5.0,0.6,0.6,1.0,2.5,0.4,3.0,4.5,7.5,1.5,1.5,0.5,1.0,3.5,7.0,
319.0,Oscar Tshiebwe,26.0,UTA,C,26.0,5.0,16.0,3.1,4.9,0.625,0.0,0.0,,3.1,4.9,0.625,0.625,0.8,1.6,0.537,2.6,3.6,6.2,1.1,0.6,0.2,0.7,1.5,7.0,
320.0,Jamir Watkins,24.0,WAS,SG,49.0,6.0,20.4,2.6,5.8,0.442,0.9,3.0,0.282,1.7,2.7,0.619,0.516,1.1,1.6,0.684,1.0,2.9,3.9,1.3,1.1,0.5,0.8,2.6,7.0,
321.0,Grant Williams,27.0,CHO,PF,35.0,3.0,19.7,2.1,5.1,0.419,1.4,3.7,0.382,0.7,1.4,0.521,0.559,1.3,1.5,0.815,1.3,2.6,3.9,1.5,0.5,0.5,0.9,1.6,7.0,
322.0,Julian Strawther,23.0,DEN,SG,56.0,13.0,14.8,2.5,5.4,0.467,1.0,2.5,0.38,1.5,2.8,0.544,0.557,1.0,1.2,0.818,0.2,1.7,1.9,1.0,0.4,0.1,0.6,1.3,6.9,
323.0,Moritz Wagner,28.0,ORL,C,36.0,0.0,11.9,2.3,5.4,0.426,0.6,1.9,0.314,1.7,3.5,0.488,0.482,1.6,2.0,0.819,0.8,2.4,3.2,0.8,0.4,0.1,0.5,1.6,6.9,
324.0,Patrick Williams,24.0,CHI,PF,71.0,5.0,20.3,2.4,6.5,0.374,1.3,3.7,0.351,1.1,2.8,0.404,0.474,0.7,1.0,0.716,0.7,2.3,3.0,1.4,0.6,0.4,1.0,1.3,6.9,
325.0,Elijah Harkless,25.0,UTA,SG,26.0,9.0,21.0,2.1,6.2,0.335,0.8,3.4,0.239,1.3,2.8,0.452,0.401,1.9,2.5,0.766,0.4,1.7,2.0,2.9,1.2,0.2,1.0,2.0,6.8,
326.0,Keon Ellis,26.0,2TM,SG,72.0,11.0,20.5,2.3,5.3,0.44,1.3,3.5,0.363,1.1,1.8,0.586,0.559,0.7,1.0,0.729,0.5,1.3,1.9,1.0,1.2,0.6,0.6,1.9,6.7,
326.0,Keon Ellis,26.0,SAC,SG,43.0,5.0,17.6,1.9,4.9,0.397,1.2,3.3,0.368,0.7,1.5,0.462,0.524,0.5,0.7,0.625,0.3,0.9,1.3,0.6,1.1,0.5,0.5,1.6,5.6,
326.0,Keon Ellis,26.0,CLE,SG,29.0,6.0,24.8,3.0,6.0,0.491,1.3,3.7,0.355,1.7,2.3,0.706,0.6,1.1,1.3,0.816,0.8,2.0,2.8,1.6,1.3,0.8,0.7,2.2,8.3,
327.0,Isaiah Jackson,24.0,2TM,C,55.0,14.0,16.5,2.7,4.3,0.637,0.0,0.1,0.0,2.7,4.3,0.645,0.637,1.2,1.9,0.648,2.1,3.2,5.3,0.9,0.7,0.9,1.1,2.7,6.7,
327.0,Isaiah Jackson,24.0,IND,C,38.0,14.0,16.8,2.5,4.3,0.582,0.0,0.0,0.0,2.5,4.3,0.585,0.582,1.3,1.9,0.689,2.3,3.3,5.6,0.8,0.7,0.8,1.1,2.8,6.4,
327.0,Isaiah Jackson,24.0,LAC,C,17.0,0.0,15.9,3.2,4.2,0.764,0.0,0.1,0.0,3.2,4.1,0.786,0.764,1.0,1.8,0.548,1.6,3.1,4.6,1.2,0.6,1.2,0.9,2.3,7.5,
328.0,Cole Anthony,25.0,MIL,PG,35.0,0.0,15.1,2.8,6.6,0.424,0.6,2.1,0.306,2.2,4.5,0.478,0.472,0.5,0.7,0.615,0.5,2.0,2.5,3.5,0.6,0.3,1.9,2.1,6.7,
329.0,Kevin Love,37.0,UTA,PF,37.0,5.0,16.6,2.1,5.4,0.397,1.4,3.8,0.373,0.7,1.5,0.456,0.53,1.0,1.2,0.841,1.5,4.3,5.8,1.8,0.4,0.2,0.8,1.5,6.7,
330.0,Jamal Shead,23.0,TOR,PG,81.0,12.0,22.6,2.2,6.1,0.365,1.0,3.2,0.323,1.2,2.9,0.412,0.45,1.1,1.4,0.784,0.3,1.4,1.8,5.4,0.9,0.2,1.4,2.0,6.7,
331.0,Robert Williams,28.0,POR,C,58.0,1.0,17.0,3.0,4.2,0.707,0.2,0.4,0.391,2.8,3.8,0.74,0.726,0.6,1.0,0.596,2.4,4.6,7.0,1.0,0.6,1.5,0.8,1.2,6.7,
332.0,Ethan Thompson,26.0,IND,SG,31.0,12.0,19.8,2.2,5.9,0.379,1.1,3.5,0.324,1.1,2.4,0.459,0.475,1.0,1.3,0.78,0.5,1.6,2.1,1.6,0.6,0.3,0.7,2.2,6.6,
333.0,Trendon Watford,25.0,PHI,PF,52.0,7.0,16.5,2.6,5.1,0.513,0.2,1.0,0.2,2.4,4.2,0.585,0.532,1.2,1.5,0.779,0.7,2.6,3.4,2.5,0.3,0.4,1.2,2.0,6.6,
334.0,Jevon Carter,30.0,2TM,PG,52.0,1.0,16.4,2.3,5.8,0.401,1.5,4.1,0.363,0.9,1.8,0.489,0.528,0.3,0.4,0.789,0.3,1.4,1.7,1.7,0.8,0.2,0.7,1.1,6.5,
334.0,Jevon Carter,30.0,CHI,PG,23.0,0.0,11.0,1.8,4.5,0.398,1.4,3.4,0.41,0.4,1.1,0.36,0.553,0.4,0.4,1.0,0.2,0.9,1.1,0.8,0.6,0.1,0.5,0.8,5.4,
334.0,Jevon Carter,30.0,ORL,PG,29.0,1.0,20.7,2.8,6.9,0.403,1.6,4.6,0.336,1.2,2.3,0.537,0.515,0.2,0.3,0.556,0.3,1.8,2.1,2.3,0.9,0.3,0.8,1.3,7.3,
335.0,Oso Ighodaro,23.0,PHO,PF,81.0,23.0,22.2,2.9,4.5,0.656,0.0,0.0,0.0,2.9,4.5,0.657,0.656,0.7,1.4,0.453,1.7,3.4,5.1,2.2,0.9,0.7,1.2,2.7,6.5,
336.0,Luke Kornet,30.0,SAS,C,68.0,25.0,21.0,2.6,4.0,0.643,0.0,0.0,,2.6,4.0,0.643,0.643,1.4,1.7,0.825,2.7,3.4,6.1,1.9,0.5,1.0,0.4,1.8,6.5,
337.0,Ryan Nembhard,22.0,DAL,PG,59.0,26.0,19.2,2.6,6.4,0.412,0.8,2.3,0.353,1.8,4.2,0.443,0.474,0.4,0.5,0.793,0.2,1.9,2.1,5.0,0.4,0.0,1.4,1.4,6.5,
338.0,Drake Powell,20.0,BRK,SG,62.0,23.0,20.9,2.3,5.6,0.405,0.8,2.9,0.287,1.5,2.7,0.529,0.478,1.1,1.2,0.893,0.3,1.4,1.8,1.5,0.6,0.2,0.9,1.4,6.5,
339.0,Will Richard,23.0,GSW,SG,68.0,21.0,19.9,2.4,5.0,0.472,1.0,3.1,0.34,1.3,2.0,0.679,0.576,0.7,0.8,0.852,1.0,1.5,2.5,1.4,1.2,0.1,0.8,1.9,6.5,
340.0,Tyrese Martin,26.0,2TM,SG,45.0,6.0,17.2,2.4,6.2,0.394,1.2,3.7,0.321,1.2,2.5,0.5,0.489,0.4,0.6,0.679,0.8,1.8,2.6,1.7,0.6,0.1,0.9,0.7,6.4,
340.0,Tyrese Martin,26.0,BRK,SG,37.0,6.0,18.8,2.7,6.9,0.392,1.4,4.1,0.336,1.3,2.8,0.476,0.492,0.5,0.7,0.731,0.9,2.0,2.9,1.9,0.6,0.1,0.9,0.8,7.3,
340.0,Tyrese Martin,26.0,PHI,SG,8.0,0.0,9.9,1.1,2.8,0.409,0.3,1.6,0.154,0.9,1.1,0.778,0.455,0.0,0.3,0.0,0.3,1.0,1.3,1.1,0.4,0.3,0.9,0.4,2.5,
341.0,Kenrich Williams,31.0,OKC,PF,55.0,2.0,14.9,2.5,5.2,0.475,0.9,2.2,0.39,1.6,2.9,0.54,0.56,0.6,0.9,0.64,1.0,2.2,3.2,1.3,0.6,0.1,0.8,1.0,6.4,
342.0,Andre Drummond,32.0,PHI,C,62.0,25.0,19.5,2.5,5.3,0.471,0.5,1.4,0.345,2.0,3.9,0.517,0.517,0.9,1.4,0.631,3.1,5.3,8.4,1.2,0.6,0.8,1.0,2.0,6.3,
343.0,David Roddy,24.0,DEN,PF,4.0,0.0,10.0,2.3,4.3,0.529,0.8,2.5,0.3,1.5,1.8,0.857,0.618,1.0,1.0,1.0,0.3,1.5,1.8,0.5,0.8,0.3,0.5,1.0,6.3,
344.0,Jalen Wilson,25.0,BRK,PF,53.0,2.0,15.7,2.0,5.1,0.398,1.0,2.9,0.355,1.0,2.2,0.453,0.498,1.2,1.7,0.733,0.3,1.7,2.0,0.9,0.4,0.0,0.7,1.5,6.3,
345.0,Kyle Anderson,32.0,3TM,SF,43.0,5.0,19.8,2.5,4.7,0.53,0.1,0.3,0.364,2.4,4.4,0.539,0.54,1.1,1.6,0.706,1.0,2.5,3.5,2.9,1.0,0.6,0.9,2.2,6.2,
345.0,Kyle Anderson,32.0,UTA,SF,20.0,0.0,20.1,2.9,5.5,0.523,0.2,0.3,0.6,2.7,5.2,0.519,0.537,1.3,1.9,0.658,1.0,2.4,3.3,3.1,1.2,0.5,0.9,2.3,7.1,
345.0,Kyle Anderson,32.0,MEM,SF,4.0,3.0,22.3,3.8,4.8,0.789,0.3,0.3,1.0,3.5,4.5,0.778,0.816,1.5,2.0,0.75,0.8,2.8,3.5,0.8,1.5,1.0,1.8,3.0,9.3,
345.0,Kyle Anderson,32.0,MIN,SF,19.0,2.0,19.1,1.8,3.9,0.473,0.0,0.3,0.0,1.8,3.6,0.507,0.473,0.9,1.2,0.773,1.1,2.6,3.7,3.3,0.8,0.6,0.8,2.0,4.6,
346.0,Thomas Bryant,28.0,CLE,C,60.0,1.0,12.2,2.3,4.5,0.506,0.8,2.2,0.359,1.5,2.3,0.647,0.594,0.9,1.1,0.803,1.0,2.4,3.4,0.6,0.3,0.4,0.5,1.3,6.2,
347.0,Alex Caruso,31.0,OKC,SG,56.0,0.0,18.2,2.3,5.4,0.423,0.9,3.2,0.293,1.3,2.1,0.622,0.512,0.7,0.9,0.804,0.5,2.3,2.8,2.0,1.3,0.3,0.9,1.2,6.2,
348.0,Kasparas Jakučionis,19.0,MIA,PG,52.0,12.0,17.8,1.9,4.5,0.421,1.2,3.0,0.416,0.7,1.6,0.432,0.557,1.1,1.3,0.879,0.8,1.8,2.6,2.5,0.6,0.1,0.9,1.9,6.2,
349.0,Tidjane Salaün,20.0,CHO,PF,36.0,0.0,15.9,2.2,4.4,0.506,1.0,2.3,0.434,1.2,2.1,0.587,0.62,0.7,1.1,0.65,0.7,3.4,4.1,0.8,0.4,0.2,0.7,1.5,6.2,
350.0,Rob Dillingham,21.0,2TM,PG,64.0,0.0,14.7,2.4,6.2,0.386,0.6,2.0,0.32,1.7,4.2,0.417,0.438,0.6,0.8,0.765,0.3,1.7,2.0,2.2,0.7,0.1,1.5,1.8,6.0,
350.0,Rob Dillingham,21.0,MIN,PG,35.0,0.0,9.3,1.3,4.0,0.333,0.3,0.9,0.364,1.0,3.1,0.324,0.376,0.4,0.6,0.75,0.1,1.0,1.2,1.7,0.5,0.1,1.0,1.0,3.5,
350.0,Rob Dillingham,21.0,CHI,PG,29.0,0.0,21.2,3.6,8.7,0.415,1.0,3.3,0.305,2.6,5.4,0.481,0.472,0.8,1.1,0.774,0.5,2.4,2.9,2.8,0.9,0.1,2.0,2.6,9.1,
351.0,Gradey Dick,22.0,TOR,SG,75.0,1.0,14.2,2.1,5.1,0.421,0.7,2.5,0.301,1.4,2.6,0.536,0.495,1.0,1.2,0.874,0.6,1.4,2.0,0.7,0.6,0.1,0.6,1.3,6.0,
352.0,Jahmai Mashack,23.0,MEM,SG,30.0,6.0,21.2,2.4,6.1,0.399,0.6,2.2,0.258,1.9,3.9,0.479,0.445,0.6,1.1,0.529,0.8,1.9,2.7,1.9,1.2,0.4,1.5,2.0,6.0,
353.0,Nick Smith Jr.,21.0,LAL,SG,29.0,1.0,12.3,2.2,5.2,0.433,1.1,2.8,0.4,1.1,2.4,0.471,0.54,0.4,0.5,0.733,0.1,0.7,0.8,1.0,0.3,0.1,0.7,1.0,6.0,
354.0,Goga Bitadze,26.0,ORL,C,63.0,3.0,15.2,2.4,3.5,0.673,0.0,0.2,0.182,2.3,3.4,0.698,0.677,1.1,1.5,0.716,2.1,2.8,5.0,1.3,0.6,1.0,0.7,2.1,5.9,
355.0,Justin Edwards,22.0,PHI,SF,63.0,12.0,15.2,2.2,4.9,0.446,1.0,2.7,0.36,1.2,2.1,0.556,0.547,0.5,0.6,0.846,0.4,1.1,1.5,1.2,0.8,0.2,0.6,1.4,5.9,
356.0,Nick Richards,28.0,2TM,C,48.0,6.0,14.6,2.1,4.2,0.512,0.1,0.4,0.278,2.0,3.8,0.536,0.525,1.4,2.1,0.644,1.6,3.5,5.1,0.3,0.2,0.7,1.2,1.8,5.8,
356.0,Nick Richards,28.0,PHO,C,28.0,2.0,9.1,1.3,2.5,0.493,0.0,0.0,,1.3,2.5,0.493,0.493,0.7,1.0,0.679,1.3,2.0,3.3,0.3,0.1,0.5,0.9,1.4,3.2,
356.0,Nick Richards,28.0,CHI,C,20.0,4.0,22.4,3.4,6.5,0.523,0.3,0.9,0.278,3.2,5.6,0.563,0.542,2.3,3.7,0.63,2.1,5.5,7.6,0.4,0.3,0.9,1.7,2.5,9.4,
357.0,Steven Adams,32.0,HOU,C,32.0,11.0,22.8,2.2,4.3,0.504,0.0,0.0,,2.2,4.3,0.504,0.504,1.5,2.5,0.58,4.5,4.1,8.6,1.5,0.7,0.6,1.1,1.7,5.8,
358.0,Kris Murray,25.0,POR,SF,56.0,15.0,23.3,2.3,4.9,0.463,0.6,2.1,0.267,1.7,2.7,0.618,0.522,0.7,1.0,0.691,1.6,2.0,3.6,1.4,0.9,0.4,0.8,1.6,5.8,
359.0,Matisse Thybulle,28.0,POR,SG,29.0,0.0,16.3,1.9,4.5,0.431,1.2,3.1,0.4,0.7,1.4,0.5,0.569,0.7,0.9,0.84,0.6,1.4,2.0,0.9,2.1,0.6,1.0,1.4,5.8,
360.0,Dean Wade,29.0,CLE,PF,59.0,38.0,22.3,2.1,4.7,0.439,1.2,3.3,0.362,0.9,1.4,0.622,0.567,0.5,0.6,0.711,0.9,3.3,4.2,1.5,0.7,0.4,0.3,1.5,5.8,
361.0,Anthony Gill,33.0,WAS,PF,54.0,7.0,17.1,2.4,3.9,0.62,0.3,0.8,0.333,2.1,3.0,0.699,0.656,0.6,0.9,0.739,1.1,1.8,2.8,1.3,0.6,0.4,0.6,1.6,5.7,
362.0,Karlo Matković,24.0,NOP,PF,62.0,2.0,14.7,2.3,3.8,0.604,0.6,1.5,0.422,1.7,2.3,0.717,0.685,0.5,0.7,0.732,1.2,2.5,3.7,0.8,0.4,0.9,0.5,1.7,5.7,
363.0,Yves Missi,21.0,NOP,C,66.0,14.0,19.7,2.4,4.5,0.544,0.0,0.0,0.0,2.4,4.4,0.546,0.544,0.9,1.5,0.559,2.8,3.1,5.8,1.3,0.3,1.5,0.8,1.7,5.7,
364.0,Mitchell Robinson,27.0,NYK,C,60.0,16.0,19.6,2.5,3.4,0.723,0.0,0.0,,2.5,3.4,0.723,0.723,0.7,1.7,0.408,4.2,4.6,8.8,0.9,0.9,1.2,0.7,2.1,5.7,
365.0,Guerschon Yabusele,30.0,2TM,C,67.0,19.0,15.0,1.9,4.7,0.401,1.0,2.9,0.352,0.8,1.7,0.483,0.511,0.8,1.1,0.75,0.8,2.7,3.5,0.9,0.4,0.2,0.6,1.2,5.6,
365.0,Guerschon Yabusele,30.0,NYK,C,41.0,0.0,8.9,1.0,2.6,0.393,0.5,1.7,0.294,0.5,1.0,0.564,0.486,0.2,0.3,0.667,0.6,1.5,2.1,0.4,0.1,0.1,0.4,0.9,2.7,
365.0,Guerschon Yabusele,30.0,CHI,C,26.0,19.0,24.7,3.2,7.9,0.405,1.9,4.9,0.383,1.3,3.0,0.442,0.524,1.8,2.3,0.767,1.2,4.4,5.7,1.7,0.8,0.4,1.0,1.7,10.0,
366.0,Kobe Brown,26.0,2TM,PF,60.0,9.0,15.5,2.0,4.3,0.465,0.8,2.2,0.364,1.2,2.1,0.571,0.558,0.8,0.9,0.804,1.1,1.9,3.0,1.3,0.4,0.2,0.9,1.1,5.6,
366.0,Kobe Brown,26.0,LAC,PF,34.0,0.0,8.7,1.0,2.5,0.393,0.4,1.4,0.265,0.6,1.0,0.571,0.47,0.6,0.8,0.808,0.5,1.0,1.6,0.8,0.3,0.1,0.4,0.5,2.9,
366.0,Kobe Brown,26.0,IND,PF,26.0,9.0,24.3,3.3,6.7,0.5,1.3,3.2,0.422,2.0,3.5,0.571,0.601,0.9,1.2,0.8,1.8,3.0,4.8,2.0,0.5,0.4,1.4,2.0,9.0,
367.0,Ryan Dunn,23.0,PHO,SF,69.0,15.0,19.3,2.3,5.1,0.444,0.8,2.4,0.325,1.5,2.7,0.551,0.521,0.3,0.6,0.477,1.4,2.7,4.1,1.4,0.9,0.4,0.8,1.9,5.6,
368.0,Tre Mann,24.0,CHO,PG,52.0,1.0,12.8,2.1,5.8,0.361,1.0,3.0,0.323,1.1,2.8,0.401,0.444,0.4,0.5,0.852,0.4,1.4,1.8,1.7,0.5,0.1,1.0,1.3,5.6,
369.0,Doug McDermott,34.0,SAC,SF,28.0,0.0,14.8,1.9,4.8,0.388,1.6,4.3,0.387,0.2,0.5,0.4,0.56,0.3,0.3,1.0,0.3,1.0,1.2,0.8,0.2,0.1,0.5,0.9,5.6,
370.0,Dru Smith,28.0,MIA,SG,70.0,1.0,16.3,1.9,4.6,0.415,0.5,1.8,0.295,1.4,2.8,0.495,0.474,1.2,1.5,0.829,0.9,1.6,2.5,2.6,1.4,0.3,0.8,1.6,5.6,
371.0,Jamal Cain,26.0,ORL,SF,39.0,1.0,12.1,1.9,3.9,0.49,0.7,1.8,0.389,1.2,2.0,0.582,0.583,0.9,1.1,0.841,0.7,1.3,1.9,0.7,0.3,0.1,0.5,1.3,5.5,
372.0,Eric Gordon,37.0,PHI,SG,6.0,0.0,12.3,2.0,3.5,0.571,1.3,2.3,0.571,0.7,1.2,0.571,0.762,0.2,0.3,0.5,0.2,0.2,0.3,0.5,0.7,0.2,0.5,0.5,5.5,
373.0,Haywood Highsmith,29.0,PHO,SF,6.0,0.0,13.3,1.7,3.3,0.5,1.3,2.2,0.615,0.3,1.2,0.286,0.7,0.8,1.0,0.833,1.0,1.2,2.2,1.2,0.7,0.0,0.0,1.3,5.5,
374.0,Jett Howard,22.0,ORL,SF,55.0,0.0,12.6,1.9,4.6,0.418,1.0,2.6,0.372,0.9,1.9,0.481,0.526,0.7,0.7,0.949,0.4,1.2,1.6,0.8,0.2,0.2,0.3,1.2,5.5,
375.0,Spencer Jones,24.0,DEN,SF,64.0,37.0,22.1,2.1,4.1,0.504,0.9,2.3,0.396,1.2,1.8,0.636,0.613,0.5,0.8,0.608,1.2,2.1,3.3,0.8,0.8,0.5,0.5,2.7,5.5,
376.0,Nae'Qwan Tomlin,25.0,CLE,PF,63.0,2.0,15.3,2.2,4.7,0.473,0.4,1.7,0.215,1.9,3.0,0.618,0.512,0.7,0.9,0.754,1.3,1.6,2.8,0.8,0.7,0.5,0.4,2.0,5.5,
377.0,Mac McClung,27.0,2TM,SG,10.0,0.0,11.7,1.9,5.2,0.365,0.5,2.6,0.192,1.4,2.6,0.538,0.413,1.1,1.4,0.786,0.2,0.8,1.0,1.0,1.0,0.3,0.9,1.6,5.4,
377.0,Mac McClung,27.0,IND,SG,3.0,0.0,11.3,2.3,6.0,0.389,0.7,3.3,0.2,1.7,2.7,0.625,0.444,1.0,1.3,0.75,0.0,1.3,1.3,0.3,1.7,0.3,0.7,2.0,6.3,
377.0,Mac McClung,27.0,CHI,SG,7.0,0.0,11.9,1.7,4.9,0.353,0.4,2.3,0.188,1.3,2.6,0.5,0.397,1.1,1.4,0.8,0.3,0.6,0.9,1.3,0.7,0.3,1.0,1.4,5.0,
378.0,Dylan Cardwell,24.0,SAC,C,43.0,1.0,20.6,2.4,4.0,0.593,0.0,0.1,0.667,2.3,3.9,0.592,0.599,0.6,1.2,0.51,3.3,4.2,7.5,1.4,0.7,1.5,0.9,3.6,5.4,
379.0,Killian Hayes,24.0,SAC,PG,22.0,3.0,17.3,1.8,5.9,0.3,0.7,2.8,0.258,1.0,3.1,0.338,0.362,1.1,1.2,0.923,0.2,2.2,2.4,3.5,0.9,0.2,1.2,1.5,5.4,
380.0,Aaron Holiday,29.0,HOU,PG,56.0,1.0,13.6,1.8,4.4,0.415,1.2,3.0,0.392,0.7,1.5,0.463,0.546,0.6,0.7,0.872,0.2,0.8,1.0,1.0,0.4,0.1,0.7,1.3,5.4,
381.0,Pete Nance,25.0,MIL,PF,47.0,6.0,15.7,2.1,4.1,0.515,1.1,2.5,0.42,1.1,1.6,0.667,0.644,0.1,0.2,0.364,0.6,2.1,2.7,1.0,0.3,0.3,0.6,1.3,5.4,
382.0,Branden Carlson,26.0,OKC,C,41.0,3.0,10.9,2.1,4.0,0.53,0.6,1.9,0.342,1.5,2.2,0.689,0.608,0.3,0.6,0.583,0.7,2.1,2.8,0.7,0.1,0.5,0.4,0.9,5.3,
383.0,Sion James,23.0,CHO,SG,81.0,19.0,22.5,1.7,4.5,0.369,1.0,2.9,0.351,0.7,1.7,0.4,0.48,1.0,1.2,0.837,0.6,2.9,3.5,2.0,0.6,0.2,0.8,1.8,5.3,
384.0,Jordan Walsh,21.0,BOS,PF,67.0,24.0,17.6,2.0,3.9,0.519,0.7,1.8,0.395,1.3,2.1,0.626,0.61,0.6,0.8,0.755,1.3,2.7,3.9,0.8,0.7,0.4,0.5,2.0,5.3,
385.0,Jamaree Bouyea,26.0,PHO,PG,45.0,0.0,13.4,2.1,4.7,0.451,0.4,1.6,0.286,1.7,3.2,0.531,0.498,0.5,0.7,0.727,0.4,1.3,1.7,1.6,0.6,0.3,0.6,0.8,5.2,
386.0,Sidy Cissoko,21.0,POR,SF,74.0,26.0,19.4,1.8,4.5,0.398,0.8,2.7,0.298,1.0,1.8,0.544,0.487,0.8,1.2,0.659,0.8,1.4,2.2,1.5,0.7,0.3,0.9,2.5,5.2,
387.0,Drew Eubanks,28.0,SAC,C,42.0,11.0,13.1,2.2,3.7,0.596,0.0,0.2,0.143,2.2,3.5,0.617,0.599,0.8,1.4,0.561,0.9,2.1,3.0,0.5,0.4,0.6,0.7,1.4,5.2,
388.0,Andersson Garcia,25.0,UTA,SF,5.0,2.0,33.8,1.8,5.8,0.31,0.2,2.6,0.077,1.6,3.2,0.5,0.328,1.4,1.8,0.778,3.4,5.0,8.4,2.8,1.6,0.8,1.4,3.2,5.2,
389.0,E.J. Liddell,25.0,BRK,PF,25.0,4.0,12.9,2.0,4.0,0.485,0.6,1.9,0.319,1.4,2.2,0.63,0.559,0.7,0.9,0.773,0.5,2.1,2.6,0.9,0.2,0.4,0.6,1.6,5.2,
390.0,Garrison Mathews,29.0,IND,SG,15.0,1.0,13.1,1.4,3.5,0.404,1.1,3.1,0.37,0.3,0.4,0.667,0.567,1.3,1.5,0.826,0.1,1.0,1.1,0.7,0.4,0.2,0.2,1.3,5.2,
391.0,Marcus Sasser,25.0,DET,PG,37.0,5.0,12.1,1.8,4.7,0.393,1.2,2.8,0.417,0.7,1.9,0.357,0.517,0.4,0.5,0.833,0.2,0.9,1.1,2.0,0.5,0.1,0.8,1.1,5.2,
392.0,Baylor Scheierman,25.0,BOS,SG,76.0,19.0,18.3,1.9,4.1,0.457,1.2,3.0,0.397,0.7,1.1,0.619,0.602,0.3,0.3,0.87,0.8,2.7,3.4,1.4,0.5,0.1,0.6,1.4,5.2,
393.0,Ochai Agbaji,25.0,2TM,SG,62.0,13.0,15.7,2.0,4.5,0.436,0.5,2.1,0.266,1.4,2.5,0.579,0.496,0.6,0.7,0.837,0.7,1.5,2.3,0.8,0.4,0.3,0.5,1.5,5.1,
393.0,Ochai Agbaji,25.0,TOR,SG,42.0,13.0,15.5,1.7,4.0,0.424,0.3,1.5,0.185,1.4,2.5,0.571,0.459,0.6,0.7,0.862,0.8,1.5,2.3,0.7,0.4,0.3,0.5,1.8,4.3,
393.0,Ochai Agbaji,25.0,BRK,SG,20.0,0.0,16.2,2.5,5.5,0.455,1.1,3.2,0.349,1.4,2.4,0.596,0.555,0.6,0.7,0.786,0.7,1.7,2.3,0.9,0.4,0.3,0.6,0.9,6.7,
394.0,Johnny Furphy,21.0,IND,SG,35.0,21.0,18.4,2.0,4.3,0.47,0.7,2.0,0.324,1.3,2.2,0.603,0.547,0.5,1.0,0.486,0.9,3.5,4.4,1.2,0.6,0.2,0.8,1.9,5.1,
395.0,Jalen Pickett,26.0,DEN,SG,49.0,18.0,15.9,1.9,4.5,0.429,1.0,2.5,0.393,0.9,2.0,0.474,0.539,0.3,0.3,0.867,0.4,1.9,2.3,2.2,0.3,0.1,0.7,0.9,5.1,
396.0,Tyrese Proctor,21.0,CLE,PG,49.0,1.0,10.4,1.7,4.3,0.402,0.9,2.5,0.341,0.9,1.8,0.488,0.502,0.8,0.9,0.889,0.2,0.9,1.1,1.3,0.5,0.0,0.7,1.2,5.1,
397.0,Terrence Shannon Jr.,25.0,MIN,SG,42.0,1.0,12.0,1.7,3.6,0.464,0.7,1.6,0.449,1.0,2.0,0.476,0.565,1.0,1.2,0.808,0.2,0.9,1.1,0.8,0.3,0.0,0.5,1.1,5.1,
398.0,Charles Bassey,25.0,4TM,C,12.0,0.0,11.3,2.2,3.4,0.634,0.0,0.0,,2.2,3.4,0.634,0.634,0.7,1.0,0.667,1.8,2.8,4.5,0.4,0.3,0.9,0.4,1.3,5.0,
398.0,Charles Bassey,25.0,MEM,C,2.0,0.0,15.5,1.5,4.0,0.375,0.0,0.0,,1.5,4.0,0.375,0.375,0.5,1.5,0.333,3.5,4.0,7.5,1.0,0.5,0.5,0.5,2.5,3.5,
398.0,Charles Bassey,25.0,PHI,C,1.0,0.0,5.0,1.0,1.0,1.0,0.0,0.0,,1.0,1.0,1.0,1.0,0.0,0.0,,0.0,0.0,0.0,0.0,0.0,1.0,0.0,0.0,2.0,
398.0,Charles Bassey,25.0,BOS,C,5.0,0.0,3.4,1.2,1.4,0.857,0.0,0.0,,1.2,1.4,0.857,0.857,0.4,0.8,0.5,0.8,0.4,1.2,0.0,0.2,0.4,0.2,0.6,2.8,
398.0,Charles Bassey,25.0,GSW,C,4.0,0.0,20.5,4.0,6.3,0.64,0.0,0.0,,4.0,6.3,0.64,0.64,1.3,1.3,1.0,2.5,5.8,8.3,0.8,0.5,1.8,0.8,1.8,9.3,
399.0,Mouhamadou Gueye,27.0,CHI,PF,1.0,0.0,17.0,2.0,3.0,0.667,1.0,2.0,0.5,1.0,1.0,1.0,0.833,0.0,0.0,,0.0,3.0,3.0,2.0,0.0,0.0,1.0,2.0,5.0,
400.0,Rayan Rupert,21.0,2TM,SG,63.0,7.0,16.4,1.8,4.7,0.386,0.7,2.1,0.321,1.2,2.7,0.437,0.456,0.6,0.8,0.765,0.7,2.1,2.8,1.0,0.8,0.1,0.8,1.9,4.9,
400.0,Rayan Rupert,21.0,POR,SG,48.0,0.0,12.0,1.1,3.1,0.361,0.5,1.5,0.31,0.6,1.6,0.408,0.435,0.2,0.3,0.643,0.5,1.3,1.8,0.7,0.6,0.0,0.6,1.3,2.9,
400.0,Rayan Rupert,21.0,MEM,SG,15.0,7.0,30.3,4.1,10.1,0.411,1.3,4.0,0.333,2.8,6.1,0.462,0.477,2.0,2.5,0.811,1.5,4.5,6.0,1.9,1.6,0.4,1.4,4.0,11.6,
401.0,Adem Bona,22.0,PHI,C,70.0,17.0,17.4,1.8,3.1,0.594,0.0,0.1,0.333,1.8,3.0,0.602,0.599,1.1,1.6,0.708,1.8,2.5,4.4,0.5,0.4,1.2,0.8,2.2,4.9,
402.0,Jordan Hawkins,23.0,NOP,SG,50.0,0.0,13.2,1.8,4.8,0.377,0.9,2.6,0.351,0.9,2.2,0.407,0.473,0.4,0.5,0.826,0.4,1.3,1.7,0.8,0.2,0.2,0.7,0.5,4.9,
403.0,Asa Newell,20.0,ATL,PF,43.0,1.0,10.7,2.0,3.6,0.538,0.7,1.7,0.389,1.3,2.0,0.667,0.628,0.3,0.6,0.56,0.9,1.0,2.0,0.6,0.4,0.3,0.5,1.5,4.9,
404.0,Blake Wesley,22.0,POR,SG,30.0,0.0,12.0,1.9,4.1,0.452,0.3,1.2,0.278,1.5,2.9,0.523,0.492,0.9,1.6,0.553,0.3,1.0,1.3,2.1,0.5,0.2,1.0,1.1,4.9,
405.0,Jericho Sims,27.0,MIL,C,66.0,18.0,19.5,2.1,2.7,0.784,0.0,0.0,,2.1,2.7,0.784,0.784,0.7,1.1,0.614,2.2,3.3,5.5,1.5,0.3,0.3,1.1,2.2,4.8,
406.0,KJ Simpson,23.0,2TM,PG,20.0,2.0,12.9,1.7,5.0,0.343,0.6,2.0,0.3,1.1,3.0,0.373,0.404,0.6,0.9,0.611,0.5,1.4,1.9,2.2,0.8,0.0,1.3,0.9,4.6,
406.0,KJ Simpson,23.0,CHO,PG,14.0,2.0,15.9,2.2,6.4,0.348,0.9,2.8,0.308,1.4,3.6,0.38,0.416,0.7,1.1,0.625,0.4,1.7,2.1,2.5,1.1,0.0,1.7,1.0,6.0,
406.0,KJ Simpson,23.0,DEN,PG,6.0,0.0,5.7,0.5,1.7,0.3,0.0,0.2,0.0,0.5,1.5,0.333,0.3,0.2,0.3,0.5,0.7,0.7,1.3,1.3,0.2,0.0,0.2,0.7,1.2,
407.0,Lonzo Ball,28.0,CLE,PG,35.0,3.0,20.8,1.5,5.0,0.301,1.1,4.2,0.272,0.4,0.8,0.448,0.415,0.4,0.6,0.667,0.7,3.3,4.0,3.9,1.3,0.3,1.5,1.3,4.6,
408.0,Malaki Branham,22.0,WAS,SG,28.0,0.0,9.8,1.5,3.3,0.473,0.5,1.3,0.378,1.0,1.9,0.537,0.549,1.0,1.2,0.824,0.4,1.1,1.6,0.8,0.4,0.1,0.5,0.8,4.6,
409.0,Jeremiah Robinson-Earl,25.0,2TM,PF,22.0,3.0,16.4,1.7,4.5,0.37,0.5,1.9,0.244,1.2,2.7,0.458,0.42,0.8,0.8,0.944,1.6,3.0,4.7,0.7,0.4,0.0,0.5,1.2,4.6,
409.0,Jeremiah Robinson-Earl,25.0,IND,PF,17.0,3.0,17.6,1.7,4.9,0.349,0.5,1.9,0.242,1.2,2.9,0.42,0.398,0.8,0.8,0.929,1.9,3.3,5.2,0.7,0.4,0.1,0.6,1.4,4.6,
409.0,Jeremiah Robinson-Earl,25.0,DAL,PF,5.0,0.0,12.2,1.6,3.4,0.471,0.4,1.6,0.25,1.2,1.8,0.667,0.529,0.8,0.8,1.0,0.8,2.2,3.0,0.6,0.4,0.0,0.4,0.6,4.4,
410.0,PJ Hall,23.0,2TM,C,19.0,2.0,11.3,1.6,3.1,0.508,0.2,0.3,0.6,1.4,2.8,0.5,0.534,1.2,1.5,0.793,1.7,2.2,3.9,0.5,0.2,0.5,0.8,1.2,4.5,
410.0,PJ Hall,23.0,MEM,C,7.0,0.0,3.9,0.7,1.3,0.556,0.1,0.4,0.333,0.6,0.9,0.667,0.611,0.3,0.4,0.667,0.4,0.9,1.3,0.3,0.0,0.3,0.1,0.4,1.9,
410.0,PJ Hall,23.0,CHO,C,12.0,2.0,15.6,2.1,4.2,0.5,0.2,0.2,1.0,1.9,4.0,0.479,0.52,1.8,2.2,0.808,2.5,3.0,5.5,0.7,0.3,0.7,1.3,1.6,6.1,
411.0,Mike Conley,38.0,MIN,PG,54.0,15.0,18.4,1.3,4.0,0.335,1.0,3.1,0.337,0.3,0.9,0.327,0.465,0.8,0.9,0.9,0.3,1.4,1.7,2.9,0.6,0.3,0.6,1.6,4.5,
412.0,Josh Okogie,27.0,HOU,SG,77.0,31.0,17.3,1.6,3.7,0.431,0.8,2.1,0.386,0.8,1.7,0.485,0.536,0.5,0.9,0.594,1.0,1.5,2.5,0.9,0.8,0.2,0.5,1.4,4.5,
413.0,Taelon Peter,23.0,IND,SG,37.0,0.0,12.9,1.6,4.1,0.388,1.1,3.3,0.331,0.5,0.8,0.613,0.52,0.3,0.4,0.625,0.3,1.3,1.5,1.1,0.7,0.1,0.7,1.0,4.5,
414.0,Craig Porter Jr.,25.0,CLE,PG,63.0,2.0,17.8,1.8,4.0,0.447,0.5,1.5,0.348,1.3,2.6,0.503,0.51,0.4,0.6,0.6,1.3,2.1,3.4,3.2,0.9,0.6,0.9,1.1,4.5,
415.0,John Konchar,29.0,2TM,SG,55.0,8.0,19.8,1.7,3.5,0.477,0.5,1.8,0.289,1.2,1.7,0.667,0.549,0.6,0.8,0.727,1.3,2.9,4.2,2.1,1.5,0.7,0.6,1.4,4.4,
415.0,John Konchar,29.0,MEM,SG,30.0,1.0,14.5,1.2,2.4,0.521,0.4,1.3,0.333,0.8,1.1,0.75,0.613,0.3,0.4,0.615,0.7,2.4,3.1,1.3,1.0,0.4,0.5,1.0,3.2,
415.0,John Konchar,29.0,UTA,SG,25.0,7.0,26.1,2.2,4.9,0.451,0.6,2.3,0.259,1.6,2.6,0.625,0.512,1.0,1.2,0.774,2.1,3.6,5.6,3.0,2.0,0.9,0.8,1.9,6.0,
416.0,Gabe Vincent,29.0,2TM,PG,53.0,7.0,16.6,1.4,4.1,0.352,1.1,3.3,0.341,0.3,0.8,0.395,0.488,0.4,0.4,0.87,0.3,0.7,1.0,1.4,0.5,0.1,0.5,1.5,4.4,
416.0,Gabe Vincent,29.0,LAL,PG,29.0,7.0,19.3,1.6,4.5,0.346,1.3,3.6,0.369,0.2,0.9,0.259,0.492,0.3,0.4,0.909,0.2,0.7,0.9,1.3,0.5,0.0,0.4,1.8,4.8,
416.0,Gabe Vincent,29.0,ATL,PG,24.0,0.0,13.3,1.3,3.6,0.36,0.9,2.9,0.3,0.4,0.7,0.625,0.483,0.4,0.5,0.833,0.4,0.7,1.1,1.6,0.5,0.1,0.6,1.1,3.9,
417.0,Mouhamed Gueye,23.0,ATL,PF,77.0,8.0,15.3,1.7,3.8,0.452,0.5,1.7,0.308,1.2,2.1,0.569,0.521,0.5,0.8,0.645,1.2,2.4,3.6,0.9,0.8,0.5,0.4,1.6,4.4,
418.0,DeAndre Jordan,37.0,NOP,C,12.0,7.0,16.6,1.8,2.7,0.656,0.0,0.0,,1.8,2.7,0.656,0.656,0.9,1.4,0.647,2.2,4.2,6.3,0.9,0.3,0.8,0.8,1.3,4.4,
419.0,Tyler Kolek,24.0,NYK,PG,62.0,1.0,11.7,1.7,4.0,0.435,0.7,1.8,0.386,1.0,2.2,0.478,0.524,0.2,0.3,0.7,0.3,1.3,1.6,2.7,0.4,0.1,0.9,1.0,4.4,
420.0,Liam McNeeley,20.0,CHO,SF,30.0,0.0,12.1,1.3,3.1,0.404,0.8,2.0,0.4,0.5,1.1,0.412,0.532,1.1,1.3,0.821,0.4,2.0,2.4,0.8,0.2,0.1,0.4,1.2,4.4,
421.0,Jase Richardson,20.0,ORL,SG,54.0,0.0,10.9,1.6,3.5,0.473,0.5,1.5,0.354,1.1,2.0,0.56,0.548,0.6,0.9,0.717,0.4,0.8,1.2,1.1,0.4,0.0,0.5,1.0,4.4,
422.0,Jarred Vanderbilt,26.0,LAL,PF,64.0,3.0,17.4,1.7,3.7,0.472,0.5,1.5,0.299,1.3,2.2,0.594,0.534,0.5,0.9,0.589,1.3,3.3,4.5,1.3,0.8,0.3,0.9,1.6,4.4,
423.0,Josh Green,25.0,CHO,SG,57.0,0.0,15.8,1.4,3.1,0.458,1.0,2.4,0.419,0.4,0.8,0.581,0.617,0.4,0.5,0.893,0.8,1.0,1.8,0.8,0.6,0.1,0.6,1.1,4.3,
424.0,Kam Jones,23.0,IND,SG,36.0,7.0,16.6,1.8,4.5,0.401,0.6,2.0,0.282,1.3,2.5,0.495,0.463,0.1,0.2,0.5,0.4,1.3,1.6,3.2,0.5,0.0,1.0,1.1,4.3,
425.0,Yanic Konan Niederhäuser,22.0,LAC,C,41.0,0.0,10.3,1.6,2.4,0.64,0.0,0.1,0.2,1.5,2.3,0.663,0.645,1.1,1.5,0.758,0.9,2.0,2.9,0.3,0.1,0.7,0.6,1.6,4.3,
426.0,Skal Labissière,29.0,WAS,PF,3.0,0.0,12.7,2.0,3.3,0.6,0.3,1.7,0.2,1.7,1.7,1.0,0.65,0.0,0.0,,1.0,2.0,3.0,1.0,0.7,0.3,0.3,1.0,4.3,
427.0,Dereck Lively II,21.0,DAL,C,7.0,4.0,16.4,1.6,2.6,0.611,0.0,0.0,,1.6,2.6,0.611,0.611,1.1,1.4,0.8,2.0,3.3,5.3,1.9,0.6,1.6,1.4,3.0,4.3,
428.0,Grant Nelson,23.0,BRK,PF,4.0,0.0,8.8,1.3,2.3,0.556,0.0,0.0,,1.3,2.3,0.556,0.556,1.8,2.5,0.7,0.3,1.3,1.5,1.3,0.3,1.3,1.0,1.5,4.3,
429.0,Jabari Walker,23.0,PHI,PF,63.0,6.0,12.0,1.5,3.3,0.45,0.5,1.5,0.33,1.0,1.9,0.547,0.524,0.8,1.0,0.75,1.1,1.9,3.0,0.5,0.4,0.2,0.4,1.6,4.3,
430.0,Carter Bryant,20.0,SAS,PF,70.0,0.0,11.3,1.5,3.6,0.405,0.7,2.1,0.345,0.7,1.5,0.49,0.506,0.4,0.6,0.732,0.5,2.0,2.5,0.6,0.2,0.3,0.5,1.3,4.1,
431.0,Moussa Cisse,23.0,DAL,C,37.0,1.0,13.2,1.6,2.7,0.6,0.0,0.0,,1.6,2.7,0.6,0.6,0.9,2.0,0.44,2.1,3.2,5.3,0.2,0.5,1.2,0.7,1.9,4.1,
432.0,Rasheer Fleming,21.0,PHO,PF,54.0,0.0,11.8,1.5,3.7,0.401,0.8,2.3,0.333,0.7,1.5,0.506,0.502,0.4,0.6,0.559,1.1,1.1,2.2,0.3,0.4,0.4,0.5,1.1,4.1,
433.0,RayJ Dennis,24.0,3TM,PG,16.0,0.0,11.3,1.4,4.6,0.301,0.8,2.4,0.308,0.6,2.1,0.294,0.384,0.5,0.6,0.889,0.5,0.9,1.4,1.9,0.3,0.3,0.9,1.1,4.0,
433.0,RayJ Dennis,24.0,IND,PG,13.0,0.0,12.9,1.7,5.5,0.306,0.9,2.9,0.316,0.8,2.6,0.294,0.389,0.6,0.7,0.889,0.6,1.0,1.6,2.0,0.2,0.3,1.1,1.2,4.9,
433.0,RayJ Dennis,24.0,LAC,PG,1.0,0.0,4.0,0.0,0.0,,0.0,0.0,,0.0,0.0,,,0.0,0.0,,0.0,2.0,2.0,0.0,0.0,0.0,1.0,0.0,0.0,
433.0,RayJ Dennis,24.0,ATL,PG,2.0,0.0,4.0,0.0,0.5,0.0,0.0,0.5,0.0,0.0,0.0,,0.0,0.0,0.0,,0.0,0.0,0.0,2.0,0.5,0.0,0.0,0.5,0.0,
434.0,Tony Bradley,28.0,2TM,C,40.0,3.0,10.7,1.6,2.8,0.559,0.1,0.1,0.667,1.5,2.7,0.556,0.568,0.8,1.1,0.744,1.4,1.4,2.8,0.5,0.2,0.2,0.5,1.6,4.0,
434.0,Tony Bradley,28.0,IND,C,38.0,3.0,10.9,1.6,2.8,0.557,0.0,0.1,0.5,1.5,2.7,0.558,0.561,0.8,1.1,0.744,1.5,1.3,2.8,0.5,0.2,0.2,0.4,1.6,4.0,
434.0,Tony Bradley,28.0,ATL,C,2.0,0.0,6.5,1.5,2.5,0.6,0.5,0.5,1.0,1.0,2.0,0.5,0.7,0.0,0.0,,0.5,1.5,2.0,0.0,0.0,0.0,0.5,1.0,3.5,
435.0,Jaylen Clark,24.0,MIN,SG,67.0,0.0,12.8,1.4,3.3,0.438,0.5,1.4,0.33,1.0,1.9,0.52,0.509,0.7,1.0,0.657,0.8,1.0,1.7,0.6,0.7,0.1,0.3,1.3,4.0,
436.0,Brandon Clarke,29.0,MEM,PF,2.0,2.0,10.0,1.5,4.5,0.333,0.0,0.0,,1.5,4.5,0.333,0.333,1.0,2.0,0.5,2.0,1.0,3.0,0.5,1.0,0.0,0.0,2.5,4.0,
437.0,Keshad Johnson,24.0,MIA,SF,31.0,0.0,8.2,1.5,3.1,0.469,0.4,1.4,0.31,1.0,1.7,0.593,0.536,0.7,0.9,0.724,0.7,1.2,1.9,0.2,0.4,0.3,0.4,0.8,4.0,
438.0,Dalton Knecht,24.0,LAL,SF,53.0,1.0,10.2,1.5,3.4,0.445,0.6,2.0,0.314,0.9,1.5,0.623,0.536,0.3,0.4,0.727,0.3,1.1,1.4,0.3,0.2,0.2,0.4,0.8,4.0,
439.0,A.J. Lawson,25.0,TOR,SG,23.0,0.0,9.3,1.3,3.1,0.417,0.7,1.8,0.415,0.6,1.3,0.419,0.535,0.6,0.8,0.778,0.4,1.5,1.9,0.3,0.5,0.2,0.3,1.1,4.0,
440.0,Micah Peavy,24.0,NOP,SG,60.0,3.0,14.5,1.7,4.4,0.38,0.4,1.7,0.25,1.2,2.7,0.465,0.43,0.3,0.4,0.714,0.7,1.2,1.9,1.0,0.7,0.1,0.3,1.5,4.0,
441.0,Payton Sandfort,23.0,OKC,SF,3.0,0.0,11.7,1.3,4.3,0.308,0.7,2.7,0.25,0.7,1.7,0.4,0.385,0.7,1.3,0.5,0.0,2.0,2.0,0.0,0.0,0.0,0.3,2.3,4.0,
442.0,Trey Alexander,22.0,NOP,SG,8.0,0.0,9.9,1.5,3.3,0.462,0.6,1.0,0.625,0.9,2.3,0.389,0.558,0.3,0.3,1.0,0.0,1.3,1.3,1.0,0.4,0.1,0.3,1.3,3.9,
443.0,Nicolas Batum,37.0,LAC,PF,73.0,6.0,17.4,1.3,3.2,0.399,1.2,3.1,0.399,0.1,0.1,0.4,0.59,0.1,0.2,0.818,0.3,2.2,2.5,0.8,0.6,0.3,0.5,1.3,3.9,
444.0,Hugo González,19.0,BOS,SF,74.0,3.0,14.6,1.6,3.3,0.476,0.6,1.6,0.362,1.0,1.8,0.577,0.561,0.2,0.4,0.5,0.8,2.5,3.3,0.5,0.6,0.3,0.5,1.7,3.9,
445.0,DaRon Holmes,23.0,DEN,PF,24.0,6.0,8.5,1.3,2.5,0.517,0.8,1.8,0.455,0.5,0.7,0.688,0.683,0.5,0.5,0.846,0.3,1.1,1.4,0.7,0.0,0.2,0.5,0.8,3.9,
446.0,Caleb Martin,30.0,DAL,SF,58.0,12.0,14.8,1.5,3.3,0.45,0.3,1.0,0.351,1.1,2.3,0.492,0.503,0.6,1.1,0.607,0.5,2.0,2.5,1.4,0.7,0.3,0.7,1.5,3.9,
447.0,Noah Penda,21.0,ORL,SF,59.0,2.0,12.8,1.4,3.4,0.404,0.5,1.6,0.323,0.9,1.9,0.473,0.478,0.6,0.8,0.688,1.1,2.0,3.2,1.2,0.5,0.3,0.7,1.2,3.8,
448.0,Nikola Topić,20.0,OKC,PG,9.0,1.0,13.4,1.6,3.9,0.4,0.4,1.1,0.4,1.1,2.8,0.4,0.457,0.2,0.2,1.0,0.7,1.0,1.7,3.3,0.6,0.0,2.2,1.1,3.8,
449.0,Omer Yurtseven,27.0,GSW,C,9.0,0.0,11.6,1.2,2.9,0.423,0.0,0.4,0.0,1.2,2.4,0.5,0.423,1.3,2.0,0.667,1.4,1.9,3.3,0.9,0.2,0.1,1.0,1.7,3.8,
450.0,Patrick Baldwin Jr.,23.0,3TM,SF,9.0,1.0,11.3,1.2,3.0,0.407,0.7,1.6,0.429,0.6,1.4,0.385,0.519,0.6,0.8,0.714,1.3,1.2,2.6,0.6,0.3,0.6,0.6,1.7,3.7,
450.0,Patrick Baldwin Jr.,23.0,LAC,SF,2.0,0.0,6.0,1.5,2.0,0.75,1.0,1.5,0.667,0.5,0.5,1.0,1.0,1.0,1.0,1.0,0.0,0.5,0.5,0.0,0.0,0.0,0.5,1.0,5.0,
450.0,Patrick Baldwin Jr.,23.0,PHI,SF,1.0,0.0,2.0,0.0,0.0,,0.0,0.0,,0.0,0.0,,,0.0,0.0,,0.0,1.0,1.0,0.0,0.0,0.0,0.0,0.0,0.0,
450.0,Patrick Baldwin Jr.,23.0,SAC,SF,6.0,1.0,14.7,1.3,3.8,0.348,0.7,1.8,0.364,0.7,2.0,0.333,0.435,0.5,0.8,0.6,2.0,1.5,3.5,0.8,0.5,0.8,0.7,2.2,3.8,
451.0,Dalen Terry,23.0,2TM,SG,47.0,0.0,11.6,1.4,3.3,0.435,0.5,1.4,0.364,0.9,1.9,0.489,0.513,0.3,0.6,0.552,0.5,1.3,1.8,1.4,0.6,0.3,0.6,1.0,3.7,
451.0,Dalen Terry,23.0,CHI,SG,34.0,0.0,11.1,1.3,3.0,0.441,0.6,1.4,0.413,0.8,1.6,0.464,0.534,0.3,0.5,0.529,0.6,1.3,1.9,1.3,0.6,0.3,0.6,1.0,3.5,
451.0,Dalen Terry,23.0,PHI,SG,13.0,0.0,13.0,1.7,4.0,0.423,0.4,1.5,0.25,1.3,2.5,0.531,0.471,0.5,0.9,0.583,0.5,1.1,1.5,1.8,0.5,0.3,0.4,1.2,4.3,
452.0,Myron Gardner,24.0,MIA,SF,44.0,7.0,9.2,1.3,2.8,0.479,0.6,1.5,0.406,0.7,1.3,0.561,0.587,0.4,0.6,0.731,0.9,1.9,2.7,0.9,0.5,0.2,0.4,1.8,3.7,
453.0,Larry Nance Jr.,33.0,CLE,PF,34.0,2.0,12.6,1.4,3.5,0.407,0.6,1.8,0.333,0.8,1.7,0.483,0.492,0.1,0.3,0.455,0.8,1.7,2.6,0.9,0.6,0.1,0.6,1.6,3.6,
454.0,Zeke Nnaji,25.0,DEN,PF,51.0,3.0,11.9,1.3,2.8,0.469,0.3,1.0,0.269,1.1,1.8,0.581,0.517,0.7,0.9,0.773,0.6,2.0,2.6,0.5,0.3,0.5,0.5,1.3,3.6,
455.0,Tolu Smith,25.0,DET,PF,14.0,0.0,9.4,1.2,2.4,0.5,0.0,0.0,,1.2,2.4,0.5,0.5,1.2,1.9,0.654,1.4,1.9,3.3,0.9,0.1,0.4,0.5,1.6,3.6,
456.0,Clint Capela,31.0,HOU,C,74.0,2.0,12.2,1.5,2.9,0.505,0.0,0.0,,1.5,2.9,0.505,0.505,0.6,1.0,0.577,2.1,2.4,4.5,0.7,0.5,0.8,0.6,1.0,3.5,
457.0,Mohamed Diawara,20.0,NYK,SF,68.0,6.0,8.8,1.3,3.0,0.431,0.7,1.8,0.384,0.6,1.2,0.506,0.549,0.3,0.3,0.739,0.2,1.1,1.3,0.7,0.2,0.1,0.4,0.7,3.5,
458.0,Trayce Jackson-Davis,25.0,2TM,C,52.0,1.0,9.4,1.3,2.3,0.57,0.0,0.0,1.0,1.3,2.3,0.567,0.574,0.7,1.4,0.514,1.3,1.5,2.7,0.8,0.3,0.4,0.4,0.8,3.4,
458.0,Trayce Jackson-Davis,25.0,GSW,C,36.0,1.0,11.4,1.7,2.8,0.588,0.0,0.0,1.0,1.6,2.8,0.584,0.593,0.8,1.4,0.558,1.3,1.8,3.1,0.9,0.4,0.5,0.5,1.1,4.2,
458.0,Trayce Jackson-Davis,25.0,TOR,C,16.0,0.0,5.0,0.6,1.2,0.474,0.0,0.0,,0.6,1.2,0.474,0.474,0.6,1.4,0.409,1.1,0.7,1.8,0.4,0.3,0.3,0.3,0.3,1.7,
459.0,Jeremy Sochan,22.0,2TM,PF,43.0,0.0,10.4,1.4,2.8,0.5,0.2,0.9,0.231,1.2,1.9,0.63,0.538,0.4,0.6,0.708,0.8,1.6,2.3,0.8,0.4,0.2,0.5,1.3,3.4,
459.0,Jeremy Sochan,22.0,SAS,PF,28.0,0.0,12.8,1.7,3.5,0.475,0.3,1.3,0.257,1.4,2.3,0.594,0.52,0.4,0.6,0.688,0.9,1.7,2.6,1.0,0.4,0.2,0.6,1.8,4.1,
459.0,Jeremy Sochan,22.0,NYK,PF,15.0,0.0,6.1,0.9,1.4,0.619,0.0,0.3,0.0,0.9,1.1,0.765,0.619,0.4,0.5,0.75,0.5,1.3,1.9,0.5,0.5,0.1,0.2,0.5,2.1,
460.0,Joan Beringer,19.0,MIN,PF,39.0,2.0,7.3,1.4,2.2,0.651,0.0,0.0,,1.4,2.2,0.651,0.651,0.5,0.7,0.714,1.0,1.0,2.0,0.3,0.2,0.5,0.3,1.1,3.4,
461.0,Ron Harper Jr.,25.0,BOS,SF,28.0,2.0,10.0,1.3,3.2,0.4,0.8,2.4,0.338,0.5,0.8,0.591,0.528,0.0,0.1,0.5,0.5,1.0,1.5,0.6,0.3,0.3,0.2,0.7,3.4,
462.0,Drew Timme,25.0,LAL,PF,26.0,1.0,8.8,1.4,2.5,0.569,0.4,0.9,0.417,1.0,1.6,0.659,0.646,0.2,0.3,0.556,0.4,0.9,1.3,0.8,0.2,0.0,0.5,0.7,3.4,
463.0,Keaton Wallace,26.0,ATL,PG,52.0,2.0,9.7,1.3,3.0,0.418,0.7,1.8,0.394,0.6,1.2,0.453,0.535,0.2,0.3,0.643,0.1,0.9,1.0,1.7,0.5,0.1,0.5,0.9,3.4,
464.0,Taj Gibson,40.0,MEM,C,9.0,0.0,8.7,1.2,2.4,0.5,0.3,0.7,0.5,0.9,1.8,0.5,0.568,0.6,0.7,0.833,1.0,1.6,2.6,0.6,0.2,0.1,0.1,1.2,3.3,
465.0,Dwight Powell,34.0,DAL,C,62.0,11.0,14.2,1.0,1.6,0.639,0.0,0.1,0.2,1.0,1.5,0.663,0.644,1.3,1.8,0.696,1.5,2.4,4.0,1.1,0.5,0.3,0.7,2.1,3.3,
466.0,Tyler Smith,21.0,DAL,PF,11.0,0.0,11.7,1.3,3.5,0.368,0.5,2.4,0.231,0.7,1.1,0.667,0.447,0.2,0.4,0.5,1.0,1.4,2.4,0.5,0.4,0.0,0.3,0.7,3.3,
467.0,Isaiah Stevens,25.0,SAC,PG,3.0,0.0,14.3,1.0,2.3,0.429,0.0,0.3,0.0,1.0,2.0,0.5,0.429,1.3,1.3,1.0,0.7,0.3,1.0,3.3,1.7,0.0,0.7,0.7,3.3,
468.0,James Wiseman,24.0,IND,C,4.0,1.0,14.5,1.5,2.5,0.6,0.0,0.0,,1.5,2.5,0.6,0.6,0.3,0.5,0.5,1.3,0.8,2.0,0.8,0.0,0.3,1.3,2.5,3.3,
469.0,Jamison Battle,24.0,TOR,SF,60.0,2.0,8.5,1.2,2.4,0.51,0.6,1.4,0.417,0.6,1.0,0.644,0.633,0.2,0.2,0.643,0.3,1.2,1.5,0.4,0.1,0.1,0.3,0.7,3.2,
470.0,Dorian Finney-Smith,32.0,HOU,PF,36.0,1.0,16.6,1.1,3.4,0.331,0.7,2.6,0.274,0.4,0.8,0.517,0.435,0.2,0.2,0.857,0.9,1.6,2.5,1.0,0.4,0.2,0.6,1.7,3.2,
471.0,Kelly Olynyk,34.0,SAS,C,42.0,0.0,8.6,1.1,2.3,0.49,0.3,1.1,0.255,0.8,1.2,0.714,0.552,0.6,0.9,0.711,0.6,1.2,1.8,1.2,0.4,0.1,0.6,0.9,3.2,
472.0,Miles Kelly,23.0,DAL,PG,14.0,0.0,9.6,1.1,3.1,0.364,0.7,2.4,0.303,0.4,0.8,0.545,0.477,0.1,0.1,1.0,0.4,1.4,1.7,0.9,0.3,0.1,0.4,0.9,3.1,
473.0,Malevy Leons,26.0,GSW,SF,24.0,2.0,10.8,1.2,2.8,0.426,0.2,0.7,0.25,1.0,2.2,0.481,0.456,0.5,0.7,0.765,1.2,0.9,2.1,0.9,0.6,0.4,0.5,1.2,3.1,
474.0,Mark Sears,23.0,MIL,PG,7.0,0.0,3.7,0.9,1.9,0.462,0.6,1.1,0.5,0.3,0.7,0.4,0.615,0.9,1.1,0.75,0.1,0.1,0.3,0.3,0.0,0.0,0.6,0.6,3.1,
475.0,AJ Johnson,21.0,2TM,SG,47.0,0.0,9.1,1.1,3.5,0.311,0.3,1.1,0.222,0.8,2.3,0.355,0.348,0.6,0.7,0.839,0.3,0.9,1.1,1.0,0.2,0.1,0.5,0.5,3.0,
475.0,AJ Johnson,21.0,WAS,SG,25.0,0.0,8.6,1.1,3.3,0.325,0.3,1.0,0.28,0.8,2.3,0.345,0.367,0.4,0.5,0.75,0.3,0.9,1.2,0.9,0.3,0.0,0.7,0.6,2.8,
475.0,AJ Johnson,21.0,DAL,SG,22.0,0.0,9.7,1.1,3.7,0.296,0.2,1.3,0.172,0.9,2.4,0.365,0.327,0.8,0.9,0.895,0.3,0.8,1.0,1.1,0.2,0.1,0.3,0.5,3.2,
476.0,Chris Livingston,22.0,CLE,SF,3.0,0.0,5.7,1.3,2.3,0.571,0.0,1.0,0.0,1.3,1.3,1.0,0.571,0.3,0.3,1.0,0.0,1.0,1.0,0.3,0.3,0.0,0.0,1.3,3.0,
477.0,Emanuel Miller,25.0,CHI,PF,5.0,0.0,6.6,1.2,2.6,0.462,0.4,1.2,0.333,0.8,1.4,0.571,0.538,0.2,0.4,0.5,0.2,0.4,0.6,0.8,0.4,0.0,0.0,0.4,3.0,
478.0,Monte Morris,30.0,IND,PG,6.0,0.0,10.8,1.2,3.3,0.35,0.3,1.3,0.25,0.8,2.0,0.417,0.4,0.3,0.7,0.5,0.2,1.0,1.2,1.5,0.2,0.2,0.3,0.5,3.0,
479.0,Amir Coffey,28.0,2TM,SG,45.0,2.0,10.3,1.1,2.2,0.485,0.3,1.0,0.326,0.8,1.2,0.607,0.556,0.5,0.6,0.786,0.4,0.8,1.2,0.5,0.2,0.1,0.2,0.7,2.9,
479.0,Amir Coffey,28.0,MIL,SG,30.0,2.0,8.8,0.9,1.8,0.473,0.2,0.8,0.28,0.6,1.0,0.633,0.536,0.4,0.5,0.867,0.2,0.7,0.9,0.4,0.1,0.1,0.1,0.5,2.4,
479.0,Amir Coffey,28.0,PHO,SG,15.0,0.0,13.3,1.5,2.9,0.5,0.5,1.2,0.389,1.0,1.7,0.577,0.58,0.6,0.9,0.692,0.8,1.1,1.9,0.9,0.4,0.1,0.3,1.1,4.0,
480.0,Tyus Jones,29.0,3TM,PG,66.0,11.0,14.5,1.1,3.2,0.351,0.6,2.0,0.293,0.5,1.2,0.449,0.443,0.1,0.1,0.778,0.2,0.9,1.1,2.3,0.6,0.0,0.4,0.5,2.9,
480.0,Tyus Jones,29.0,ORL,PG,48.0,8.0,15.7,1.1,3.3,0.342,0.6,2.1,0.294,0.5,1.2,0.429,0.437,0.1,0.1,1.0,0.2,0.9,1.1,2.4,0.7,0.1,0.3,0.5,3.0,
480.0,Tyus Jones,29.0,DAL,PG,8.0,2.0,16.6,1.6,4.3,0.382,0.5,2.4,0.211,1.1,1.9,0.6,0.441,0.1,0.3,0.5,0.1,1.0,1.1,3.8,0.4,0.0,0.6,0.6,3.9,
480.0,Tyus Jones,29.0,DEN,PG,10.0,1.0,7.1,0.7,1.9,0.368,0.5,1.2,0.417,0.2,0.7,0.286,0.5,0.0,0.1,0.0,0.0,0.9,0.9,0.9,0.1,0.0,0.5,0.1,1.9,
481.0,Riley Minix,25.0,2TM,SF,8.0,0.0,4.1,1.1,1.8,0.643,0.4,0.9,0.429,0.8,0.9,0.857,0.75,0.3,0.3,1.0,0.3,0.4,0.6,0.5,0.1,0.0,0.3,0.4,2.9,
481.0,Riley Minix,25.0,SAS,SF,3.0,0.0,2.7,1.3,2.0,0.667,0.3,1.0,0.333,1.0,1.0,1.0,0.75,0.0,0.0,,0.3,0.3,0.7,0.3,0.3,0.0,0.0,0.3,3.0,
481.0,Riley Minix,25.0,CLE,SF,5.0,0.0,5.0,1.0,1.6,0.625,0.4,0.8,0.5,0.6,0.8,0.75,0.75,0.4,0.4,1.0,0.2,0.4,0.6,0.6,0.0,0.0,0.4,0.4,2.8,
482.0,Kobe Bufkin,22.0,LAL,SG,16.0,1.0,7.4,0.9,3.1,0.3,0.3,1.6,0.192,0.6,1.5,0.417,0.35,0.7,0.8,0.917,0.1,0.8,0.8,0.6,0.1,0.2,0.3,0.6,2.9,
483.0,David Jones García,24.0,SAS,SF,11.0,0.0,6.2,1.2,2.3,0.52,0.3,0.5,0.6,0.9,1.8,0.5,0.58,0.3,0.5,0.5,0.4,0.8,1.2,1.6,0.5,0.1,0.5,0.5,2.9,
484.0,Chris Paul,40.0,LAC,PG,16.0,0.0,14.3,1.1,3.5,0.321,0.6,1.9,0.333,0.5,1.6,0.308,0.411,0.1,0.1,0.5,0.4,1.4,1.8,3.3,0.7,0.0,1.0,1.4,2.9,
485.0,Duop Reath,29.0,POR,C,32.0,0.0,8.1,1.0,2.3,0.446,0.7,1.7,0.418,0.3,0.6,0.526,0.601,0.2,0.2,0.833,0.3,0.9,1.2,0.3,0.2,0.3,0.2,0.9,2.9,
486.0,Cam Christie,20.0,LAC,SG,55.0,0.0,8.7,1.0,2.5,0.381,0.2,0.9,0.245,0.7,1.6,0.456,0.424,0.7,0.9,0.76,0.3,1.1,1.4,0.6,0.3,0.1,0.4,0.3,2.8,
487.0,Tristan Enaruna,24.0,CLE,SF,8.0,0.0,7.3,1.3,2.8,0.455,0.1,0.9,0.143,1.1,1.9,0.6,0.477,0.1,0.3,0.5,0.6,0.8,1.4,0.5,0.3,0.0,0.3,0.1,2.8,
488.0,Yuki Kawamura,24.0,CHI,PG,17.0,0.0,11.4,0.7,2.4,0.3,0.5,1.6,0.286,0.2,0.7,0.333,0.4,0.9,1.1,0.889,0.4,1.4,1.8,2.7,0.5,0.0,0.8,0.8,2.8,
489.0,Kevon Looney,29.0,NOP,C,21.0,8.0,14.7,1.2,2.9,0.417,0.1,0.6,0.154,1.1,2.2,0.489,0.433,0.3,0.5,0.7,2.3,3.3,5.6,1.6,0.4,0.5,0.4,1.6,2.8,
490.0,Norchad Omier,24.0,LAC,PF,6.0,0.0,4.0,1.2,1.7,0.7,0.0,0.2,0.0,1.2,1.5,0.778,0.7,0.5,0.5,1.0,0.7,0.5,1.2,0.3,0.2,0.0,0.0,0.7,2.8,
491.0,Christian Koloko,25.0,3TM,C,26.0,4.0,12.9,1.2,2.7,0.435,0.0,0.3,0.143,1.1,2.4,0.468,0.442,0.3,0.4,0.727,1.1,1.7,2.8,0.7,0.5,0.8,0.5,1.7,2.7,
491.0,Christian Koloko,25.0,LAL,C,2.0,0.0,3.0,0.0,0.0,,0.0,0.0,,0.0,0.0,,,0.0,0.0,,0.0,0.5,0.5,0.0,0.0,0.0,0.0,0.5,0.0,
491.0,Christian Koloko,25.0,MEM,C,11.0,2.0,17.7,1.3,3.2,0.4,0.0,0.1,0.0,1.3,3.1,0.412,0.4,0.1,0.4,0.25,1.7,2.3,4.0,0.9,0.9,1.2,0.6,1.8,2.6,
491.0,Christian Koloko,25.0,ATL,C,13.0,2.0,10.4,1.2,2.6,0.471,0.1,0.5,0.167,1.2,2.2,0.536,0.485,0.5,0.5,1.0,0.7,1.5,2.2,0.5,0.3,0.7,0.5,1.8,3.1,
492.0,Gary Harris,31.0,MIL,SG,48.0,2.0,13.8,1.0,2.2,0.442,0.6,1.4,0.412,0.4,0.8,0.5,0.577,0.2,0.2,0.889,0.3,0.9,1.3,1.1,0.6,0.2,0.4,1.1,2.7,
493.0,Bronny James,21.0,LAL,SG,41.0,1.0,8.7,1.0,2.6,0.398,0.5,1.3,0.358,0.6,1.3,0.436,0.486,0.1,0.2,0.857,0.1,0.4,0.5,1.1,0.4,0.1,0.6,0.7,2.7,
494.0,Khaman Maluach,19.0,PHO,C,45.0,1.0,8.5,1.1,2.0,0.533,0.1,0.4,0.188,1.0,1.6,0.608,0.55,0.5,0.7,0.71,0.9,1.7,2.6,0.1,0.1,0.7,0.5,0.9,2.7,
495.0,Antonio Reeves,25.0,CHO,SG,10.0,0.0,6.8,1.0,2.0,0.5,0.7,1.3,0.538,0.3,0.7,0.429,0.675,0.0,0.0,,0.2,0.6,0.8,0.3,0.1,0.0,0.1,0.3,2.7,
496.0,Julian Phillips,22.0,2TM,SF,47.0,2.0,8.5,1.0,2.3,0.413,0.4,1.3,0.317,0.6,1.0,0.531,0.5,0.3,0.4,0.882,0.5,0.6,1.0,0.2,0.4,0.1,0.2,0.8,2.6,
496.0,Julian Phillips,22.0,CHI,SF,35.0,2.0,9.5,1.1,2.5,0.42,0.5,1.4,0.327,0.6,1.1,0.538,0.511,0.3,0.3,0.818,0.6,0.6,1.3,0.2,0.5,0.2,0.2,0.9,2.8,
496.0,Julian Phillips,22.0,MIN,SF,12.0,0.0,5.6,0.7,1.8,0.381,0.3,0.9,0.273,0.4,0.8,0.5,0.452,0.5,0.5,1.0,0.0,0.3,0.3,0.2,0.3,0.1,0.3,0.4,2.1,
497.0,Pat Connaughton,33.0,CHO,SG,42.0,0.0,7.1,0.9,2.0,0.447,0.5,1.2,0.404,0.4,0.8,0.515,0.571,0.3,0.5,0.65,0.4,1.1,1.5,0.4,0.3,0.0,0.3,0.2,2.6,
498.0,Jonathan Isaac,28.0,ORL,PF,52.0,0.0,10.0,0.9,2.1,0.422,0.1,0.7,0.184,0.8,1.4,0.549,0.454,0.7,1.1,0.603,0.8,1.7,2.5,0.4,0.4,0.6,0.3,0.8,2.6,
499.0,Jae'Sean Tate,30.0,HOU,SF,45.0,0.0,8.4,1.1,2.2,0.5,0.2,0.7,0.3,0.9,1.6,0.586,0.545,0.2,0.2,0.7,0.7,0.8,1.5,0.5,0.2,0.1,0.3,1.0,2.6,
500.0,Mo Bamba,27.0,2TM,C,4.0,0.0,11.0,1.3,2.8,0.455,0.0,0.0,,1.3,2.8,0.455,0.455,0.0,0.0,,2.5,3.0,5.5,0.3,0.0,0.8,0.5,1.5,2.5,
500.0,Mo Bamba,27.0,TOR,C,2.0,0.0,3.0,0.0,1.0,0.0,0.0,0.0,,0.0,1.0,0.0,0.0,0.0,0.0,,0.5,0.5,1.0,0.0,0.0,0.5,0.0,1.0,0.0,
500.0,Mo Bamba,27.0,UTA,C,2.0,0.0,19.0,2.5,4.5,0.556,0.0,0.0,,2.5,4.5,0.556,0.556,0.0,0.0,,4.5,5.5,10.0,0.5,0.0,1.0,1.0,2.0,5.0,
501.0,Jayson Kent,23.0,POR,SF,4.0,0.0,5.3,1.0,1.5,0.667,0.3,0.8,0.333,0.8,0.8,1.0,0.75,0.3,0.3,1.0,0.0,1.3,1.3,0.0,0.3,0.3,0.0,0.3,2.5,
502.0,Chaz Lanier,24.0,DET,SG,33.0,0.0,7.8,0.8,2.7,0.307,0.6,2.0,0.284,0.2,0.6,0.381,0.415,0.2,0.2,0.833,0.2,0.5,0.7,0.5,0.2,0.0,0.1,0.4,2.4,
503.0,Lindy Waters III,28.0,SAS,SG,40.0,0.0,7.1,0.8,2.2,0.375,0.7,2.0,0.342,0.2,0.2,0.667,0.528,0.1,0.1,0.667,0.1,0.7,0.7,0.5,0.2,0.0,0.2,0.6,2.4,
504.0,Chris Boucher,33.0,BOS,PF,9.0,0.0,10.4,0.9,2.8,0.32,0.2,1.7,0.133,0.7,1.1,0.6,0.36,0.3,0.4,0.75,0.2,1.8,2.0,0.3,0.6,0.8,0.1,1.9,2.3,
505.0,Koby Brea,23.0,PHO,SG,11.0,0.0,5.0,0.7,2.3,0.32,0.6,1.9,0.333,0.1,0.4,0.25,0.46,0.2,0.2,1.0,0.0,0.3,0.3,0.6,0.1,0.0,0.3,0.5,2.3,
506.0,Yang Hansen,20.0,POR,C,42.0,1.0,7.1,0.7,2.4,0.31,0.1,1.0,0.119,0.6,1.4,0.448,0.335,0.7,0.8,0.824,0.5,1.1,1.5,0.5,0.1,0.2,0.8,1.0,2.3,
507.0,Caleb Houstan,23.0,ATL,SF,18.0,0.0,4.2,0.8,1.4,0.538,0.6,1.2,0.524,0.2,0.3,0.6,0.75,0.2,0.2,1.0,0.3,0.3,0.6,0.2,0.1,0.1,0.2,0.6,2.3,
508.0,Luke Travers,24.0,CLE,SG,12.0,0.0,8.6,0.8,3.0,0.25,0.1,1.3,0.063,0.7,1.7,0.4,0.264,0.8,0.8,1.0,0.8,1.3,2.0,0.8,0.6,0.3,0.3,0.5,2.3,
509.0,Alex Antetokounmpo,24.0,MIL,SF,5.0,0.0,3.2,0.2,1.0,0.2,0.0,0.8,0.0,0.2,0.2,1.0,0.2,1.8,2.6,0.692,0.4,0.4,0.8,0.2,0.0,0.2,0.0,0.0,2.2,
510.0,JD Davison,23.0,HOU,PG,27.0,0.0,7.1,0.8,2.0,0.4,0.3,1.0,0.286,0.5,1.0,0.519,0.473,0.3,0.5,0.615,0.1,0.8,0.9,1.0,0.2,0.1,0.3,0.6,2.2,
511.0,Andre Jackson Jr.,24.0,MIL,SG,47.0,1.0,8.0,0.8,2.3,0.33,0.3,1.2,0.259,0.4,1.1,0.412,0.399,0.4,0.5,0.708,0.5,0.9,1.4,0.9,0.4,0.1,0.7,0.9,2.2,
512.0,Alijah Martin,24.0,TOR,SG,23.0,0.0,6.3,0.7,2.2,0.32,0.2,0.9,0.19,0.5,1.3,0.414,0.36,0.7,0.8,0.789,0.4,0.5,0.9,0.5,0.3,0.2,0.3,0.5,2.2,
513.0,Lachlan Olbrich,22.0,CHI,C,36.0,1.0,8.7,0.9,1.9,0.457,0.1,0.5,0.105,0.8,1.4,0.588,0.471,0.4,1.1,0.342,1.1,1.6,2.7,0.9,0.3,0.2,0.4,1.3,2.2,
514.0,Hunter Tyson,25.0,DEN,PF,21.0,2.0,7.7,0.7,2.5,0.269,0.3,1.6,0.212,0.3,0.9,0.368,0.337,0.5,0.6,0.846,0.2,1.5,1.7,0.8,0.1,0.0,0.2,0.6,2.2,
515.0,Chris Youngblood,23.0,2TM,SG,34.0,0.0,5.4,0.6,1.9,0.349,0.5,1.6,0.333,0.1,0.3,0.444,0.492,0.3,0.3,0.9,0.2,0.6,0.8,0.4,0.1,0.1,0.1,0.6,2.1,
515.0,Chris Youngblood,23.0,OKC,SG,32.0,0.0,5.4,0.6,1.9,0.333,0.5,1.6,0.314,0.1,0.3,0.444,0.467,0.3,0.3,0.9,0.2,0.7,0.9,0.3,0.1,0.1,0.1,0.6,2.0,
515.0,Chris Youngblood,23.0,POR,SG,2.0,0.0,5.5,1.0,1.5,0.667,1.0,1.5,0.667,0.0,0.0,,1.0,0.0,0.0,,0.0,0.0,0.0,0.5,0.0,0.0,0.0,1.0,3.0,
516.0,Jeff Green,39.0,HOU,PF,29.0,0.0,5.2,0.8,2.1,0.383,0.4,1.4,0.3,0.4,0.7,0.55,0.483,0.1,0.1,1.0,0.2,0.5,0.7,0.2,0.0,0.0,0.0,0.3,2.1,
517.0,Ariel Hukporti,23.0,NYK,C,53.0,4.0,8.8,0.8,1.4,0.569,0.0,0.1,0.25,0.8,1.3,0.588,0.576,0.5,0.6,0.788,1.0,1.8,2.8,0.5,0.2,0.5,0.5,1.2,2.1,
518.0,Dalano Banton,26.0,2TM,PG,5.0,0.0,5.0,0.8,1.8,0.444,0.0,0.0,,0.8,1.8,0.444,0.444,0.4,0.4,1.0,0.2,0.0,0.2,0.8,0.2,0.2,0.4,0.2,2.0,
518.0,Dalano Banton,26.0,LAC,PG,2.0,0.0,5.0,1.5,2.0,0.75,0.0,0.0,,1.5,2.0,0.75,0.75,0.0,0.0,,0.5,0.0,0.5,1.0,0.5,0.0,0.5,0.0,3.0,
518.0,Dalano Banton,26.0,BOS,PG,3.0,0.0,5.0,0.3,1.7,0.2,0.0,0.0,,0.3,1.7,0.2,0.2,0.7,0.7,1.0,0.0,0.0,0.0,0.7,0.0,0.3,0.3,0.3,1.3,
519.0,Trentyn Flowers,20.0,CHI,SF,2.0,0.0,3.0,1.0,1.5,0.667,0.0,0.5,0.0,1.0,1.0,1.0,0.667,0.0,0.0,,0.5,0.0,0.5,0.5,0.0,0.0,0.5,0.5,2.0,
520.0,Keshon Gilbert,22.0,WAS,PG,3.0,0.0,16.0,0.3,1.3,0.25,0.0,0.7,0.0,0.3,0.7,0.5,0.25,1.3,1.3,1.0,0.7,1.0,1.7,1.0,0.7,1.3,2.0,1.0,2.0,
521.0,Colby Jones,23.0,DET,SG,1.0,0.0,7.0,1.0,3.0,0.333,0.0,2.0,0.0,1.0,1.0,1.0,0.333,0.0,0.0,,0.0,4.0,4.0,2.0,0.0,0.0,0.0,1.0,2.0,
522.0,Johnny Juzang,24.0,MIN,SG,21.0,0.0,4.2,0.8,1.8,0.421,0.3,1.1,0.25,0.5,0.7,0.714,0.5,0.2,0.4,0.625,0.2,0.6,0.8,0.3,0.1,0.0,0.2,0.1,2.0,
523.0,Maxi Kleber,34.0,LAL,PF,42.0,1.0,10.6,0.8,1.7,0.451,0.1,0.6,0.231,0.6,1.1,0.578,0.493,0.3,0.6,0.538,0.8,1.1,1.9,0.6,0.4,0.2,0.4,1.4,2.0,
524.0,Jordan McLaughlin,29.0,SAS,PG,43.0,0.0,6.5,0.7,1.8,0.41,0.4,0.9,0.425,0.3,0.9,0.395,0.519,0.1,0.2,0.857,0.1,0.6,0.7,0.9,0.5,0.0,0.3,0.3,2.0,
525.0,Alex Morales,28.0,ORL,PG,4.0,0.0,6.0,0.8,1.8,0.429,0.0,0.3,0.0,0.8,1.5,0.5,0.429,0.5,0.5,1.0,0.3,0.5,0.8,1.0,0.0,0.0,1.0,1.8,2.0,
526.0,Sean Pedulla,23.0,LAC,PG,7.0,0.0,4.4,0.7,2.1,0.333,0.4,1.4,0.3,0.3,0.7,0.4,0.433,0.0,0.0,,0.0,0.4,0.4,0.7,0.0,0.0,0.1,0.6,1.9,
527.0,Curtis Jones,24.0,DEN,SG,9.0,0.0,6.2,0.8,2.4,0.318,0.2,1.6,0.143,0.6,0.9,0.625,0.364,0.0,0.0,,0.1,0.6,0.7,0.8,0.3,0.0,0.1,0.4,1.8,
528.0,Bobi Klintman,22.0,DET,SF,12.0,0.0,5.9,0.8,2.3,0.333,0.3,1.1,0.308,0.4,1.2,0.357,0.407,0.0,0.3,0.0,0.4,1.2,1.6,0.5,0.3,0.0,0.5,0.9,1.8,
529.0,Isaiah Livers,27.0,PHO,PF,36.0,0.0,9.6,0.6,1.8,0.344,0.3,1.1,0.3,0.3,0.7,0.417,0.438,0.3,0.3,0.75,0.5,1.2,1.7,0.6,0.4,0.2,0.3,0.8,1.8,
530.0,Cody Martin,30.0,IND,SF,4.0,0.0,13.8,0.5,2.5,0.2,0.0,1.3,0.0,0.5,1.3,0.4,0.2,0.8,1.5,0.5,0.3,3.3,3.5,0.5,1.0,0.5,1.0,1.3,1.8,
531.0,Kevin McCullar Jr.,24.0,NYK,SF,20.0,0.0,6.5,0.7,1.8,0.389,0.3,0.9,0.333,0.4,0.9,0.444,0.472,0.1,0.3,0.4,0.5,0.8,1.3,1.0,0.4,0.0,0.6,0.9,1.8,
532.0,Orlando Robinson,25.0,ORL,C,4.0,1.0,6.3,0.8,1.3,0.6,0.3,0.5,0.5,0.5,0.8,0.667,0.7,0.0,0.0,,0.5,0.5,1.0,0.8,0.3,0.0,0.0,0.8,1.8,
533.0,Wendell Moore Jr.,24.0,DET,SG,6.0,0.0,10.0,0.7,1.2,0.571,0.0,0.2,0.0,0.7,1.0,0.667,0.571,0.3,0.3,1.0,0.2,0.8,1.0,0.7,0.3,0.3,0.2,0.5,1.7,
534.0,Jahmir Young,25.0,MIA,PG,13.0,0.0,4.2,0.7,1.8,0.375,0.2,0.6,0.25,0.5,1.2,0.438,0.417,0.2,0.2,1.0,0.2,0.2,0.3,0.6,0.1,0.0,0.2,0.5,1.7,
535.0,Brooks Barnhizer,23.0,OKC,SG,39.0,0.0,8.3,0.6,1.6,0.397,0.2,0.5,0.3,0.5,1.1,0.442,0.444,0.2,0.3,0.7,0.5,1.5,1.9,0.5,0.2,0.1,0.3,0.7,1.6,
536.0,Harrison Ingram,23.0,SAS,SF,7.0,0.0,3.7,0.7,0.9,0.833,0.1,0.1,1.0,0.6,0.7,0.8,0.917,0.0,0.0,,0.4,0.0,0.4,0.1,0.0,0.0,0.1,0.3,1.6,
537.0,Adou Thiero,21.0,LAL,SF,24.0,0.0,5.7,0.5,1.1,0.444,0.0,0.1,0.333,0.5,1.0,0.458,0.463,0.6,0.9,0.636,0.3,0.7,1.0,0.3,0.3,0.1,0.3,0.7,1.6,
538.0,Jacob Toppin,25.0,ATL,SF,5.0,0.0,3.4,0.8,1.2,0.667,0.0,0.0,,0.8,1.2,0.667,0.667,0.0,0.0,,0.0,0.2,0.2,0.2,0.0,0.2,0.0,0.2,1.6,
539.0,Xavier Tillman Sr.,27.0,2TM,C,30.0,1.0,6.1,0.7,1.5,0.435,0.1,0.6,0.167,0.6,0.9,0.607,0.467,0.0,0.1,0.25,0.6,0.8,1.4,0.4,0.3,0.2,0.3,0.5,1.5,
539.0,Xavier Tillman Sr.,27.0,BOS,C,14.0,1.0,7.9,1.0,2.2,0.452,0.2,1.1,0.2,0.8,1.1,0.688,0.5,0.0,0.0,,0.7,1.1,1.8,0.4,0.4,0.1,0.4,0.6,2.2,
539.0,Xavier Tillman Sr.,27.0,CHO,C,16.0,0.0,4.5,0.4,0.9,0.4,0.0,0.2,0.0,0.4,0.8,0.5,0.4,0.1,0.3,0.25,0.6,0.6,1.1,0.5,0.2,0.2,0.2,0.4,0.8,
540.0,Mason Plumlee,35.0,2TM,C,19.0,2.0,8.2,0.5,0.7,0.769,0.0,0.0,,0.5,0.7,0.769,0.769,0.5,0.7,0.643,0.8,1.8,2.6,1.0,0.5,0.0,0.6,0.8,1.5,
540.0,Mason Plumlee,35.0,CHO,C,14.0,2.0,8.9,0.6,0.9,0.75,0.0,0.0,,0.6,0.9,0.75,0.75,0.6,0.9,0.667,0.7,2.1,2.9,1.1,0.4,0.0,0.6,0.7,1.9,
540.0,Mason Plumlee,35.0,SAS,C,5.0,0.0,6.2,0.2,0.2,1.0,0.0,0.0,,0.2,0.2,1.0,1.0,0.2,0.4,0.5,1.2,0.8,2.0,0.6,0.8,0.0,0.6,1.2,0.6,
541.0,Buddy Boeheim,26.0,OKC,SF,4.0,0.0,3.8,0.5,1.5,0.333,0.5,1.5,0.333,0.0,0.0,,0.5,0.0,0.0,,0.0,0.0,0.0,0.0,0.0,0.0,0.0,0.3,1.5,
542.0,Hunter Dickinson,25.0,NOP,C,4.0,0.0,5.5,0.5,1.5,0.333,0.0,0.5,0.0,0.5,1.0,0.5,0.333,0.5,0.5,1.0,0.0,0.3,0.3,0.0,0.0,0.5,0.8,1.0,1.5,
543.0,Jonathan Mogbo,24.0,TOR,PF,39.0,0.0,6.3,0.6,1.1,0.581,0.0,0.0,0.0,0.6,1.1,0.595,0.581,0.2,0.4,0.643,0.5,1.2,1.7,0.6,0.3,0.2,0.4,0.7,1.5,
544.0,Rocco Zikarsky,19.0,MIN,C,4.0,0.0,4.0,0.8,1.3,0.6,0.0,0.0,,0.8,1.3,0.6,0.6,0.0,0.0,,0.5,0.8,1.3,0.0,0.0,0.8,0.0,0.3,1.5,
545.0,Colin Castleton,25.0,ORL,C,4.0,0.0,5.3,0.5,1.3,0.4,0.0,0.0,,0.5,1.3,0.4,0.4,0.3,0.3,1.0,0.5,1.5,2.0,0.3,0.3,0.0,0.5,0.5,1.3,
546.0,Isaiah Crawford,24.0,HOU,SF,13.0,0.0,5.8,0.5,1.4,0.333,0.2,0.8,0.2,0.3,0.6,0.5,0.389,0.2,0.3,0.75,0.2,0.6,0.8,0.3,0.2,0.2,0.2,0.2,1.3,
547.0,Pacôme Dadiet,20.0,NYK,SG,28.0,0.0,3.9,0.4,1.3,0.297,0.2,1.0,0.222,0.2,0.4,0.5,0.378,0.3,0.3,1.0,0.1,0.7,0.8,0.4,0.1,0.0,0.1,0.2,1.3,
548.0,Nigel Hayes-Davis,31.0,PHO,SF,27.0,0.0,7.2,0.6,1.7,0.326,0.1,0.6,0.125,0.5,1.1,0.433,0.348,0.1,0.1,0.5,0.4,0.8,1.2,0.3,0.3,0.1,0.3,0.6,1.3,
549.0,Kyle Lowry,39.0,PHI,PG,13.0,0.0,8.7,0.3,1.5,0.2,0.3,1.5,0.2,0.0,0.0,,0.3,0.4,0.5,0.833,0.0,0.7,0.7,0.8,0.2,0.2,0.3,0.6,1.3,
550.0,Olivier Sarr,26.0,CLE,C,3.0,0.0,5.0,0.3,0.3,1.0,0.3,0.3,1.0,0.0,0.0,,1.5,0.3,0.7,0.5,0.0,1.7,1.7,1.0,0.0,0.7,0.0,1.3,1.3,
551.0,TyTy Washington Jr.,24.0,LAC,PG,16.0,0.0,5.5,0.6,1.2,0.474,0.2,0.5,0.375,0.4,0.7,0.545,0.553,0.0,0.0,,0.1,0.3,0.4,1.1,0.4,0.2,0.2,0.4,1.3,
552.0,Amari Williams,24.0,BOS,PF,21.0,2.0,6.5,0.4,0.9,0.474,0.0,0.0,,0.4,0.9,0.474,0.474,0.5,0.7,0.714,0.4,1.4,1.9,0.4,0.1,0.5,0.5,0.8,1.3,
553.0,Isaac Jones,25.0,2TM,PF,6.0,1.0,4.3,0.5,1.0,0.5,0.0,0.3,0.0,0.5,0.7,0.75,0.5,0.2,0.3,0.5,0.3,0.5,0.8,0.2,0.0,0.2,0.0,0.7,1.2,
553.0,Isaac Jones,25.0,SAC,PF,3.0,1.0,5.7,0.3,0.7,0.5,0.0,0.3,0.0,0.3,0.3,1.0,0.5,0.3,0.7,0.5,0.7,0.0,0.7,0.3,0.0,0.0,0.0,1.3,1.0,
553.0,Isaac Jones,25.0,DET,PF,3.0,0.0,3.0,0.7,1.3,0.5,0.0,0.3,0.0,0.7,1.0,0.667,0.5,0.0,0.0,,0.0,1.0,1.0,0.0,0.0,0.3,0.0,0.0,1.3,
554.0,Thanasis Antetokounmpo,33.0,MIL,SF,33.0,0.0,3.7,0.4,0.8,0.462,0.0,0.1,0.0,0.4,0.7,0.545,0.462,0.5,0.8,0.577,0.3,0.5,0.8,0.3,0.4,0.2,0.3,0.4,1.2,
555.0,Javonte Cooke,26.0,POR,SG,19.0,0.0,4.9,0.5,2.2,0.22,0.2,1.2,0.13,0.3,0.9,0.333,0.256,0.1,0.1,1.0,0.2,0.8,1.0,0.4,0.3,0.0,0.5,0.3,1.2,
556.0,Dillon Jones,24.0,NYK,SF,6.0,0.0,4.5,0.2,1.0,0.167,0.2,0.7,0.25,0.0,0.3,0.0,0.25,0.7,0.7,1.0,0.3,0.7,1.0,0.7,0.3,0.0,0.0,0.8,1.2,
557.0,Joe Ingles,38.0,MIN,SF,26.0,1.0,4.6,0.4,0.7,0.588,0.2,0.4,0.4,0.2,0.3,0.857,0.706,0.1,0.1,1.0,0.0,0.5,0.5,0.9,0.3,0.0,0.4,0.2,1.0,
558.0,Zyon Pullin,24.0,MIN,SG,4.0,0.0,3.0,0.3,0.3,1.0,0.0,0.0,,0.3,0.3,1.0,1.0,0.5,0.5,1.0,0.0,0.0,0.0,1.0,0.3,0.0,0.8,0.5,1.0,
559.0,Hunter Sallis,22.0,PHI,SG,7.0,0.0,3.7,0.4,0.7,0.6,0.0,0.0,,0.4,0.7,0.6,0.6,0.1,0.3,0.5,0.0,0.1,0.1,0.6,0.0,0.1,0.7,0.3,1.0,
560.0,Dario Šarić,31.0,SAC,C,5.0,0.0,8.2,0.2,1.2,0.167,0.2,0.6,0.333,0.0,0.6,0.0,0.25,0.4,0.4,1.0,0.2,1.0,1.2,0.4,0.0,0.0,0.4,0.6,1.0,
561.0,Stanley Umude,26.0,SAS,SG,2.0,0.0,3.5,0.5,1.0,0.5,0.0,0.5,0.0,0.5,0.5,1.0,0.5,0.0,0.0,,0.0,0.0,0.0,0.5,0.5,0.0,0.0,1.0,1.0,
562.0,Bismack Biyombo,33.0,SAS,C,24.0,1.0,5.7,0.3,0.6,0.571,0.0,0.0,,0.3,0.6,0.571,0.571,0.2,0.3,0.714,0.2,0.8,1.0,0.2,0.2,0.1,0.3,1.1,0.9,
563.0,Johni Broome,23.0,PHI,C,11.0,0.0,5.0,0.4,2.2,0.167,0.0,0.5,0.0,0.4,1.7,0.211,0.167,0.2,0.5,0.333,0.6,0.8,1.5,0.4,0.3,0.2,0.3,0.6,0.9,
564.0,Trevor Keels,22.0,MIA,SG,7.0,0.0,1.7,0.3,1.3,0.222,0.3,1.1,0.25,0.0,0.1,0.0,0.333,0.0,0.0,,0.0,0.3,0.3,0.0,0.0,0.0,0.0,0.0,0.9,
565.0,N'Faly Dante,24.0,ATL,C,4.0,0.0,3.8,0.3,1.0,0.25,0.0,0.0,,0.3,1.0,0.25,0.25,0.3,0.3,1.0,0.8,1.0,1.8,0.0,0.5,0.0,0.3,0.3,0.8,
566.0,Markelle Fultz,27.0,TOR,PG,5.0,0.0,7.2,0.4,2.2,0.182,0.0,0.0,,0.4,2.2,0.182,0.182,0.0,0.0,,0.0,0.2,0.2,1.6,0.4,0.0,0.8,0.4,0.8,
567.0,Trey Jemison,26.0,NYK,C,12.0,0.0,5.3,0.3,0.6,0.571,0.0,0.0,,0.3,0.6,0.571,0.571,0.1,0.1,1.0,0.7,0.7,1.3,0.3,0.1,0.2,0.6,0.8,0.8,
568.0,Drew Peterson,26.0,CHO,PF,6.0,0.0,10.7,0.3,2.7,0.125,0.0,2.0,0.0,0.3,0.7,0.5,0.125,0.2,0.3,0.5,0.5,1.0,1.5,0.3,0.5,0.2,0.0,0.5,0.8,
569.0,CJ Huntley,24.0,PHO,SF,3.0,0.0,3.7,0.3,1.0,0.333,0.0,0.3,0.0,0.3,0.7,0.5,0.333,0.0,0.0,,0.3,0.0,0.3,0.3,0.0,0.0,0.0,0.3,0.7,
570.0,Garrett Temple,39.0,TOR,SG,21.0,0.0,3.3,0.1,0.7,0.214,0.1,0.5,0.182,0.0,0.1,0.333,0.286,0.3,0.4,0.667,0.0,0.3,0.4,0.4,0.1,0.1,0.3,0.3,0.7,
571.0,Chris Mañon,24.0,LAL,SG,8.0,0.0,4.9,0.1,0.5,0.25,0.0,0.3,0.0,0.1,0.3,0.5,0.25,0.4,0.5,0.75,0.1,0.9,1.0,0.3,0.6,0.3,0.1,0.6,0.6,
572.0,Vladislav Goldin,24.0,MIA,C,8.0,0.0,2.6,0.3,0.4,0.667,0.0,0.0,,0.3,0.4,0.667,0.667,0.0,0.0,,0.4,0.5,0.9,0.4,0.0,0.3,0.4,0.5,0.5,
573.0,Max Shulga,23.0,BOS,SG,10.0,0.0,1.8,0.1,0.4,0.25,0.0,0.1,0.0,0.1,0.3,0.333,0.25,0.2,0.2,1.0,0.2,0.1,0.3,0.2,0.0,0.0,0.2,0.6,0.4,
574.0,John Tonje,24.0,BOS,SG,5.0,0.0,2.4,0.0,0.4,0.0,0.0,0.4,0.0,0.0,0.0,,0.0,0.4,0.4,1.0,0.0,0.4,0.4,0.2,0.2,0.0,0.0,0.2,0.4,
575.0,Jahmyl Telfort,24.0,LAC,PF,8.0,0.0,4.0,0.0,0.5,0.0,0.0,0.5,0.0,0.0,0.0,,0.0,0.1,0.5,0.25,0.0,0.4,0.4,0.1,0.1,0.0,0.1,0.6,0.1,
576.0,Darius Brown II,26.0,CLE,SG,1.0,0.0,3.0,0.0,1.0,0.0,0.0,0.0,,0.0,1.0,0.0,0.0,0.0,0.0,,0.0,1.0,1.0,0.0,0.0,0.0,0.0,0.0,0.0,
577.0,Noa Essengue,19.0,CHI,PF,2.0,0.0,3.0,0.0,1.5,0.0,0.0,1.0,0.0,0.0,0.5,0.0,0.0,0.0,0.0,,0.0,0.0,0.0,0.0,0.5,0.0,0.0,0.5,0.0,
578.0,Tosan Evbuomwan,24.0,NYK,SF,5.0,0.0,1.6,0.0,0.2,0.0,0.0,0.0,,0.0,0.2,0.0,0.0,0.0,0.0,,0.2,0.2,0.4,0.0,0.0,0.0,0.0,0.2,0.0,
579.0,Enrique Freeman,25.0,MIN,PF,3.0,0.0,3.7,0.0,0.0,,0.0,0.0,,0.0,0.0,,,0.0,0.0,,0.0,1.0,1.0,0.0,0.0,0.3,0.0,0.0,0.0,
580.0,Chucky Hepburn,22.0,TOR,PG,2.0,0.0,6.5,0.0,3.0,0.0,0.0,2.5,0.0,0.0,0.5,0.0,0.0,0.0,0.0,,0.0,0.5,0.5,1.0,0.5,0.0,0.5,1.0,0.0,
,League Average,,,,,,,,,0.471,,,0.36,,,0.55,0.546,,,0.783,,,,,,,,,,
