Rk,Player,Age,Team,Pos,G,GS,MP,FG,FGA,FG%,3P,3PA,3P%,2P,2PA,2P%,eFG%,FT,FTA,FT%,ORB,DRB,TRB,AST,STL,BLK,TOV,PF,PTS,Awards
1.0,Amen Thompson,23.0,HOU,PG,79.0,79.0,2953.0,6.8,12.7,0.534,0.3,1.4,0.216,6.5,11.3,0.573,0.545,3.7,4.8,0.779,2.9,4.6,7.5,5.1,1.5,0.6,2.3,2.1,17.6,
2.0,Kevin Durant,37.0,HOU,SF,78.0,78.0,2840.0,9.1,17.4,0.52,2.4,5.7,0.413,6.7,11.7,0.572,0.588,5.2,5.9,0.874,0.5,4.9,5.4,4.7,0.8,0.9,3.1,1.8,25.7,AS
3.0,Desmond Bane,27.0,ORL,SG,81.0,81.0,2738.0,7.6,15.7,0.485,2.2,5.6,0.392,5.4,10.2,0.535,0.554,4.1,4.5,0.91,1.3,3.2,4.4,4.4,1.1,0.5,2.2,3.3,21.6,
4.0,Jabari Smith Jr.,22.0,HOU,PF,77.0,77.0,2705.0,5.8,13.0,0.45,2.4,6.5,0.363,3.5,6.5,0.537,0.541,2.2,2.8,0.775,1.4,5.6,7.0,1.9,0.7,0.9,1.4,2.6,16.2,
5.0,Toumani Camara,25.0,POR,PF,81.0,81.0,2698.0,5.2,11.7,0.44,2.9,7.8,0.37,2.3,3.9,0.58,0.563,1.3,1.8,0.708,1.7,3.9,5.6,2.7,1.3,0.5,1.9,3.1,14.5,
6.0,Mikal Bridges,29.0,NYK,SF,81.0,81.0,2692.0,6.3,12.9,0.49,2.1,5.6,0.371,4.2,7.3,0.582,0.571,1.1,1.3,0.827,1.1,3.1,4.2,4.1,1.4,0.8,1.1,2.1,15.8,
7.0,Jamal Murray,28.0,DEN,PG,75.0,75.0,2652.0,8.9,18.5,0.483,3.3,7.6,0.435,5.6,10.8,0.517,0.573,4.7,5.3,0.887,0.4,4.0,4.5,7.3,0.9,0.4,2.3,1.8,25.9,AS
8.0,Scottie Barnes,24.0,TOR,PF,79.0,79.0,2649.0,7.6,15.1,0.504,0.9,3.0,0.304,6.7,12.1,0.555,0.535,3.3,4.0,0.814,2.0,6.0,8.0,6.3,1.5,1.5,2.8,2.9,19.4,AS
9.0,Tyrese Maxey,25.0,PHI,PG,69.0,69.0,2634.0,9.4,20.3,0.461,3.0,8.1,0.367,6.4,12.2,0.523,0.534,5.0,5.7,0.891,0.3,3.6,3.9,6.3,1.8,0.8,2.3,2.1,26.8,AS
10.0,Derrick White,31.0,BOS,SG,77.0,77.0,2625.0,6.0,15.2,0.394,2.9,8.8,0.327,3.1,6.4,0.487,0.489,2.5,2.8,0.902,1.2,3.5,4.6,5.7,1.2,1.3,1.8,1.6,17.4,
11.0,Julius Randle,31.0,MIN,PF,79.0,79.0,2610.0,8.0,16.6,0.481,1.5,4.8,0.315,6.5,11.9,0.547,0.526,5.5,6.8,0.802,1.8,5.5,7.3,5.5,1.2,0.2,3.0,3.1,23.0,
12.0,Nickeil Alexander-Walker,27.0,ATL,SG,78.0,71.0,2603.0,7.6,16.5,0.459,3.5,8.7,0.399,4.1,7.8,0.525,0.564,3.8,4.2,0.902,0.7,3.0,3.7,4.0,1.4,0.6,2.2,2.4,22.5,
13.0,VJ Edgecombe,20.0,PHI,SG,74.0,74.0,2592.0,6.2,14.2,0.439,2.1,5.8,0.356,4.2,8.4,0.496,0.511,2.1,2.5,0.818,1.7,4.1,5.8,4.2,1.5,0.5,1.9,3.0,16.5,
14.0,Jalen Brunson,29.0,NYK,PG,74.0,74.0,2590.0,9.6,20.5,0.467,2.7,7.3,0.369,6.9,13.2,0.522,0.533,4.9,5.9,0.841,0.4,3.0,3.4,7.0,0.8,0.1,2.4,2.4,26.8,AS
15.0,Brandon Ingram,28.0,TOR,SF,76.0,76.0,2572.0,8.5,17.9,0.475,1.8,4.9,0.379,6.6,13.0,0.511,0.527,4.0,4.9,0.816,0.9,5.0,5.9,3.9,0.8,0.8,2.6,2.1,22.8,AS
16.0,Payton Pritchard,28.0,BOS,PG,79.0,50.0,2556.0,7.1,15.4,0.464,3.0,7.9,0.377,4.1,7.5,0.556,0.561,1.7,1.9,0.89,1.0,3.4,4.4,5.7,0.8,0.1,1.5,1.7,18.9,
17.0,Jalen Johnson,24.0,ATL,SF,72.0,72.0,2532.0,8.5,17.5,0.489,1.7,4.8,0.352,6.8,12.6,0.541,0.537,4.3,5.4,0.788,1.4,9.1,10.5,8.0,1.3,0.4,3.5,2.1,23.0,AS
18.0,Dyson Daniels,22.0,ATL,SG,76.0,76.0,2520.0,5.7,11.1,0.517,0.3,1.7,0.188,5.4,9.4,0.576,0.532,1.1,1.7,0.615,2.6,4.8,7.4,6.4,2.1,0.4,1.9,2.4,12.9,
19.0,Kon Knueppel,20.0,CHO,SF,80.0,79.0,2519.0,7.3,15.3,0.477,3.9,9.0,0.427,3.4,6.3,0.548,0.603,2.8,3.2,0.862,1.4,4.7,6.1,3.8,0.8,0.3,2.3,2.4,21.2,
20.0,Donte DiVincenzo,29.0,MIN,SG,81.0,81.0,2487.0,4.9,12.0,0.407,3.5,9.2,0.38,1.4,2.8,0.497,0.554,1.1,1.5,0.743,1.0,3.9,4.8,4.5,1.5,0.5,1.7,2.8,14.4,
21.0,Paolo Banchero,23.0,ORL,PF,71.0,71.0,2464.0,7.6,16.5,0.462,1.2,3.9,0.311,6.4,12.6,0.509,0.499,6.5,8.5,0.774,1.2,7.5,8.7,5.3,0.7,0.6,3.2,2.1,23.0,
22.0,Jaylen Brown,29.0,BOS,SF,71.0,71.0,2443.0,10.8,22.7,0.477,2.1,6.0,0.347,8.8,16.8,0.523,0.522,6.3,7.9,0.795,1.2,6.1,7.3,5.4,1.1,0.4,3.8,2.8,30.0,AS
23.0,James Harden,36.0,2TM,PG,70.0,70.0,2438.0,7.2,16.6,0.434,3.2,8.5,0.375,4.0,8.1,0.495,0.529,6.8,7.7,0.884,0.6,4.4,5.0,8.2,1.2,0.4,3.6,2.0,24.4,
23.0,James Harden,36.0,LAC,PG,44.0,44.0,1559.0,7.5,17.8,0.419,3.1,9.0,0.347,4.3,8.8,0.492,0.506,7.8,8.6,0.901,0.6,4.3,4.9,8.3,1.3,0.4,3.7,1.9,25.8,
23.0,James Harden,36.0,CLE,PG,26.0,26.0,879.0,6.7,14.4,0.466,3.3,7.5,0.435,3.4,6.9,0.5,0.58,5.2,6.1,0.84,0.5,4.5,5.1,8.2,0.9,0.5,3.4,2.2,21.9,
24.0,DeMar DeRozan,36.0,SAC,PF,77.0,77.0,2406.0,7.5,15.0,0.497,0.7,2.2,0.32,6.8,12.8,0.527,0.52,5.6,6.4,0.868,0.5,2.9,3.4,4.7,1.2,0.3,1.4,2.2,21.2,
25.0,Alperen Şengün,23.0,HOU,C,72.0,72.0,2398.0,8.8,16.9,0.519,0.6,2.0,0.305,8.2,14.9,0.547,0.537,3.9,5.6,0.691,3.2,6.4,9.6,6.7,1.3,1.2,3.4,3.6,22.0,AS
26.0,Rudy Gobert,33.0,MIN,C,76.0,76.0,2380.0,5.1,7.4,0.682,0.0,0.1,0.0,5.1,7.4,0.689,0.682,2.4,4.6,0.526,4.5,8.7,13.2,1.9,0.9,1.9,1.6,3.0,12.5,
27.0,Ryan Rollins,23.0,MIL,PG,74.0,67.0,2376.0,7.4,15.6,0.472,2.8,6.9,0.406,4.6,8.7,0.523,0.561,1.9,2.4,0.796,0.8,4.3,5.1,6.3,1.7,0.5,3.0,2.9,19.4,
28.0,Miles Bridges,27.0,CHO,PF,76.0,76.0,2363.0,7.3,15.8,0.46,2.3,6.7,0.334,5.0,9.0,0.555,0.532,3.2,3.8,0.825,1.1,5.7,6.8,3.7,0.7,0.5,1.6,2.0,19.9,
29.0,Donovan Mitchell,29.0,CLE,SG,70.0,70.0,2342.0,10.4,21.6,0.483,3.4,9.5,0.364,7.0,12.1,0.577,0.563,5.7,6.6,0.865,0.8,4.1,4.9,6.1,1.6,0.3,3.0,2.5,30.0,AS
30.0,Trey Murphy III,25.0,NOP,SF,66.0,66.0,2341.0,7.6,16.1,0.47,3.3,8.7,0.379,4.3,7.5,0.577,0.572,3.4,3.8,0.886,1.0,4.8,5.8,3.8,1.5,0.4,1.8,2.1,21.8,
31.0,Bam Adebayo,28.0,MIA,C,72.0,72.0,2336.0,7.6,17.4,0.439,1.9,6.1,0.318,5.7,11.3,0.505,0.495,5.0,6.5,0.78,2.3,8.9,11.1,3.5,1.3,0.7,1.8,1.9,22.2,
32.0,Cooper Flagg,19.0,DAL,SF,69.0,69.0,2334.0,8.6,18.3,0.468,1.1,3.7,0.296,7.4,14.5,0.512,0.498,4.3,5.2,0.826,1.3,5.8,7.1,4.9,1.3,1.0,2.5,2.2,22.6,
33.0,Karl-Anthony Towns,30.0,NYK,C,75.0,75.0,2322.0,8.0,16.0,0.501,1.8,4.8,0.368,6.3,11.2,0.557,0.556,5.5,6.4,0.858,3.6,10.2,13.8,3.5,1.0,0.6,2.9,4.0,23.3,AS
34.0,Jaden McDaniels,25.0,MIN,PF,73.0,73.0,2316.0,6.5,12.6,0.515,1.6,3.9,0.412,4.9,8.7,0.562,0.579,2.3,2.7,0.835,1.2,3.6,4.8,3.1,1.3,1.1,2.0,3.8,16.8,
35.0,Brandin Podziemski,22.0,GSW,SG,81.0,42.0,2312.0,6.1,13.3,0.457,2.4,6.3,0.371,3.7,7.0,0.535,0.545,3.0,3.7,0.795,1.1,5.4,6.5,4.7,1.4,0.2,2.0,2.1,17.5,
36.0,Onyeka Okongwu,25.0,ATL,C,74.0,63.0,2297.0,6.5,13.5,0.48,2.3,6.0,0.376,4.2,7.5,0.564,0.564,2.4,3.2,0.757,2.2,6.6,8.8,3.6,1.3,1.2,2.0,3.8,17.6,
37.0,Luka Dončić,26.0,LAL,PG,64.0,64.0,2289.0,10.9,22.9,0.476,4.0,10.9,0.366,6.9,12.0,0.575,0.563,7.9,10.1,0.78,0.6,7.1,7.8,8.3,1.7,0.5,4.0,2.4,33.7,AS
38.0,Collin Gillespie,26.0,PHO,PG,80.0,58.0,2282.0,5.6,13.3,0.418,3.7,9.1,0.401,1.9,4.2,0.455,0.556,1.2,1.4,0.874,1.4,3.8,5.2,5.9,1.6,0.3,2.0,2.1,16.0,
39.0,CJ McCollum,34.0,2TM,PG,76.0,60.0,2264.0,8.3,18.3,0.455,3.0,8.1,0.375,5.3,10.2,0.519,0.538,2.9,3.8,0.772,1.0,3.0,4.0,4.7,1.0,0.6,2.1,2.3,22.6,
39.0,CJ McCollum,34.0,WAS,SG,35.0,35.0,1082.0,8.0,17.6,0.454,3.2,8.1,0.393,4.8,9.5,0.505,0.544,2.7,3.4,0.804,0.8,3.4,4.1,4.2,0.8,0.3,1.9,2.4,21.9,
39.0,CJ McCollum,34.0,ATL,PG,41.0,25.0,1182.0,8.7,19.0,0.456,2.9,8.1,0.357,5.8,10.9,0.529,0.532,3.1,4.1,0.748,1.2,2.7,3.9,5.1,1.2,0.8,2.3,2.2,23.3,
40.0,Shai Gilgeous-Alexander,27.0,OKC,PG,68.0,68.0,2259.0,11.6,21.1,0.553,1.8,4.7,0.386,9.8,16.3,0.602,0.597,8.6,9.8,0.879,0.6,4.0,4.7,7.1,1.5,0.8,2.4,2.2,33.7,AS
41.0,Wendell Carter Jr.,26.0,ORL,C,77.0,77.0,2257.0,5.2,10.1,0.516,1.1,3.6,0.321,4.1,6.5,0.623,0.573,3.1,3.9,0.793,2.6,6.5,9.1,2.4,1.0,0.7,1.6,4.2,14.7,
42.0,Matas Buzelis,21.0,CHI,PF,77.0,77.0,2248.0,7.1,15.4,0.463,2.8,7.9,0.349,4.4,7.5,0.583,0.553,3.0,3.8,0.786,1.2,5.9,7.2,2.5,0.9,1.9,2.5,2.8,20.0,
43.0,Nikola Jokić,30.0,DEN,C,64.0,64.0,2247.0,10.2,17.9,0.569,1.8,4.7,0.379,8.4,13.2,0.636,0.618,6.3,7.6,0.828,3.0,10.3,13.3,11.2,1.5,0.8,3.9,2.8,28.5,AS
44.0,Saddiq Bey,26.0,NOP,SF,72.0,64.0,2246.0,7.0,15.5,0.451,2.4,6.6,0.367,4.6,8.9,0.514,0.529,4.0,4.7,0.841,1.9,4.5,6.4,2.9,1.1,0.1,1.1,1.5,20.4,
45.0,Julian Champagnie,24.0,SAS,SF,81.0,67.0,2241.0,4.8,11.0,0.437,3.1,8.2,0.382,1.7,2.8,0.598,0.579,1.8,2.2,0.844,1.2,6.4,7.5,2.0,1.0,0.6,1.1,2.1,14.5,
46.0,A.J. Green,26.0,MIL,SG,77.0,67.0,2234.0,4.1,9.7,0.424,3.7,8.7,0.42,0.5,1.0,0.452,0.612,0.9,1.0,0.855,0.5,2.9,3.4,2.4,0.6,0.1,1.2,2.8,12.7,
47.0,Bub Carrington,20.0,WAS,PG,81.0,47.0,2233.0,4.9,11.7,0.425,2.7,6.6,0.404,2.3,5.1,0.451,0.539,1.3,1.7,0.731,0.5,3.9,4.4,6.0,0.8,0.3,3.0,2.9,13.8,
48.0,Max Christie,22.0,DAL,SG,76.0,67.0,2232.0,5.1,11.6,0.439,2.9,7.1,0.403,2.2,4.5,0.496,0.563,2.0,2.2,0.906,0.2,3.8,4.0,2.4,0.8,0.4,1.5,1.6,15.0,
49.0,OG Anunoby,28.0,NYK,PF,67.0,67.0,2224.0,6.3,13.0,0.484,2.5,6.6,0.386,3.8,6.4,0.584,0.581,3.0,3.6,0.828,1.4,4.3,5.7,2.3,1.7,0.8,2.0,2.7,18.1,
50.0,Immanuel Quickley,26.0,TOR,PG,69.0,69.0,2215.0,6.5,14.6,0.444,2.9,7.7,0.376,3.6,6.9,0.52,0.543,2.8,3.4,0.821,0.6,3.9,4.6,6.7,1.5,0.1,1.6,2.3,18.6,
51.0,Royce O'Neale,32.0,PHO,SF,78.0,67.0,2213.0,4.3,10.2,0.421,3.4,8.5,0.408,0.8,1.7,0.486,0.59,0.4,0.6,0.711,1.0,5.1,6.1,3.4,1.4,0.5,1.7,2.9,12.4,
52.0,Kris Dunn,31.0,LAC,PG,81.0,67.0,2208.0,3.7,7.7,0.477,1.3,3.4,0.379,2.4,4.3,0.556,0.561,1.0,1.3,0.765,0.9,3.5,4.4,4.8,2.1,0.2,1.8,3.1,9.7,
53.0,De'Aaron Fox,28.0,SAS,PG,71.0,71.0,2198.0,8.2,16.8,0.488,2.1,6.2,0.333,6.1,10.6,0.58,0.55,3.0,4.0,0.756,0.7,3.6,4.3,7.2,1.5,0.3,2.7,2.6,21.5,AS
54.0,Naji Marshall,28.0,DAL,SF,74.0,47.0,2184.0,6.9,13.5,0.51,1.0,3.5,0.291,5.9,10.0,0.587,0.548,3.8,4.9,0.76,1.1,4.7,5.7,4.0,1.4,0.1,2.0,2.4,18.6,
55.0,Quentin Grimes,25.0,PHI,SG,74.0,19.0,2178.0,5.5,12.3,0.449,2.0,6.2,0.329,3.5,6.1,0.571,0.532,3.3,3.9,0.838,0.8,3.7,4.5,4.0,1.0,0.5,2.2,2.5,16.3,
56.0,Deni Avdija,25.0,POR,SF,65.0,65.0,2166.0,8.0,17.4,0.462,2.0,6.4,0.313,6.0,11.0,0.549,0.52,8.1,10.1,0.802,1.2,6.2,7.4,7.2,0.8,0.7,4.2,2.8,26.1,AS
57.0,Cade Cunningham,24.0,DET,PG,63.0,63.0,2150.0,9.1,19.7,0.463,2.1,6.0,0.344,7.0,13.7,0.515,0.516,5.2,6.4,0.812,0.9,4.9,5.8,10.4,1.5,0.9,3.9,3.3,25.5,AS
58.0,Devin Booker,29.0,PHO,SG,64.0,64.0,2146.0,9.2,20.1,0.456,2.0,6.2,0.33,7.1,13.9,0.512,0.507,7.6,8.7,0.873,0.8,3.4,4.2,6.5,0.9,0.3,3.4,2.8,28.0,AS
59.0,Anthony Edwards,24.0,MIN,SG,61.0,60.0,2137.0,10.1,20.7,0.489,3.5,8.7,0.399,6.7,12.1,0.554,0.572,5.9,7.4,0.796,0.6,4.5,5.1,3.8,1.4,0.8,2.9,2.0,29.6,AS
60.0,Tim Hardaway Jr.,33.0,DEN,SG,80.0,6.0,2127.0,5.9,13.2,0.447,3.8,9.3,0.407,2.1,3.9,0.541,0.591,2.7,3.3,0.811,0.3,3.2,3.5,1.8,0.7,0.2,0.7,1.7,18.3,
61.0,Reed Sheppard,21.0,HOU,SG,81.0,20.0,2121.0,6.8,15.8,0.431,3.8,9.6,0.395,3.0,6.2,0.486,0.551,1.2,1.4,0.81,0.5,3.5,4.0,4.7,2.1,0.9,2.1,2.8,18.5,
62.0,Jaime Jaquez Jr.,24.0,MIA,SF,74.0,1.0,2096.0,7.8,15.4,0.503,1.0,3.1,0.317,6.8,12.3,0.55,0.535,2.8,3.7,0.771,1.6,4.8,6.4,6.0,0.9,0.4,2.6,2.4,19.3,
63.0,Duncan Robinson,31.0,DET,SF,76.0,76.0,2091.0,5.4,11.9,0.453,3.8,9.2,0.41,1.6,2.7,0.597,0.611,1.4,1.9,0.755,0.5,3.0,3.5,2.7,0.8,0.4,0.9,2.9,16.0,
64.0,Kawhi Leonard,34.0,LAC,SF,65.0,65.0,2085.0,11.0,21.7,0.505,3.0,7.7,0.387,8.0,14.0,0.569,0.573,6.4,7.2,0.892,1.2,5.9,7.1,4.0,2.1,0.5,2.3,1.3,31.3,AS
65.0,Evan Mobley,24.0,CLE,PF,65.0,63.0,2074.0,8.1,14.9,0.546,1.1,3.6,0.297,7.1,11.3,0.626,0.582,3.1,5.2,0.606,2.7,7.5,10.2,4.1,0.8,2.0,2.1,2.8,20.5,
66.0,Jeremiah Fears,19.0,NOP,PG,81.0,48.0,2071.0,7.4,17.0,0.435,1.8,5.2,0.336,5.6,11.8,0.479,0.486,3.2,4.0,0.784,1.0,4.1,5.0,4.8,1.7,0.5,3.1,2.6,19.7,
67.0,Donovan Clingan,21.0,POR,C,76.0,76.0,2070.0,6.1,11.7,0.519,1.4,4.2,0.34,4.6,7.5,0.621,0.581,2.4,3.5,0.68,5.9,9.4,15.3,2.8,0.8,2.2,1.6,3.1,16.0,
68.0,Pascal Siakam,31.0,IND,PF,62.0,62.0,2057.0,9.8,20.2,0.484,1.8,5.1,0.358,7.9,15.1,0.527,0.529,4.6,6.6,0.693,1.6,5.6,7.2,4.1,1.2,0.4,2.4,2.6,26.0,AS
69.0,Cason Wallace,22.0,OKC,SG,77.0,58.0,2046.0,4.4,10.3,0.432,1.8,5.1,0.351,2.7,5.2,0.51,0.518,1.0,1.2,0.809,1.1,3.1,4.2,3.5,2.6,0.5,1.3,2.7,11.6,
70.0,Jake LaRavia,24.0,LAL,PF,81.0,43.0,2037.0,4.2,9.2,0.46,1.4,4.3,0.322,2.8,4.9,0.579,0.535,2.1,2.7,0.763,2.1,3.6,5.7,2.5,1.8,0.7,1.5,3.5,11.9,
71.0,Andrew Wiggins,30.0,MIA,SF,67.0,67.0,2037.0,6.9,14.4,0.479,2.4,5.8,0.419,4.4,8.5,0.52,0.564,2.2,2.8,0.781,2.0,3.8,5.8,3.2,1.3,1.2,1.8,2.7,18.4,
72.0,Devin Vassell,25.0,SAS,SG,66.0,64.0,2011.0,5.8,13.3,0.435,2.9,7.6,0.384,2.9,5.7,0.503,0.545,1.9,2.3,0.813,0.7,4.1,4.7,3.0,1.0,0.4,1.0,1.9,16.3,
73.0,Stephon Castle,21.0,SAS,PG,67.0,66.0,2008.0,6.8,14.5,0.473,1.4,4.3,0.328,5.4,10.1,0.535,0.522,5.0,6.8,0.737,1.7,4.6,6.3,8.8,1.4,0.3,3.9,3.9,20.1,
74.0,Naz Reid,26.0,MIN,C,77.0,3.0,2007.0,7.1,15.6,0.456,2.9,8.0,0.362,4.2,7.6,0.556,0.549,1.6,2.2,0.732,1.6,6.9,8.6,3.0,1.4,1.4,2.3,3.5,18.8,
75.0,Chet Holmgren,23.0,OKC,PF,69.0,69.0,1997.0,7.8,14.0,0.557,1.6,4.4,0.362,6.2,9.7,0.646,0.614,4.1,5.1,0.792,2.3,8.7,11.1,2.1,0.8,2.4,1.9,2.8,21.3,AS
76.0,Josh Hart,30.0,NYK,SF,66.0,52.0,1994.0,5.4,10.7,0.508,1.8,4.4,0.413,3.6,6.3,0.574,0.593,1.6,2.3,0.72,1.7,7.1,8.8,5.7,1.4,0.3,2.3,3.0,14.3,
77.0,LaMelo Ball,24.0,CHO,PG,71.0,68.0,1988.0,9.0,22.2,0.407,4.8,13.1,0.369,4.2,9.1,0.463,0.516,2.9,3.2,0.899,1.1,5.0,6.2,9.2,1.5,0.3,3.6,3.5,25.8,
78.0,Derik Queen,21.0,NOP,C,80.0,47.0,1982.0,6.2,13.1,0.476,0.4,1.6,0.256,5.8,11.5,0.506,0.492,3.8,4.8,0.792,2.3,7.6,10.0,5.3,1.5,1.3,3.4,3.8,16.7,
79.0,Jalen Duren,22.0,DET,C,70.0,70.0,1976.0,9.5,14.6,0.65,0.0,0.0,,9.5,14.6,0.65,0.65,5.8,7.8,0.747,4.8,8.6,13.4,2.5,1.0,1.1,2.4,3.6,24.9,AS
80.0,Davion Mitchell,27.0,MIA,PG,69.0,69.0,1975.0,4.7,9.6,0.486,1.6,4.1,0.389,3.1,5.5,0.558,0.569,0.8,1.2,0.646,0.6,2.8,3.4,8.2,1.2,0.2,2.0,3.3,11.7,
81.0,LeBron James,41.0,LAL,SF,59.0,59.0,1972.0,8.5,16.5,0.517,1.4,4.4,0.321,7.1,12.1,0.587,0.559,4.1,5.6,0.735,0.8,5.8,6.6,7.8,1.3,0.6,3.2,1.5,22.6,AS
82.0,Bruce Brown,29.0,DEN,SG,81.0,3.0,1970.0,4.4,9.4,0.469,1.0,2.7,0.388,3.4,6.7,0.501,0.524,1.8,2.3,0.762,1.6,4.2,5.7,3.1,1.5,0.4,1.6,3.5,11.6,
83.0,Harrison Barnes,33.0,SAS,PF,76.0,52.0,1961.0,4.7,10.4,0.456,2.5,6.5,0.388,2.2,3.9,0.569,0.577,1.9,2.3,0.829,1.1,2.8,3.9,2.7,0.9,0.2,1.1,1.6,13.8,
84.0,Ace Bailey,19.0,UTA,SF,71.0,60.0,1958.0,7.1,16.0,0.445,2.5,7.2,0.35,4.6,8.9,0.523,0.524,1.2,1.6,0.767,1.9,3.6,5.5,2.4,1.1,0.9,1.9,3.5,18.0,
85.0,Jarace Walker,22.0,IND,PF,76.0,41.0,1953.0,5.7,13.5,0.419,2.5,6.6,0.374,3.2,6.9,0.462,0.51,2.5,3.4,0.749,0.9,6.3,7.2,3.5,1.2,0.5,2.6,2.3,16.3,
86.0,Brandon Miller,23.0,CHO,SF,64.0,64.0,1941.0,8.3,19.1,0.435,3.7,9.7,0.383,4.6,9.4,0.489,0.532,3.6,4.0,0.894,1.3,4.6,5.9,4.0,1.2,0.8,3.0,3.3,24.0,
87.0,Sam Hauser,28.0,BOS,PF,78.0,49.0,1934.0,4.7,11.2,0.419,3.7,9.4,0.393,1.0,1.8,0.557,0.584,0.3,0.4,0.85,1.0,4.5,5.6,2.1,0.7,0.4,0.7,2.1,13.4,
88.0,Deandre Ayton,27.0,LAL,C,71.0,71.0,1933.0,7.3,10.9,0.67,0.0,0.0,,7.3,10.9,0.67,0.67,1.7,2.6,0.64,3.4,7.1,10.5,1.1,0.8,1.2,1.5,2.9,16.3,
89.0,Maxime Raynaud,22.0,SAC,C,73.0,55.0,1927.0,7.0,12.3,0.569,0.4,1.3,0.3,6.6,11.0,0.601,0.585,2.4,3.1,0.78,2.6,7.6,10.2,1.8,0.7,0.7,1.7,3.2,16.8,
90.0,Neemias Queta,26.0,BOS,C,76.0,75.0,1926.0,6.1,9.3,0.653,0.0,0.1,0.125,6.1,9.2,0.662,0.654,2.3,3.3,0.703,4.3,7.6,11.9,2.4,1.1,1.9,1.4,4.0,14.5,
91.0,Nic Claxton,26.0,BRK,C,69.0,68.0,1920.0,6.2,10.9,0.571,0.1,0.4,0.158,6.2,10.6,0.585,0.574,2.6,4.3,0.616,3.2,5.8,9.0,4.7,0.8,1.4,1.8,3.0,15.2,
92.0,Myles Turner,29.0,MIL,C,71.0,71.0,1912.0,5.3,12.2,0.44,2.8,7.2,0.383,2.6,4.9,0.523,0.553,2.5,3.3,0.74,1.4,5.7,7.1,1.9,0.9,2.2,1.6,3.5,15.9,
93.0,Rui Hachimura,27.0,LAL,PF,67.0,40.0,1898.0,5.7,11.1,0.511,2.1,4.9,0.44,3.5,6.2,0.567,0.608,0.9,1.3,0.691,0.7,3.4,4.1,1.1,0.7,0.4,0.8,2.0,14.4,
94.0,Anthony Black,22.0,ORL,PG,63.0,40.0,1891.0,6.5,14.5,0.446,1.9,5.6,0.334,4.6,8.9,0.516,0.51,3.2,4.3,0.732,0.9,3.7,4.6,4.5,1.7,0.8,2.5,3.2,18.0,
95.0,Keldon Johnson,26.0,SAS,SF,81.0,0.0,1890.0,7.8,15.0,0.52,1.8,5.1,0.362,5.9,9.8,0.602,0.582,2.9,3.6,0.798,2.6,5.7,8.3,2.1,0.9,0.2,1.3,3.0,20.2,
96.0,Ayo Dosunmu,26.0,2TM,SG,69.0,19.0,1881.0,7.4,14.3,0.517,2.4,5.4,0.439,5.0,8.9,0.563,0.599,2.4,2.8,0.876,0.9,3.6,4.5,4.8,1.1,0.3,1.8,2.5,19.6,
96.0,Ayo Dosunmu,26.0,CHI,SG,45.0,10.0,1187.0,7.6,14.7,0.514,2.6,5.9,0.451,4.9,8.9,0.556,0.604,2.7,3.2,0.857,1.0,3.1,4.1,5.0,1.0,0.4,1.9,2.4,20.5,
96.0,Ayo Dosunmu,26.0,MIN,SG,24.0,9.0,694.0,7.1,13.5,0.521,1.9,4.5,0.414,5.2,9.0,0.575,0.59,1.9,2.1,0.925,0.7,4.5,5.2,4.4,1.2,0.3,1.8,2.7,17.9,
97.0,Tristan Da Silva,24.0,ORL,SF,76.0,34.0,1876.0,5.3,11.8,0.45,2.3,6.1,0.376,3.0,5.7,0.529,0.547,1.6,1.8,0.882,1.1,4.2,5.3,2.3,1.3,0.5,1.3,2.2,14.5,
98.0,Ausar Thompson,23.0,DET,SF,72.0,71.0,1874.0,5.8,11.0,0.524,0.1,0.5,0.25,5.6,10.5,0.536,0.529,2.1,3.6,0.571,2.9,5.1,7.9,4.3,2.8,1.3,2.1,3.7,13.7,
99.0,Moussa Diabaté,24.0,CHO,C,72.0,46.0,1873.0,4.4,6.9,0.631,0.0,0.0,0.5,4.3,6.9,0.631,0.632,2.2,3.4,0.659,5.2,6.9,12.0,2.7,1.1,1.3,1.4,3.4,11.0,
100.0,Draymond Green,35.0,GSW,PF,68.0,68.0,1869.0,3.9,9.5,0.418,1.9,6.0,0.326,2.0,3.5,0.575,0.52,1.1,1.6,0.702,1.1,6.2,7.2,7.2,1.2,0.8,3.5,3.8,11.0,
101.0,Victor Wembanyama,22.0,SAS,C,64.0,55.0,1866.0,10.7,20.8,0.512,2.4,6.8,0.349,8.3,14.1,0.59,0.569,7.2,8.7,0.827,2.5,11.7,14.2,3.8,1.3,3.8,3.0,3.0,30.9,AS
102.0,Russell Westbrook,37.0,SAC,SF,64.0,58.0,1853.0,7.0,16.3,0.427,2.5,7.4,0.338,4.5,8.9,0.5,0.503,2.5,3.6,0.694,1.6,5.2,6.8,8.3,1.6,0.2,4.1,2.9,18.9,
103.0,John Collins,28.0,LAC,PF,68.0,55.0,1851.0,6.9,12.6,0.55,1.7,4.2,0.41,5.2,8.4,0.621,0.619,2.3,3.0,0.763,2.1,4.8,7.0,1.4,1.2,1.0,1.8,3.5,17.8,
104.0,Pelle Larsson,24.0,MIA,SG,70.0,54.0,1849.0,5.4,10.9,0.496,1.2,3.7,0.323,4.2,7.1,0.586,0.551,3.6,4.5,0.797,1.3,3.4,4.8,4.6,1.0,0.3,2.0,2.9,15.6,
105.0,Nique Clifford,23.0,SAC,SG,74.0,27.0,1843.0,4.7,11.4,0.41,1.5,4.5,0.335,3.2,6.9,0.459,0.476,1.3,1.8,0.71,1.3,4.1,5.4,3.4,1.3,0.4,2.2,3.0,12.1,
106.0,Zion Williamson,25.0,NOP,PF,62.0,55.0,1841.0,9.5,15.8,0.6,0.0,0.1,0.25,9.4,15.7,0.601,0.6,6.5,9.1,0.716,2.4,4.5,6.9,3.9,1.2,0.7,2.5,2.8,25.5,
107.0,Jamal Shead,23.0,TOR,PG,81.0,12.0,1832.0,3.6,9.8,0.365,1.7,5.1,0.323,1.9,4.7,0.412,0.45,1.8,2.3,0.784,0.5,2.3,2.8,8.6,1.5,0.3,2.2,3.1,10.6,
108.0,Luguentz Dort,26.0,OKC,SF,68.0,68.0,1829.0,3.9,10.2,0.386,2.5,7.2,0.343,1.5,3.0,0.49,0.508,0.9,1.1,0.759,1.1,3.7,4.8,1.7,1.2,0.5,1.1,3.5,11.2,
109.0,Sion James,23.0,CHO,SG,81.0,19.0,1822.0,2.7,7.2,0.369,1.6,4.6,0.351,1.1,2.7,0.4,0.48,1.6,1.9,0.837,1.0,4.6,5.6,3.2,1.0,0.4,1.2,2.9,8.6,
110.0,Jaylen Wells,22.0,MEM,SG,69.0,69.0,1821.0,6.0,13.8,0.431,2.6,7.2,0.353,3.4,6.6,0.517,0.524,2.6,3.4,0.784,1.2,3.1,4.3,2.2,1.2,0.2,1.5,2.9,17.1,
111.0,Nikola Vučević,35.0,2TM,C,64.0,49.0,1818.0,7.8,15.8,0.493,2.0,5.4,0.369,5.8,10.5,0.557,0.556,1.5,1.8,0.828,2.5,8.2,10.6,4.2,0.8,0.8,1.7,2.5,19.1,
111.0,Nikola Vučević,35.0,CHI,C,48.0,48.0,1480.0,8.1,16.1,0.505,2.0,5.3,0.376,6.1,10.8,0.568,0.567,1.5,1.8,0.838,2.4,8.1,10.5,4.4,0.8,0.8,1.7,2.4,19.7,
111.0,Nikola Vučević,35.0,BOS,C,16.0,1.0,338.0,6.5,14.8,0.439,1.9,5.6,0.34,4.6,9.2,0.5,0.504,1.6,2.0,0.789,2.7,8.6,11.3,3.4,0.7,1.1,1.7,3.2,16.5,
112.0,Kyle Kuzma,30.0,MIL,PF,69.0,43.0,1806.0,6.8,13.7,0.492,1.7,4.8,0.347,5.1,9.0,0.569,0.552,2.7,3.7,0.726,1.1,5.1,6.2,3.7,0.9,0.6,2.4,2.7,17.9,
113.0,Kyle Filipowski,22.0,UTA,C,77.0,41.0,1801.0,6.5,13.1,0.492,1.5,4.6,0.325,5.0,8.6,0.58,0.548,3.2,4.2,0.75,2.9,8.2,11.0,4.0,1.5,0.8,2.5,4.6,17.6,
114.0,Oso Ighodaro,23.0,PHO,PF,81.0,23.0,1795.0,4.8,7.3,0.656,0.0,0.0,0.0,4.8,7.3,0.657,0.656,1.1,2.3,0.453,2.7,5.5,8.3,3.6,1.5,1.1,2.0,4.4,10.6,
115.0,Andrew Nembhard,26.0,IND,PG,57.0,57.0,1786.0,6.7,15.2,0.442,2.2,6.0,0.361,4.6,9.2,0.495,0.513,3.9,4.7,0.825,0.5,2.7,3.2,8.8,1.0,0.2,2.8,2.5,19.5,
116.0,Keyonte George,22.0,UTA,PG,54.0,54.0,1786.0,8.1,17.8,0.456,2.7,7.3,0.371,5.4,10.5,0.515,0.532,6.8,7.6,0.892,0.5,3.5,4.0,6.7,1.2,0.3,3.3,2.4,25.7,
117.0,Noah Clowney,21.0,BRK,PF,66.0,60.0,1780.0,5.1,12.8,0.396,2.6,7.9,0.329,2.4,4.8,0.506,0.498,3.6,4.5,0.804,1.1,4.5,5.5,2.2,1.0,0.9,2.1,3.4,16.4,
118.0,Austin Reaves,27.0,LAL,SG,51.0,45.0,1762.0,7.6,15.6,0.49,2.4,6.7,0.36,5.2,8.9,0.588,0.567,6.6,7.6,0.871,0.7,4.2,4.9,5.7,1.1,0.4,3.1,2.2,24.3,
119.0,Jaylon Tyson,23.0,CLE,SG,65.0,41.0,1752.0,6.7,13.4,0.495,2.7,6.0,0.447,4.0,7.5,0.534,0.595,1.6,2.1,0.738,2.4,4.4,6.8,3.0,1.1,0.6,2.0,3.3,17.5,
120.0,Brice Sensabaugh,22.0,UTA,SF,74.0,22.0,1749.0,8.0,17.4,0.46,3.3,8.9,0.366,4.8,8.5,0.559,0.554,3.3,4.0,0.831,1.2,3.6,4.7,2.9,1.1,0.2,2.5,2.9,22.7,
121.0,Marcus Smart,31.0,LAL,SG,61.0,53.0,1743.0,3.9,9.7,0.399,2.0,5.9,0.333,1.9,3.7,0.503,0.501,2.1,2.6,0.819,0.7,2.8,3.5,3.6,1.8,0.5,1.8,3.3,11.9,
122.0,P.J. Washington,27.0,DAL,PF,56.0,53.0,1736.0,6.1,13.6,0.45,1.6,4.9,0.325,4.6,8.8,0.519,0.508,2.6,3.8,0.687,1.7,6.4,8.2,2.0,1.1,1.2,1.9,2.5,16.4,
123.0,Sandro Mamukelashvili,26.0,TOR,C,79.0,13.0,1733.0,6.8,13.0,0.521,2.4,6.1,0.388,4.4,6.9,0.639,0.612,2.5,3.3,0.747,2.2,5.9,8.1,3.1,1.3,0.9,1.4,3.0,18.4,
124.0,Tre Jones,26.0,CHI,PG,64.0,40.0,1733.0,7.0,12.6,0.558,0.9,2.6,0.323,6.2,10.0,0.62,0.592,4.0,4.7,0.841,0.8,3.4,4.2,7.2,1.6,0.2,1.9,1.9,18.9,
125.0,Josh Giddey,23.0,CHI,PG,54.0,51.0,1731.0,6.7,14.9,0.448,2.1,5.9,0.364,4.5,9.0,0.502,0.52,3.6,4.7,0.763,1.4,7.9,9.3,10.3,1.1,0.6,4.1,1.9,19.1,
126.0,Tobias Harris,33.0,DET,PF,62.0,62.0,1724.0,6.3,13.5,0.464,1.6,4.6,0.356,4.6,8.9,0.519,0.524,2.8,3.2,0.865,1.1,5.5,6.7,3.3,1.1,0.5,1.3,2.2,17.0,
127.0,Cam Spencer,25.0,MEM,SG,72.0,20.0,1714.0,5.5,11.7,0.473,3.1,6.8,0.449,2.5,4.9,0.506,0.604,2.6,2.8,0.94,0.8,3.0,3.8,8.4,1.1,0.2,2.0,2.2,16.8,
128.0,Precious Achiuwa,26.0,SAC,C,72.0,56.0,1710.0,6.4,12.1,0.53,0.6,2.0,0.287,5.9,10.2,0.578,0.554,1.5,2.7,0.547,3.6,6.5,10.1,2.0,1.4,1.0,1.3,2.6,14.9,
129.0,Dillon Brooks,30.0,PHO,SF,56.0,56.0,1702.0,8.8,20.3,0.435,2.7,7.8,0.344,6.1,12.5,0.492,0.501,3.6,4.3,0.842,0.9,3.4,4.3,2.1,1.2,0.2,2.1,3.9,23.9,
130.0,RJ Barrett,25.0,TOR,SF,56.0,56.0,1697.0,8.3,17.0,0.489,2.0,5.9,0.338,6.3,11.1,0.57,0.548,4.1,5.7,0.719,1.1,5.2,6.3,4.0,0.9,0.4,2.1,3.0,22.7,
131.0,Dennis Schröder,32.0,2TM,PG,70.0,17.0,1697.0,5.4,13.3,0.405,1.6,4.8,0.329,3.8,8.5,0.449,0.465,3.6,4.3,0.834,0.7,3.3,4.0,7.2,1.2,0.2,2.6,2.3,16.0,
131.0,Dennis Schröder,32.0,SAC,PG,40.0,14.0,1056.0,5.9,14.4,0.408,1.9,5.7,0.343,3.9,8.7,0.449,0.475,3.7,4.5,0.82,0.7,3.4,4.2,7.2,1.1,0.2,2.7,2.3,17.4,
131.0,Dennis Schröder,32.0,CLE,PG,30.0,3.0,641.0,4.7,11.6,0.401,1.0,3.5,0.29,3.7,8.1,0.448,0.444,3.5,4.0,0.861,0.6,3.2,3.8,7.3,1.3,0.3,2.5,2.4,13.8,
132.0,Jay Huff,27.0,IND,C,81.0,47.0,1695.0,6.1,12.8,0.476,2.5,7.8,0.318,3.6,5.0,0.723,0.573,1.7,2.0,0.823,1.5,5.3,6.8,2.5,0.8,3.1,1.6,4.0,16.4,
133.0,Isaac Okoro,25.0,CHI,SG,63.0,62.0,1695.0,4.5,9.7,0.46,1.6,4.7,0.33,2.9,5.1,0.58,0.539,1.9,2.4,0.795,1.5,2.2,3.7,2.1,1.0,0.6,1.0,3.4,12.4,
134.0,Jerami Grant,31.0,POR,PF,57.0,38.0,1695.0,7.0,15.5,0.453,2.9,7.4,0.389,4.1,8.1,0.513,0.547,5.6,6.8,0.814,1.2,3.0,4.2,2.6,0.9,0.8,2.5,3.0,22.5,
135.0,Norman Powell,32.0,MIA,SG,57.0,52.0,1694.0,8.8,18.7,0.47,3.3,8.6,0.38,5.5,10.1,0.547,0.558,5.5,6.6,0.824,0.4,3.8,4.3,3.0,1.3,0.3,2.4,2.7,26.3,AS
136.0,Michael Porter Jr.,27.0,BRK,SF,52.0,52.0,1689.0,9.5,20.4,0.463,3.8,10.3,0.363,5.7,10.1,0.567,0.555,4.2,4.8,0.859,1.5,6.4,7.8,3.4,1.2,0.3,2.6,2.5,26.8,
137.0,Kel'el Ware,21.0,MIA,C,76.0,33.0,1675.0,7.3,13.8,0.528,1.9,4.9,0.386,5.4,8.9,0.607,0.597,1.5,2.0,0.755,4.6,10.1,14.8,1.2,1.2,1.8,1.3,2.5,17.9,
138.0,Luke Kennard,29.0,2TM,SG,77.0,5.0,1670.0,5.1,9.5,0.532,2.5,5.3,0.478,2.5,4.2,0.599,0.664,1.3,1.4,0.925,0.7,3.2,3.9,3.7,1.2,0.2,1.3,2.2,14.0,
138.0,Luke Kennard,29.0,ATL,SG,46.0,0.0,944.0,4.9,9.2,0.538,2.8,5.7,0.497,2.1,3.5,0.604,0.692,1.2,1.3,0.914,0.7,3.1,3.8,3.7,1.3,0.2,1.2,2.0,13.9,
138.0,Luke Kennard,29.0,LAL,SG,31.0,5.0,726.0,5.3,10.0,0.525,2.1,4.8,0.448,3.1,5.3,0.594,0.631,1.5,1.6,0.938,0.6,3.5,4.1,3.8,1.1,0.1,1.3,2.3,14.1,
139.0,Dominick Barlow,22.0,PHI,PF,70.0,59.0,1669.0,4.6,8.6,0.537,0.5,1.8,0.256,4.1,6.8,0.61,0.563,2.0,2.7,0.717,2.9,4.4,7.3,1.8,1.3,1.1,1.2,3.1,11.6,
140.0,Cameron Johnson,29.0,DEN,SF,54.0,54.0,1647.0,5.0,10.4,0.48,2.4,5.6,0.43,2.6,4.8,0.539,0.596,2.1,2.4,0.839,0.9,3.6,4.5,2.9,0.9,0.5,1.0,2.7,14.4,
141.0,Bobby Portis,30.0,MIL,PF,67.0,9.0,1619.0,8.1,16.7,0.488,3.0,6.6,0.456,5.1,10.1,0.509,0.578,1.1,1.5,0.706,2.0,7.5,9.5,2.3,0.9,0.3,1.5,2.4,20.3,
142.0,Brook Lopez,37.0,LAC,C,74.0,39.0,1613.0,5.1,11.9,0.429,2.5,7.0,0.361,2.6,4.9,0.525,0.535,1.2,1.7,0.757,1.0,4.9,5.9,2.2,1.0,1.9,1.3,3.3,14.0,
143.0,Will Riley,19.0,WAS,SF,73.0,17.0,1598.0,6.1,13.7,0.443,1.8,5.5,0.32,4.3,8.2,0.526,0.507,3.2,4.0,0.798,1.3,3.4,4.7,3.2,1.2,0.2,2.1,2.0,17.1,
144.0,Cedric Coward,22.0,MEM,SG,62.0,47.0,1598.0,6.9,14.6,0.471,2.1,6.2,0.338,4.8,8.4,0.568,0.542,3.2,3.7,0.843,1.9,6.3,8.2,3.9,0.9,0.6,2.4,2.8,19.0,
145.0,Peyton Watson,23.0,DEN,SF,54.0,40.0,1598.0,6.4,13.1,0.491,1.8,4.4,0.411,4.6,8.7,0.531,0.56,3.1,4.3,0.73,1.1,4.8,5.9,2.5,1.1,1.4,2.1,3.1,17.8,
146.0,Cody Williams,21.0,UTA,SG,66.0,40.0,1591.0,5.3,11.2,0.472,0.6,2.9,0.217,4.6,8.3,0.562,0.5,1.8,2.6,0.696,1.4,3.1,4.4,3.0,1.1,0.6,1.6,2.7,13.0,
147.0,Herbert Jones,27.0,NOP,SF,56.0,56.0,1588.0,4.1,10.8,0.383,1.8,5.9,0.309,2.3,5.0,0.47,0.467,1.1,1.4,0.806,1.1,3.2,4.3,3.5,2.0,0.6,1.7,4.0,11.2,
148.0,Bennedict Mathurin,23.0,2TM,SF,53.0,25.0,1588.0,6.4,15.0,0.43,1.7,5.2,0.316,4.8,9.7,0.492,0.486,6.5,7.5,0.873,1.2,5.3,6.4,2.7,1.0,0.3,2.6,3.0,21.1,
148.0,Bennedict Mathurin,23.0,IND,SF,28.0,24.0,891.0,6.3,14.5,0.433,2.3,6.3,0.372,3.9,8.2,0.48,0.514,5.2,5.9,0.884,0.9,5.2,6.1,2.5,0.7,0.2,2.6,3.1,20.1,
148.0,Bennedict Mathurin,23.0,LAC,SF,25.0,1.0,697.0,6.7,15.6,0.427,0.8,3.9,0.2,5.9,11.7,0.502,0.452,8.2,9.5,0.864,1.5,5.4,6.9,3.0,1.3,0.4,2.7,3.0,22.3,
149.0,Collin Sexton,27.0,2TM,SG,67.0,21.0,1585.0,8.0,16.5,0.485,2.5,6.3,0.399,5.5,10.2,0.538,0.561,4.9,5.7,0.854,0.9,2.5,3.5,5.0,1.7,0.2,3.2,3.2,23.4,
149.0,Collin Sexton,27.0,CHO,SG,42.0,12.0,938.0,7.8,15.9,0.488,2.2,5.6,0.393,5.6,10.3,0.539,0.557,5.2,5.9,0.877,0.7,2.4,3.1,6.0,1.4,0.3,3.4,2.9,22.9,
149.0,Collin Sexton,27.0,CHI,SG,25.0,9.0,647.0,8.3,17.4,0.481,3.0,7.4,0.406,5.3,10.0,0.536,0.567,4.5,5.5,0.818,1.2,2.8,4.0,3.6,2.2,0.2,2.9,3.7,24.2,
150.0,Jordan Goodwin,27.0,PHO,PG,70.0,10.0,1572.0,5.2,12.7,0.413,2.6,6.9,0.371,2.7,5.8,0.462,0.514,0.9,1.3,0.696,3.2,4.6,7.8,3.5,2.4,0.3,1.6,3.0,13.9,
151.0,Kelly Oubre Jr.,30.0,PHI,SF,49.0,40.0,1551.0,5.8,12.4,0.466,2.0,5.5,0.364,3.8,7.0,0.547,0.547,2.5,3.3,0.761,1.2,4.6,5.7,1.8,1.5,0.6,1.6,2.9,16.1,
152.0,Dylan Harper,19.0,SAS,SG,68.0,4.0,1540.0,7.6,15.1,0.505,1.4,4.1,0.345,6.2,11.0,0.566,0.553,2.1,2.8,0.754,1.2,4.2,5.4,6.2,1.2,0.6,2.3,3.2,18.8,
153.0,Moses Moody,23.0,GSW,SG,60.0,49.0,1540.0,5.7,13.0,0.44,3.5,8.8,0.401,2.2,4.2,0.522,0.575,2.0,2.6,0.77,1.2,3.5,4.7,2.3,1.4,0.8,1.3,2.9,17.0,
154.0,Jalen Suggs,24.0,ORL,PG,56.0,55.0,1536.0,6.4,14.8,0.434,2.7,8.1,0.333,3.7,6.7,0.554,0.525,2.3,2.7,0.855,0.8,4.2,5.0,7.2,2.4,0.9,3.5,3.4,17.9,
155.0,Ron Holland,20.0,DET,SF,77.0,5.0,1530.0,5.5,12.7,0.434,1.2,4.6,0.253,4.4,8.1,0.536,0.48,2.8,3.5,0.805,2.0,5.3,7.3,2.2,2.2,0.6,2.2,4.2,15.0,
156.0,Terance Mann,29.0,BRK,SG,63.0,51.0,1529.0,4.0,8.7,0.457,1.3,3.6,0.364,2.6,5.0,0.523,0.533,1.5,1.9,0.788,1.6,3.1,4.7,4.5,1.0,0.4,1.7,3.6,10.7,
157.0,Kevin Huerter,27.0,2TM,SG,68.0,14.0,1529.0,6.2,13.8,0.451,2.3,7.5,0.305,3.9,6.3,0.623,0.533,1.2,1.6,0.768,0.8,4.8,5.6,4.1,1.4,0.8,1.7,2.7,16.0,
157.0,Kevin Huerter,27.0,CHI,SF,44.0,11.0,1037.0,6.4,14.0,0.455,2.4,7.7,0.314,4.0,6.3,0.63,0.542,1.4,1.9,0.732,0.8,5.1,5.9,4.0,1.2,0.9,1.7,3.0,16.6,
157.0,Kevin Huerter,27.0,DET,SG,24.0,3.0,492.0,5.9,13.3,0.44,2.0,7.0,0.284,3.9,6.4,0.609,0.514,0.9,1.0,0.923,0.8,4.2,5.0,4.3,1.8,0.5,1.7,2.2,14.6,
158.0,Jrue Holiday,35.0,POR,PG,52.0,50.0,1528.0,7.4,16.3,0.452,3.2,8.3,0.381,4.2,7.9,0.525,0.549,2.0,2.3,0.838,1.6,4.0,5.6,7.5,1.3,0.1,3.3,1.8,19.8,
159.0,Tari Eason,24.0,HOU,PF,59.0,33.0,1525.0,5.5,13.3,0.414,2.2,6.0,0.361,3.3,7.3,0.458,0.496,1.2,1.5,0.766,2.9,5.8,8.7,2.1,1.7,0.7,1.9,3.2,14.3,
160.0,Jarrett Allen,27.0,CLE,C,56.0,56.0,1519.0,8.0,12.5,0.638,0.0,0.2,0.1,8.0,12.3,0.649,0.639,4.4,6.2,0.709,3.4,7.9,11.3,2.4,1.3,1.1,1.8,2.3,20.4,
161.0,Isaiah Collier,21.0,UTA,PG,59.0,19.0,1517.0,6.1,12.2,0.495,0.6,2.4,0.27,5.4,9.8,0.549,0.521,3.6,5.0,0.722,0.5,3.1,3.6,10.0,1.6,0.5,3.5,3.3,16.3,
162.0,Isaiah Joe,26.0,OKC,SG,71.0,9.0,1507.0,5.9,13.0,0.455,4.3,10.2,0.423,1.6,2.7,0.574,0.622,2.6,2.9,0.894,0.8,3.5,4.3,2.2,1.2,0.3,1.1,2.9,18.8,
163.0,Jock Landale,30.0,2TM,C,68.0,27.0,1506.0,6.7,13.1,0.515,1.8,4.6,0.383,5.0,8.5,0.586,0.582,1.9,3.0,0.635,4.4,4.9,9.3,2.7,0.8,0.9,1.4,3.6,17.2,
163.0,Jock Landale,30.0,MEM,C,45.0,25.0,1060.0,6.8,13.2,0.514,1.7,4.4,0.38,5.1,8.8,0.581,0.577,2.0,3.0,0.674,4.8,5.1,9.9,2.5,0.8,0.7,1.6,3.5,17.3,
163.0,Jock Landale,30.0,ATL,C,23.0,2.0,446.0,6.6,12.8,0.516,2.0,5.2,0.391,4.6,7.7,0.6,0.594,1.6,3.0,0.541,3.4,4.3,7.7,3.2,0.8,1.1,1.1,3.9,16.9,
164.0,Klay Thompson,35.0,DAL,SF,68.0,8.0,1487.0,6.8,17.4,0.393,4.8,12.5,0.382,2.0,4.8,0.42,0.531,0.9,1.1,0.766,0.4,3.0,3.5,2.3,0.8,0.5,1.5,1.7,19.3,
165.0,Zaccharie Risacher,20.0,ATL,SF,66.0,45.0,1479.0,5.8,12.9,0.453,2.3,6.2,0.369,3.5,6.6,0.531,0.542,1.4,2.2,0.644,1.7,4.4,6.0,1.8,1.4,0.9,1.3,3.6,15.3,
166.0,Keon Ellis,26.0,2TM,SG,72.0,11.0,1478.0,4.1,9.4,0.44,2.2,6.1,0.363,1.9,3.2,0.586,0.559,1.2,1.7,0.729,0.9,2.4,3.3,1.8,2.0,1.1,1.0,3.3,11.7,
166.0,Keon Ellis,26.0,SAC,SG,43.0,5.0,758.0,3.9,9.9,0.397,2.5,6.8,0.368,1.4,3.1,0.462,0.524,0.9,1.5,0.625,0.7,1.9,2.6,1.2,2.2,1.0,1.0,3.3,11.4,
166.0,Keon Ellis,26.0,CLE,SG,29.0,6.0,720.0,4.3,8.7,0.491,1.9,5.3,0.355,2.4,3.4,0.706,0.6,1.5,1.9,0.816,1.1,2.9,4.0,2.3,1.8,1.2,1.0,3.2,12.0,
167.0,Ajay Mitchell,23.0,OKC,SG,57.0,16.0,1473.0,7.0,14.4,0.485,1.5,4.3,0.347,5.5,10.1,0.543,0.536,3.4,4.0,0.87,1.0,3.7,4.6,5.0,1.7,0.4,2.0,2.9,18.9,
168.0,Bilal Coulibaly,21.0,WAS,SG,56.0,56.0,1468.0,5.6,13.3,0.425,1.6,5.0,0.319,4.0,8.3,0.49,0.485,3.2,4.3,0.746,1.2,4.8,6.0,3.6,1.8,1.3,2.0,3.2,16.1,
169.0,Grayson Allen,30.0,PHO,SG,51.0,27.0,1467.0,6.6,16.4,0.403,3.9,11.2,0.349,2.7,5.2,0.519,0.522,3.5,4.1,0.857,0.9,2.9,3.8,4.8,1.7,0.3,2.0,2.9,20.6,
170.0,Brandon Williams,26.0,DAL,PG,66.0,15.0,1463.0,7.2,15.2,0.472,0.9,3.8,0.232,6.3,11.4,0.552,0.501,5.9,7.5,0.793,0.7,4.0,4.7,6.3,1.5,0.5,3.1,2.5,21.1,
171.0,Ryan Kalkbrenner,24.0,CHO,C,68.0,31.0,1459.0,5.3,7.1,0.749,0.0,0.1,0.0,5.3,7.0,0.762,0.749,2.0,2.8,0.713,4.1,5.1,9.2,1.3,0.8,2.5,1.5,2.6,12.6,
172.0,Shaedon Sharpe,22.0,POR,SG,49.0,42.0,1454.0,9.6,21.2,0.454,2.6,7.5,0.341,7.1,13.7,0.515,0.514,3.8,4.8,0.784,1.2,4.1,5.3,3.2,1.7,0.1,3.6,2.4,25.6,
173.0,Jaren Jackson Jr.,26.0,2TM,C,48.0,48.0,1454.0,8.5,17.8,0.476,2.1,5.8,0.357,6.4,12.0,0.533,0.534,4.0,5.0,0.803,1.0,5.7,6.7,2.3,1.3,1.7,2.6,4.4,23.1,
173.0,Jaren Jackson Jr.,26.0,MEM,C,45.0,45.0,1382.0,8.3,17.5,0.475,2.1,5.7,0.359,6.2,11.7,0.531,0.534,3.9,4.9,0.797,1.1,5.7,6.7,2.2,1.2,1.8,2.6,4.4,22.5,
173.0,Jaren Jackson Jr.,26.0,UTA,C,3.0,3.0,72.0,12.0,24.5,0.49,2.5,7.5,0.333,9.5,17.0,0.559,0.541,7.0,8.0,0.875,0.5,6.0,6.5,4.0,3.0,0.5,3.5,4.5,33.5,
174.0,Ja'Kobe Walter,21.0,TOR,SG,71.0,19.0,1449.0,4.4,9.9,0.444,2.7,6.6,0.405,1.7,3.4,0.519,0.578,1.7,2.2,0.784,1.4,3.2,4.6,2.1,1.8,0.3,0.9,4.0,13.2,
175.0,Ivica Zubac,28.0,2TM,C,48.0,47.0,1446.0,7.2,12.0,0.598,0.0,0.0,,7.2,12.0,0.598,0.598,2.5,3.5,0.711,4.0,8.6,12.7,2.6,0.4,1.0,2.1,2.8,16.9,
175.0,Ivica Zubac,28.0,LAC,C,43.0,42.0,1328.0,7.1,11.6,0.613,0.0,0.0,,7.1,11.6,0.613,0.613,2.5,3.6,0.705,4.0,8.8,12.8,2.6,0.4,1.0,2.2,2.8,16.8,
175.0,Ivica Zubac,28.0,IND,C,5.0,5.0,118.0,7.6,16.2,0.472,0.0,0.0,,7.6,16.2,0.472,0.472,2.4,3.1,0.8,4.3,6.7,11.0,2.7,0.6,1.2,1.2,2.4,17.7,
176.0,Tre Johnson,19.0,WAS,SG,60.0,42.0,1443.0,6.8,16.1,0.419,2.9,8.0,0.358,3.9,8.1,0.479,0.508,1.9,2.2,0.874,0.7,3.5,4.2,3.0,0.8,0.4,2.3,3.0,18.3,
177.0,Lauri Markkanen,28.0,UTA,PF,42.0,42.0,1443.0,9.6,20.1,0.477,2.9,8.1,0.355,6.7,12.0,0.559,0.548,6.0,6.7,0.896,2.1,5.1,7.2,2.2,1.0,0.5,1.6,1.9,28.0,
178.0,Patrick Williams,24.0,CHI,PF,71.0,5.0,1438.0,4.3,11.6,0.374,2.3,6.6,0.351,2.0,5.0,0.404,0.474,1.3,1.9,0.716,1.2,4.1,5.3,2.5,1.2,0.6,1.8,2.3,12.3,
179.0,Daniss Jenkins,24.0,DET,PG,71.0,19.0,1436.0,5.8,14.1,0.412,1.8,4.9,0.376,4.0,9.2,0.431,0.477,3.4,4.0,0.832,1.2,2.8,4.0,6.9,1.6,0.4,2.8,2.6,16.8,
180.0,Javonte Green,32.0,DET,SG,81.0,6.0,1434.0,4.6,10.3,0.445,2.3,6.1,0.377,2.3,4.2,0.545,0.557,2.6,3.1,0.84,1.5,4.2,5.7,1.4,2.5,0.6,1.1,2.7,14.1,
181.0,Sidy Cissoko,21.0,POR,SF,74.0,26.0,1433.0,3.3,8.4,0.398,1.5,5.0,0.298,1.9,3.4,0.544,0.487,1.5,2.2,0.659,1.6,2.6,4.2,2.8,1.3,0.6,1.8,4.6,9.6,
182.0,Khris Middleton,34.0,2TM,SF,62.0,49.0,1433.0,5.7,13.5,0.419,1.6,4.6,0.355,4.0,8.9,0.452,0.48,2.9,3.4,0.873,1.3,4.5,5.8,4.4,1.0,0.2,2.7,3.6,15.9,
182.0,Khris Middleton,34.0,WAS,SF,34.0,34.0,827.0,5.7,13.1,0.433,1.4,4.3,0.333,4.2,8.7,0.483,0.488,2.5,3.0,0.841,1.3,4.5,5.8,4.8,1.1,0.4,2.5,3.7,15.3,
182.0,Khris Middleton,34.0,DAL,SF,28.0,15.0,606.0,5.6,14.1,0.401,1.9,5.0,0.381,3.7,9.1,0.412,0.468,3.5,3.9,0.908,1.2,4.5,5.7,3.8,0.9,0.0,3.0,3.4,16.7,
183.0,Luke Kornet,30.0,SAS,C,68.0,25.0,1430.0,4.4,6.8,0.643,0.0,0.0,,4.4,6.8,0.643,0.643,2.4,2.9,0.825,4.6,5.9,10.4,3.2,0.8,1.6,0.7,3.0,11.2,
184.0,Spencer Jones,24.0,DEN,SF,64.0,37.0,1417.0,3.4,6.7,0.504,1.4,3.7,0.396,1.9,3.0,0.636,0.613,0.8,1.3,0.608,1.9,3.4,5.3,1.3,1.3,0.7,0.8,4.4,8.9,
185.0,Mark Williams,24.0,PHO,C,60.0,55.0,1416.0,7.2,11.1,0.644,0.0,0.0,1.0,7.1,11.1,0.643,0.645,3.4,4.4,0.771,4.7,7.4,12.1,1.5,1.4,1.4,1.7,3.4,17.8,
186.0,Walter Clayton,22.0,2TM,PG,69.0,6.0,1410.0,4.5,11.8,0.384,1.9,6.2,0.307,2.6,5.5,0.47,0.465,2.8,3.1,0.901,0.6,2.9,3.5,7.1,1.1,0.5,3.0,3.0,13.7,
186.0,Walter Clayton,22.0,UTA,PG,45.0,0.0,811.0,4.5,11.4,0.398,2.0,6.3,0.308,2.6,5.0,0.513,0.484,2.6,2.8,0.935,0.7,3.2,3.9,6.3,1.1,0.5,2.5,3.5,13.6,
186.0,Walter Clayton,22.0,MEM,PG,24.0,6.0,599.0,4.5,12.3,0.366,1.9,6.1,0.307,2.6,6.3,0.423,0.441,3.1,3.5,0.864,0.6,2.5,3.1,8.2,1.2,0.4,3.5,2.5,13.9,
187.0,Christian Braun,24.0,DEN,SG,44.0,44.0,1399.0,5.2,10.0,0.519,1.1,3.7,0.301,4.1,6.3,0.646,0.575,2.0,2.6,0.782,1.6,3.9,5.4,3.1,0.8,0.3,1.1,2.7,13.5,
188.0,Baylor Scheierman,25.0,BOS,SG,76.0,19.0,1391.0,3.7,8.1,0.457,2.4,5.9,0.397,1.3,2.2,0.619,0.602,0.5,0.6,0.87,1.5,5.3,6.8,2.8,1.0,0.1,1.1,2.7,10.3,
189.0,Kyshawn George,22.0,WAS,SF,48.0,48.0,1391.0,6.5,14.9,0.438,2.6,6.7,0.381,4.0,8.2,0.486,0.524,2.7,3.4,0.802,1.1,5.2,6.3,5.5,1.2,1.1,3.2,4.4,18.4,
190.0,Ben Sheppard,24.0,IND,SG,65.0,20.0,1390.0,4.4,10.0,0.434,2.2,6.0,0.362,2.2,4.0,0.542,0.543,1.0,1.3,0.765,1.1,3.9,5.1,3.0,1.0,0.2,1.1,3.0,11.9,
191.0,Aaron Wiggins,27.0,OKC,SG,64.0,20.0,1387.0,6.0,13.7,0.435,2.5,6.9,0.356,3.5,6.8,0.515,0.525,1.4,1.9,0.736,1.0,4.1,5.1,2.7,1.5,0.7,2.1,2.1,15.8,
192.0,Vít Krejčí,25.0,2TM,PG,64.0,8.0,1387.0,5.0,11.1,0.448,3.3,8.5,0.391,1.6,2.6,0.636,0.599,1.0,1.3,0.745,0.8,3.0,3.8,2.6,1.2,0.5,1.1,3.6,14.2,
192.0,Vít Krejčí,25.0,ATL,PG,46.0,8.0,1028.0,5.0,10.8,0.464,3.5,8.4,0.423,1.5,2.4,0.609,0.628,0.9,1.3,0.75,0.7,2.7,3.4,2.4,1.3,0.5,1.1,3.8,14.5,
192.0,Vít Krejčí,25.0,POR,PG,18.0,0.0,359.0,4.8,11.8,0.407,2.7,8.8,0.307,2.1,3.0,0.7,0.521,1.1,1.5,0.733,1.2,3.9,5.1,3.2,1.0,0.5,1.1,2.9,13.4,
193.0,Gui Santos,23.0,GSW,PF,67.0,30.0,1379.0,5.9,11.9,0.5,2.0,5.8,0.351,3.9,6.1,0.642,0.586,2.2,3.1,0.729,1.9,4.9,6.8,4.1,1.6,0.6,2.6,3.6,16.1,
194.0,Gary Trent Jr.,27.0,MIL,SG,65.0,21.0,1377.0,4.8,12.4,0.387,3.2,8.9,0.36,1.6,3.4,0.458,0.517,1.0,1.4,0.769,0.2,1.5,1.8,2.1,0.9,0.1,1.1,2.2,13.8,
195.0,Sam Merrill,29.0,CLE,SG,52.0,38.0,1377.0,5.8,12.7,0.461,4.1,9.8,0.421,1.7,2.8,0.596,0.624,1.5,1.8,0.855,0.7,2.7,3.5,3.3,0.9,0.2,1.1,3.3,17.3,
196.0,Anfernee Simons,26.0,2TM,SG,55.0,5.0,1372.0,7.5,17.0,0.44,3.8,9.9,0.385,3.6,7.1,0.517,0.552,1.8,2.0,0.896,0.8,2.7,3.5,3.5,0.7,0.2,1.8,2.5,20.6,
196.0,Anfernee Simons,26.0,BOS,SG,49.0,0.0,1202.0,7.5,17.0,0.44,3.9,9.9,0.395,3.6,7.2,0.502,0.555,1.9,2.2,0.889,0.8,2.8,3.5,3.5,0.8,0.2,1.6,2.5,20.8,
196.0,Anfernee Simons,26.0,CHI,SG,6.0,5.0,170.0,7.4,16.9,0.438,3.4,10.6,0.32,4.0,6.4,0.633,0.538,1.1,1.1,1.0,1.1,2.5,3.6,3.8,0.0,0.4,2.8,2.5,19.3,
197.0,Malik Monk,27.0,SAC,SG,62.0,3.0,1364.0,7.3,16.7,0.438,3.3,8.3,0.395,4.0,8.4,0.481,0.536,2.5,2.8,0.879,0.4,2.7,3.1,4.9,1.0,0.6,2.4,2.6,20.4,
198.0,Will Richard,23.0,GSW,SG,68.0,21.0,1356.0,4.3,9.1,0.472,1.9,5.5,0.34,2.4,3.6,0.679,0.576,1.2,1.4,0.852,1.8,2.8,4.5,2.4,2.1,0.2,1.4,3.4,11.7,
199.0,Justin Champagnie,24.0,WAS,SF,68.0,18.0,1345.0,6.1,12.0,0.507,1.3,4.2,0.321,4.7,7.8,0.606,0.563,2.1,2.7,0.784,3.8,6.3,10.1,2.2,1.5,1.2,1.2,2.9,15.6,
200.0,Jose Alvarado,27.0,2TM,PG,68.0,2.0,1336.0,4.9,11.7,0.418,2.6,7.5,0.349,2.3,4.2,0.542,0.53,0.9,1.2,0.761,0.6,3.8,4.5,6.1,1.7,0.2,2.0,3.4,13.3,
200.0,Jose Alvarado,27.0,NOP,PG,41.0,0.0,896.0,4.7,11.3,0.418,2.8,7.8,0.363,1.9,3.5,0.54,0.543,0.8,1.0,0.833,0.6,3.9,4.6,5.1,1.5,0.2,1.9,3.2,13.0,
200.0,Jose Alvarado,27.0,NYK,PG,27.0,2.0,440.0,5.2,12.5,0.418,2.2,7.0,0.318,3.0,5.6,0.544,0.507,1.2,1.8,0.682,0.7,3.6,4.3,8.1,2.2,0.2,2.4,3.8,13.9,
201.0,Aaron Nesmith,26.0,IND,SF,45.0,42.0,1335.0,5.7,13.8,0.414,2.8,7.5,0.379,2.9,6.3,0.455,0.517,2.5,3.0,0.829,1.3,3.7,5.0,2.3,0.7,0.6,1.7,3.3,16.7,
202.0,Josh Okogie,27.0,HOU,SG,77.0,31.0,1332.0,3.4,7.8,0.431,1.6,4.3,0.386,1.7,3.5,0.485,0.536,1.1,1.9,0.594,2.1,3.2,5.3,1.8,1.7,0.4,1.1,2.9,9.5,
203.0,Ryan Dunn,23.0,PHO,SF,69.0,15.0,1331.0,4.2,9.5,0.444,1.5,4.5,0.325,2.8,5.0,0.551,0.521,0.6,1.2,0.477,2.7,5.1,7.7,2.6,1.6,0.8,1.5,3.5,10.5,
204.0,Kobe Sanders,23.0,LAC,SG,67.0,16.0,1329.0,4.8,10.2,0.466,2.1,5.3,0.407,2.6,5.0,0.527,0.57,1.4,1.8,0.815,0.8,3.3,4.1,2.9,1.3,0.3,2.2,3.9,13.1,
205.0,Derrick Jones Jr.,28.0,LAC,SF,49.0,44.0,1329.0,5.1,10.2,0.504,1.5,4.1,0.362,3.6,6.0,0.601,0.577,1.9,2.5,0.763,1.6,3.0,4.6,1.9,1.2,1.4,1.1,2.8,13.7,
206.0,Dean Wade,29.0,CLE,PF,59.0,38.0,1318.0,3.3,7.6,0.439,1.9,5.4,0.362,1.4,2.2,0.622,0.567,0.7,1.0,0.711,1.4,5.3,6.7,2.4,1.2,0.6,0.4,2.5,9.3,
207.0,Darius Garland,26.0,2TM,PG,44.0,42.0,1318.0,8.3,17.9,0.463,3.3,8.3,0.399,5.0,9.6,0.517,0.555,2.8,3.3,0.858,0.5,2.4,2.9,8.1,1.2,0.2,3.5,2.2,22.7,
207.0,Darius Garland,26.0,CLE,PG,26.0,26.0,792.0,7.7,17.1,0.451,2.7,7.5,0.36,5.0,9.7,0.521,0.529,3.1,3.6,0.861,0.5,2.3,2.9,8.2,1.0,0.1,3.3,2.2,21.2,
207.0,Darius Garland,26.0,LAC,PG,18.0,16.0,526.0,9.1,19.0,0.478,4.2,9.5,0.446,4.9,9.5,0.511,0.59,2.4,2.8,0.854,0.4,2.5,2.9,7.9,1.5,0.3,3.8,2.3,24.8,
208.0,Egor Dёmin,19.0,BRK,PG,52.0,45.0,1308.0,4.9,12.4,0.399,3.4,8.9,0.385,1.5,3.5,0.433,0.537,1.5,1.8,0.831,0.6,4.0,4.5,4.8,1.2,0.5,2.4,2.6,14.8,
209.0,Alex Sarr,20.0,WAS,C,48.0,48.0,1305.0,8.7,18.1,0.482,1.4,4.1,0.333,7.3,14.0,0.526,0.52,2.8,4.0,0.692,2.9,6.9,9.8,3.6,1.1,2.6,2.3,2.9,21.6,
210.0,Kris Murray,25.0,POR,SF,56.0,15.0,1303.0,3.5,7.5,0.463,0.9,3.3,0.267,2.6,4.2,0.618,0.522,1.0,1.5,0.691,2.4,3.1,5.6,2.2,1.3,0.6,1.3,2.5,8.9,
211.0,Isaiah Stewart,24.0,DET,C,57.0,13.0,1300.0,5.9,10.9,0.545,1.1,3.3,0.331,4.8,7.6,0.636,0.594,2.7,3.6,0.76,2.6,5.3,7.9,1.8,0.4,2.5,1.8,4.5,15.6,
212.0,Stephen Curry,37.0,GSW,PG,42.0,40.0,1300.0,10.2,21.7,0.468,5.2,13.2,0.392,5.0,8.6,0.584,0.586,5.5,5.9,0.93,0.5,3.6,4.1,5.5,1.3,0.4,3.3,2.1,31.0,AS
213.0,Yves Missi,21.0,NOP,C,66.0,14.0,1297.0,4.4,8.2,0.544,0.0,0.0,0.0,4.4,8.1,0.546,0.544,1.6,2.8,0.559,5.1,5.6,10.7,2.3,0.6,2.8,1.5,3.1,10.5,
214.0,Jordan Miller,26.0,LAC,SF,59.0,1.0,1296.0,5.8,10.9,0.529,1.0,3.0,0.343,4.8,7.9,0.6,0.576,3.6,4.7,0.771,1.4,3.6,4.9,3.6,1.2,0.3,1.7,1.7,16.2,
215.0,Drake Powell,20.0,BRK,SG,62.0,23.0,1294.0,3.9,9.7,0.405,1.4,5.0,0.287,2.5,4.7,0.529,0.478,1.9,2.1,0.893,0.6,2.5,3.1,2.5,1.0,0.4,1.6,2.5,11.1,
216.0,Jericho Sims,27.0,MIL,C,66.0,18.0,1286.0,3.9,4.9,0.784,0.0,0.0,,3.9,4.9,0.784,0.784,1.2,2.0,0.614,4.0,6.2,10.2,2.8,0.5,0.5,2.0,4.0,8.9,
217.0,Ziaire Williams,24.0,BRK,SF,56.0,13.0,1281.0,5.2,12.2,0.425,2.4,7.1,0.343,2.8,5.1,0.538,0.524,3.3,3.9,0.85,0.8,2.9,3.8,1.7,2.1,0.6,1.7,3.3,16.1,
218.0,Jaylin Williams,23.0,OKC,PF,65.0,11.0,1277.0,4.2,9.9,0.423,2.8,7.2,0.383,1.4,2.7,0.531,0.563,2.1,2.6,0.793,0.9,9.2,10.1,4.5,0.9,1.2,1.9,3.6,13.2,
219.0,Nicolas Batum,37.0,LAC,PF,73.0,6.0,1272.0,2.6,6.6,0.399,2.5,6.3,0.399,0.1,0.3,0.4,0.59,0.3,0.3,0.818,0.7,4.5,5.2,1.8,1.3,0.6,1.0,2.7,8.0,
220.0,Jordan Clarkson,33.0,NYK,SG,71.0,1.0,1264.0,6.7,14.8,0.453,2.0,6.1,0.329,4.7,8.8,0.539,0.52,2.2,2.7,0.83,1.7,1.8,3.5,2.7,0.8,0.3,1.8,3.4,17.7,
221.0,Kevin Porter Jr.,25.0,MIL,PG,38.0,36.0,1261.0,6.8,14.7,0.465,1.3,4.1,0.322,5.5,10.6,0.52,0.51,3.9,4.5,0.878,1.0,4.7,5.7,8.0,2.4,0.5,3.1,2.5,18.9,
222.0,Nolan Traoré,19.0,BRK,PG,56.0,31.0,1243.0,5.3,13.9,0.38,1.8,5.6,0.318,3.5,8.3,0.422,0.444,2.1,2.7,0.787,0.4,2.5,2.9,6.2,1.3,0.7,3.7,3.4,14.5,
223.0,Coby White,25.0,2TM,SG,49.0,26.0,1233.0,7.9,17.9,0.444,3.3,9.1,0.359,4.7,8.8,0.532,0.535,5.6,6.9,0.821,0.5,4.4,4.9,5.8,0.7,0.1,3.7,3.2,24.8,
223.0,Coby White,25.0,CHI,SG,29.0,26.0,843.0,7.3,16.8,0.438,3.1,8.9,0.346,4.3,7.9,0.541,0.529,5.3,6.6,0.805,0.3,4.3,4.6,5.8,0.9,0.1,3.8,3.0,23.1,
223.0,Coby White,25.0,CHO,SG,20.0,0.0,390.0,9.2,20.3,0.455,3.7,9.6,0.385,5.5,10.7,0.517,0.545,6.4,7.5,0.852,0.9,4.7,5.6,5.7,0.5,0.3,3.5,3.6,28.5,
224.0,Collin Murray-Boyles,20.0,TOR,PF,56.0,22.0,1232.0,5.8,10.0,0.579,0.5,1.5,0.34,5.3,8.5,0.62,0.604,2.0,3.1,0.651,3.9,4.4,8.3,3.0,1.5,1.5,1.7,4.1,14.1,
225.0,Zach LaVine,30.0,SAC,SG,39.0,37.0,1224.0,7.7,16.1,0.479,2.9,7.5,0.39,4.8,8.6,0.556,0.569,3.7,4.2,0.88,0.2,2.9,3.2,2.6,0.8,0.3,2.2,2.4,22.0,
226.0,Adem Bona,22.0,PHI,C,70.0,17.0,1217.0,3.8,6.4,0.594,0.1,0.2,0.333,3.8,6.2,0.602,0.599,2.4,3.3,0.708,3.8,5.3,9.0,0.9,0.9,2.4,1.7,4.5,10.1,
227.0,Pat Spencer,29.0,GSW,PG,65.0,14.0,1210.0,5.4,12.7,0.428,1.8,4.9,0.358,3.7,7.8,0.471,0.496,1.3,1.7,0.772,1.5,3.1,4.6,6.8,1.4,0.1,2.5,2.2,14.0,
228.0,Andre Drummond,32.0,PHI,C,62.0,25.0,1208.0,4.6,9.7,0.471,0.9,2.6,0.345,3.7,7.2,0.517,0.517,1.6,2.5,0.631,5.8,9.7,15.5,2.3,1.1,1.4,1.8,3.6,11.7,
229.0,Jaxson Hayes,25.0,LAL,C,66.0,9.0,1207.0,5.9,7.8,0.756,0.1,0.1,1.0,5.8,7.7,0.753,0.761,2.9,4.5,0.653,3.0,5.1,8.1,1.8,0.9,1.6,0.9,3.8,14.8,
230.0,Joel Embiid,31.0,PHI,C,38.0,38.0,1201.0,10.2,20.9,0.489,1.6,4.8,0.333,8.6,16.1,0.535,0.527,8.6,10.0,0.854,2.2,6.5,8.8,4.5,0.6,1.4,3.3,2.5,30.6,
231.0,Marvin Bagley III,26.0,2TM,PF,60.0,12.0,1201.0,7.6,12.3,0.618,0.7,1.6,0.462,6.9,10.8,0.641,0.647,2.8,4.3,0.66,4.5,6.5,11.0,2.5,0.8,1.3,1.8,3.7,18.8,
231.0,Marvin Bagley III,26.0,WAS,PF,38.0,8.0,731.0,7.6,12.1,0.626,0.4,0.9,0.421,7.2,11.2,0.643,0.642,3.4,4.8,0.711,4.8,5.9,10.6,2.8,1.0,1.3,2.2,3.8,19.0,
231.0,Marvin Bagley III,26.0,DAL,PF,22.0,4.0,470.0,7.7,12.6,0.606,1.2,2.5,0.485,6.4,10.1,0.636,0.655,2.0,3.6,0.553,4.1,7.4,11.5,2.2,0.6,1.2,1.3,3.4,18.5,
232.0,Santi Aldama,25.0,MEM,PF,43.0,11.0,1198.0,6.9,14.3,0.479,2.1,6.0,0.35,4.7,8.3,0.572,0.553,2.3,3.4,0.667,2.0,6.6,8.6,3.8,1.1,0.9,1.7,2.1,18.1,
233.0,Daniel Gafford,27.0,DAL,C,55.0,44.0,1195.0,6.2,9.5,0.655,0.0,0.0,,6.2,9.5,0.655,0.655,3.3,4.9,0.683,4.2,7.2,11.4,1.7,1.3,2.1,1.9,4.3,15.8,
234.0,Danny Wolf,21.0,BRK,PF,57.0,15.0,1187.0,5.4,13.3,0.405,2.1,6.4,0.322,3.3,6.9,0.48,0.482,2.5,3.3,0.771,1.7,6.8,8.5,3.9,0.9,1.0,2.2,3.8,15.4,
235.0,Jimmy Butler,36.0,GSW,SF,38.0,38.0,1182.0,7.3,14.1,0.519,1.0,2.6,0.376,6.3,11.5,0.552,0.554,7.6,8.7,0.864,2.7,3.7,6.4,5.6,1.7,0.2,1.8,1.4,23.1,
236.0,Mouhamed Gueye,23.0,ATL,PF,77.0,8.0,1179.0,4.0,8.9,0.452,1.2,4.0,0.308,2.8,4.9,0.569,0.521,1.2,1.9,0.645,2.7,5.7,8.4,2.1,1.9,1.2,1.0,3.9,10.4,
237.0,Jordan Walsh,21.0,BOS,PF,67.0,24.0,1179.0,4.1,7.9,0.519,1.4,3.6,0.395,2.7,4.2,0.626,0.61,1.2,1.6,0.755,2.6,5.5,8.1,1.6,1.5,0.9,1.0,4.1,10.8,
238.0,GG Jackson II,21.0,MEM,PF,55.0,28.0,1178.0,7.8,15.7,0.496,2.0,5.9,0.332,5.8,9.8,0.595,0.558,3.4,4.6,0.742,1.5,5.7,7.2,2.5,0.9,1.3,2.6,2.3,21.0,
239.0,Bones Hyland,25.0,MIN,PG,71.0,3.0,1177.0,6.5,14.3,0.453,3.5,9.1,0.388,2.9,5.2,0.568,0.577,2.0,2.5,0.78,0.7,3.2,3.9,5.8,1.3,0.5,2.1,3.7,18.5,
240.0,De'Andre Hunter,28.0,2TM,SF,45.0,25.0,1176.0,6.4,15.3,0.415,2.3,7.5,0.305,4.1,7.8,0.522,0.49,3.8,4.4,0.867,0.9,4.7,5.7,2.8,0.9,0.2,2.3,3.4,18.8,
240.0,De'Andre Hunter,28.0,CLE,SF,43.0,23.0,1125.0,6.5,15.4,0.423,2.3,7.6,0.308,4.2,7.8,0.535,0.499,3.8,4.4,0.869,0.9,4.9,5.8,2.8,1.0,0.2,2.3,3.4,19.2,
240.0,De'Andre Hunter,28.0,SAC,SF,2.0,2.0,51.0,2.8,13.4,0.211,1.4,6.4,0.222,1.4,7.1,0.2,0.263,3.5,4.2,0.833,0.7,1.4,2.1,0.7,0.0,0.0,2.8,3.5,10.6,
241.0,Mitchell Robinson,27.0,NYK,C,60.0,16.0,1175.0,4.6,6.3,0.723,0.0,0.0,,4.6,6.3,0.723,0.723,1.3,3.2,0.408,7.7,8.4,16.1,1.6,1.7,2.1,1.3,3.9,10.4,
242.0,Simone Fontecchio,30.0,MIA,SF,70.0,9.0,1173.0,6.0,14.5,0.412,3.8,10.1,0.375,2.2,4.4,0.497,0.542,2.6,3.1,0.843,1.7,4.8,6.5,3.1,1.1,0.3,1.5,3.2,18.3,
243.0,Landry Shamet,28.0,NYK,SG,51.0,12.0,1171.0,4.9,11.2,0.437,3.2,8.1,0.392,1.7,3.1,0.554,0.578,1.7,2.3,0.711,0.7,2.1,2.8,2.2,1.0,0.3,0.9,2.4,14.6,
244.0,Day'Ron Sharpe,24.0,BRK,C,62.0,7.0,1160.0,6.6,11.0,0.601,0.3,1.2,0.231,6.4,9.8,0.647,0.614,3.2,4.7,0.678,5.3,7.5,12.8,4.5,2.1,0.8,3.3,4.6,16.8,
245.0,Quinten Post,25.0,GSW,PF,67.0,35.0,1159.0,6.0,13.6,0.44,2.9,8.6,0.336,3.1,5.0,0.617,0.546,1.1,1.3,0.791,2.1,6.2,8.4,2.9,0.8,1.1,1.7,3.9,15.9,
246.0,Svi Mykhailiuk,28.0,UTA,SF,50.0,41.0,1156.0,5.4,11.3,0.478,3.1,7.5,0.408,2.3,3.8,0.615,0.613,0.8,0.9,0.893,1.1,2.7,3.9,2.9,0.8,0.1,1.3,2.0,14.6,
247.0,Dru Smith,28.0,MIA,SG,70.0,1.0,1141.0,4.3,10.3,0.415,1.2,4.1,0.295,3.1,6.2,0.495,0.474,2.7,3.3,0.829,2.0,3.5,5.5,5.7,3.2,0.7,1.7,3.4,12.5,
248.0,Caris LeVert,31.0,DET,SG,59.0,0.0,1140.0,5.1,12.3,0.418,1.9,5.7,0.33,3.3,6.6,0.493,0.494,1.7,2.5,0.675,0.7,3.0,3.7,5.0,1.6,1.3,2.5,2.8,13.8,
249.0,Isaiah Hartenstein,27.0,OKC,C,47.0,46.0,1137.0,5.8,9.4,0.622,0.0,0.2,0.0,5.8,9.2,0.637,0.622,2.0,3.3,0.61,4.7,9.3,14.0,5.3,1.5,1.1,2.6,3.7,13.7,
250.0,Jared McCain,21.0,2TM,SG,66.0,2.0,1135.0,6.3,14.8,0.428,3.1,8.0,0.391,3.2,6.8,0.472,0.534,1.6,1.8,0.877,0.7,3.5,4.2,2.8,1.1,0.2,1.7,2.5,17.4,
250.0,Jared McCain,21.0,PHI,SG,37.0,1.0,620.0,5.2,13.4,0.385,2.6,6.9,0.378,2.6,6.5,0.393,0.483,1.3,1.5,0.88,0.3,4.0,4.4,3.6,1.3,0.1,1.7,2.5,14.2,
250.0,Jared McCain,21.0,OKC,SG,29.0,1.0,515.0,7.8,16.5,0.47,3.8,9.4,0.403,4.0,7.1,0.559,0.585,2.0,2.2,0.875,1.1,2.9,4.1,1.8,0.8,0.2,1.7,2.6,21.3,
251.0,Ryan Nembhard,22.0,DAL,PG,59.0,26.0,1133.0,5.0,12.0,0.412,1.5,4.2,0.353,3.5,7.8,0.443,0.474,0.7,0.9,0.793,0.3,3.6,3.9,9.3,0.7,0.1,2.6,2.7,12.1,
252.0,Gary Payton II,33.0,GSW,SG,72.0,1.0,1130.0,7.7,13.2,0.584,1.2,4.0,0.294,6.5,9.1,0.711,0.628,0.8,1.3,0.65,3.2,5.2,8.4,3.9,2.1,0.7,2.0,4.1,17.4,
253.0,Jakob Poeltl,30.0,TOR,C,45.0,43.0,1130.0,6.8,9.7,0.695,0.0,0.0,,6.8,9.7,0.695,0.695,1.8,3.0,0.624,3.6,6.5,10.1,2.9,1.2,1.0,1.7,4.6,15.4,
254.0,Craig Porter Jr.,25.0,CLE,PG,63.0,2.0,1120.0,3.6,8.1,0.447,1.0,3.0,0.348,2.6,5.2,0.503,0.51,0.8,1.3,0.6,2.6,4.2,6.8,6.5,1.8,1.2,1.8,2.2,9.1,
255.0,Taylor Hendricks,22.0,2TM,PF,59.0,17.0,1118.0,5.2,11.4,0.459,2.0,5.9,0.342,3.2,5.5,0.585,0.548,1.6,2.3,0.681,2.1,5.0,7.1,1.8,1.6,1.0,1.6,3.2,14.1,
255.0,Taylor Hendricks,22.0,UTA,PF,33.0,6.0,492.0,4.2,9.4,0.453,1.8,5.1,0.343,2.5,4.2,0.586,0.547,1.7,2.3,0.719,2.1,5.1,7.2,1.8,1.0,0.6,1.5,2.9,11.9,
255.0,Taylor Hendricks,22.0,MEM,PF,26.0,11.0,626.0,6.0,13.1,0.463,2.2,6.6,0.342,3.8,6.5,0.584,0.548,1.5,2.3,0.65,2.1,4.9,7.0,1.8,2.1,1.3,1.7,3.4,15.8,
256.0,Paul George,35.0,PHI,PF,36.0,36.0,1114.0,7.1,16.4,0.437,3.2,8.1,0.394,3.9,8.2,0.478,0.535,2.9,3.5,0.817,0.6,5.5,6.2,4.2,2.0,0.5,2.0,2.7,20.4,
257.0,Jarred Vanderbilt,26.0,LAL,PF,64.0,3.0,1111.0,3.6,7.6,0.472,0.9,3.1,0.299,2.7,4.5,0.594,0.534,1.1,1.8,0.589,2.6,6.7,9.3,2.7,1.7,0.6,1.8,3.3,9.2,
258.0,De'Anthony Melton,27.0,GSW,PG,48.0,23.0,1106.0,7.0,17.0,0.41,2.3,7.9,0.298,4.6,9.1,0.507,0.479,3.2,3.9,0.824,1.2,3.8,5.0,4.0,2.5,0.6,2.9,3.0,19.5,
259.0,Jalen Smith,25.0,CHI,C,53.0,21.0,1095.0,6.4,13.3,0.483,2.7,7.2,0.373,3.7,6.0,0.614,0.584,2.3,3.1,0.742,3.2,8.4,11.7,2.1,0.8,1.4,1.7,3.6,17.8,
260.0,Kentavious Caldwell-Pope,32.0,MEM,SG,51.0,14.0,1088.0,5.0,12.1,0.41,1.8,5.8,0.316,3.1,6.4,0.495,0.485,2.4,2.6,0.913,0.7,3.5,4.1,4.6,1.4,0.3,2.0,1.9,14.2,
261.0,John Konchar,29.0,2TM,SG,55.0,8.0,1087.0,3.0,6.4,0.477,0.9,3.2,0.289,2.1,3.2,0.667,0.549,1.1,1.5,0.727,2.4,5.3,7.7,3.8,2.6,1.2,1.1,2.6,8.1,
261.0,John Konchar,29.0,MEM,SG,30.0,1.0,435.0,3.1,5.9,0.521,1.1,3.2,0.333,2.0,2.6,0.75,0.613,0.7,1.1,0.615,1.7,6.0,7.6,3.3,2.6,1.1,1.2,2.5,7.9,
261.0,John Konchar,29.0,UTA,SG,25.0,7.0,652.0,3.0,6.7,0.451,0.8,3.2,0.259,2.2,3.5,0.625,0.512,1.3,1.7,0.774,2.9,4.9,7.8,4.2,2.7,1.3,1.1,2.7,8.2,
262.0,Hugo González,19.0,BOS,SF,74.0,3.0,1084.0,3.9,8.2,0.476,1.4,3.9,0.362,2.5,4.3,0.577,0.561,0.4,0.9,0.5,2.1,6.1,8.2,1.3,1.4,0.7,1.3,4.1,9.6,
263.0,Jusuf Nurkić,31.0,UTA,C,41.0,36.0,1083.0,6.0,11.9,0.503,0.8,2.4,0.352,5.2,9.5,0.54,0.538,2.1,3.8,0.549,3.5,10.6,14.1,6.5,1.7,0.7,3.4,4.5,14.9,
264.0,Luka Garza,27.0,BOS,C,68.0,5.0,1080.0,6.5,11.3,0.578,1.7,4.0,0.43,4.8,7.3,0.661,0.655,2.9,3.8,0.761,5.1,3.9,9.0,2.2,0.9,0.9,1.5,5.2,17.7,
265.0,Gradey Dick,22.0,TOR,SG,75.0,1.0,1062.0,5.4,12.9,0.421,1.9,6.3,0.301,3.5,6.6,0.536,0.495,2.6,2.9,0.874,1.4,3.6,5.0,1.7,1.5,0.2,1.5,3.4,15.3,
266.0,Ousmane Dieng,22.0,2TM,C,56.0,19.0,1058.0,5.6,13.1,0.425,2.1,6.1,0.352,3.4,7.0,0.488,0.506,1.0,1.4,0.69,1.0,4.9,5.9,4.4,0.8,0.6,2.3,2.7,14.3,
266.0,Ousmane Dieng,22.0,OKC,C,27.0,0.0,295.0,4.6,11.1,0.418,2.2,6.0,0.367,2.4,5.1,0.476,0.516,0.7,0.7,1.0,1.0,4.1,5.1,3.4,0.2,0.9,1.0,2.7,12.2,
266.0,Ousmane Dieng,22.0,MIL,C,29.0,19.0,763.0,5.9,13.9,0.427,2.1,6.1,0.346,3.8,7.8,0.491,0.503,1.1,1.7,0.639,1.0,5.2,6.2,4.7,1.0,0.5,2.9,2.6,15.1,
267.0,Miles McBride,25.0,NYK,SG,40.0,14.0,1056.0,5.6,13.3,0.419,3.7,9.0,0.409,1.9,4.3,0.44,0.558,1.2,1.5,0.8,0.7,2.6,3.3,3.6,1.2,0.3,1.1,2.4,16.0,
268.0,Corey Kispert,26.0,2TM,SF,57.0,9.0,1051.0,6.1,13.1,0.463,2.8,7.8,0.36,3.3,5.3,0.617,0.571,2.6,3.2,0.798,0.9,3.5,4.4,3.1,0.5,0.3,1.5,2.0,17.5,
268.0,Corey Kispert,26.0,WAS,SF,19.0,2.0,370.0,5.7,11.6,0.496,2.9,7.4,0.395,2.8,4.2,0.674,0.622,2.5,3.3,0.765,0.6,3.7,4.3,3.1,0.8,0.3,1.4,1.9,16.9,
268.0,Corey Kispert,26.0,ATL,SF,38.0,7.0,681.0,6.2,13.9,0.449,2.7,8.0,0.342,3.5,5.9,0.595,0.548,2.6,3.2,0.817,1.1,3.4,4.5,3.1,0.4,0.3,1.5,2.1,17.8,
269.0,Giannis Antetokounmpo,31.0,MIL,PF,36.0,36.0,1039.0,12.9,20.7,0.624,0.5,1.6,0.333,12.4,19.2,0.647,0.636,8.0,12.4,0.65,3.4,8.8,12.2,6.8,1.2,0.8,4.0,3.0,34.4,AS
270.0,Rayan Rupert,21.0,2TM,SG,63.0,7.0,1031.0,4.0,10.4,0.386,1.5,4.6,0.321,2.5,5.8,0.437,0.456,1.4,1.8,0.765,1.6,4.5,6.1,2.2,1.9,0.3,1.7,4.2,10.9,
270.0,Rayan Rupert,21.0,POR,SG,48.0,0.0,577.0,3.3,9.2,0.361,1.4,4.4,0.31,1.9,4.7,0.408,0.435,0.6,0.9,0.643,1.4,3.9,5.4,2.1,1.8,0.1,1.7,3.7,8.5,
270.0,Rayan Rupert,21.0,MEM,SG,15.0,7.0,454.0,4.9,12.0,0.411,1.6,4.8,0.333,3.3,7.2,0.462,0.477,2.4,2.9,0.811,1.8,5.3,7.1,2.3,1.9,0.5,1.7,4.8,13.8,
271.0,Alex Caruso,31.0,OKC,SG,56.0,0.0,1020.0,4.5,10.6,0.423,1.9,6.4,0.293,2.6,4.2,0.622,0.512,1.4,1.8,0.804,1.0,4.5,5.5,3.9,2.5,0.6,1.7,2.4,12.3,
272.0,Caleb Love,24.0,POR,SG,48.0,1.0,1011.0,6.8,17.4,0.389,3.3,10.4,0.32,3.5,7.1,0.49,0.484,1.3,1.7,0.735,0.9,3.2,4.1,4.4,1.0,0.1,2.2,1.7,18.1,
273.0,Tyler Herro,26.0,MIA,SG,32.0,27.0,1010.0,8.7,18.0,0.484,3.0,7.7,0.384,5.8,10.3,0.559,0.566,3.5,3.8,0.917,0.5,4.8,5.3,4.6,0.8,0.4,2.2,2.2,24.0,
274.0,Guerschon Yabusele,30.0,2TM,C,67.0,19.0,1007.0,4.5,11.2,0.401,2.5,7.0,0.352,2.0,4.1,0.483,0.511,1.9,2.6,0.75,2.0,6.4,8.4,2.3,0.9,0.6,1.5,2.9,13.3,
274.0,Guerschon Yabusele,30.0,NYK,C,41.0,0.0,366.0,4.1,10.5,0.393,2.0,6.7,0.294,2.2,3.8,0.564,0.486,0.8,1.2,0.667,2.4,6.2,8.6,1.8,0.6,0.5,1.5,3.5,11.0,
274.0,Guerschon Yabusele,30.0,CHI,C,26.0,19.0,641.0,4.7,11.5,0.405,2.8,7.2,0.383,1.9,4.3,0.442,0.524,2.6,3.4,0.767,1.8,6.5,8.3,2.5,1.1,0.6,1.5,2.5,14.7,
275.0,Aaron Gordon,30.0,DEN,PF,36.0,33.0,1005.0,7.1,14.3,0.497,2.2,5.6,0.389,4.9,8.6,0.568,0.574,4.5,5.8,0.767,1.8,5.7,7.5,3.4,0.8,0.4,1.4,2.2,20.8,
276.0,Jamir Watkins,24.0,WAS,SG,49.0,6.0,998.0,4.5,10.2,0.442,1.5,5.4,0.282,3.0,4.8,0.619,0.516,1.9,2.7,0.684,1.8,5.1,6.9,2.3,1.9,0.9,1.4,4.6,12.4,
277.0,Franz Wagner,24.0,ORL,SF,33.0,31.0,993.0,8.6,17.7,0.485,1.7,4.8,0.348,6.9,12.9,0.535,0.532,5.8,7.0,0.82,1.5,4.7,6.3,4.1,1.1,0.4,2.1,2.5,24.6,
278.0,Mike Conley,38.0,MIN,PG,54.0,15.0,991.0,2.6,7.8,0.335,2.0,6.0,0.337,0.6,1.8,0.327,0.465,1.6,1.8,0.9,0.7,2.7,3.4,5.7,1.3,0.5,1.2,3.1,8.9,
279.0,Robert Williams,28.0,POR,C,58.0,1.0,986.0,6.4,9.0,0.707,0.3,0.8,0.391,6.0,8.1,0.74,0.726,1.2,2.1,0.596,5.0,9.7,14.8,2.2,1.2,3.1,1.8,2.6,14.3,
280.0,Olivier-Maxence Prosper,23.0,MEM,PF,53.0,24.0,984.0,7.0,12.8,0.549,2.2,5.4,0.405,4.8,7.4,0.653,0.634,3.1,4.2,0.754,2.2,4.7,6.8,1.9,1.5,0.5,1.7,3.0,19.4,
281.0,Ochai Agbaji,25.0,2TM,SG,62.0,13.0,973.0,4.5,10.4,0.436,1.3,4.7,0.266,3.3,5.6,0.579,0.496,1.3,1.6,0.837,1.7,3.5,5.2,1.7,0.9,0.6,1.1,3.4,11.6,
281.0,Ochai Agbaji,25.0,TOR,SG,42.0,13.0,650.0,4.0,9.4,0.424,0.7,3.6,0.185,3.3,5.8,0.571,0.459,1.4,1.6,0.862,1.8,3.4,5.3,1.7,0.9,0.6,1.1,4.2,10.0,
281.0,Ochai Agbaji,25.0,BRK,SG,20.0,0.0,323.0,5.6,12.3,0.455,2.5,7.0,0.349,3.1,5.2,0.596,0.555,1.2,1.6,0.786,1.4,3.7,5.1,1.9,0.8,0.7,1.3,2.0,14.8,
282.0,Nae'Qwan Tomlin,25.0,CLE,PF,63.0,2.0,967.0,5.2,11.1,0.473,0.9,4.0,0.215,4.4,7.1,0.618,0.512,1.6,2.1,0.754,3.0,3.6,6.6,1.8,1.5,1.3,1.0,4.6,13.0,
283.0,T.J. McConnell,33.0,IND,PG,56.0,4.0,963.0,9.0,16.8,0.538,0.6,1.9,0.32,8.4,15.0,0.565,0.556,0.9,1.1,0.862,0.8,3.8,4.6,10.7,2.1,0.4,2.4,2.3,19.6,
284.0,Tyus Jones,29.0,3TM,PG,66.0,11.0,958.0,2.8,7.9,0.351,1.5,5.0,0.293,1.3,2.9,0.449,0.443,0.3,0.3,0.778,0.4,2.3,2.7,5.8,1.4,0.1,0.9,1.2,7.3,
284.0,Tyus Jones,29.0,ORL,PG,48.0,8.0,754.0,2.6,7.5,0.342,1.4,4.9,0.294,1.1,2.7,0.429,0.437,0.3,0.3,1.0,0.4,2.1,2.5,5.5,1.6,0.1,0.7,1.2,6.9,
284.0,Tyus Jones,29.0,DAL,PG,8.0,2.0,133.0,3.5,9.2,0.382,1.1,5.1,0.211,2.4,4.1,0.6,0.441,0.3,0.5,0.5,0.3,2.2,2.4,8.1,0.8,0.0,1.4,1.4,8.4,
284.0,Tyus Jones,29.0,DEN,PG,10.0,1.0,71.0,3.5,9.6,0.368,2.5,6.1,0.417,1.0,3.5,0.286,0.5,0.0,0.5,0.0,0.0,4.6,4.6,4.6,0.5,0.0,2.5,0.5,9.6,
285.0,Goga Bitadze,26.0,ORL,C,63.0,3.0,956.0,5.6,8.4,0.673,0.1,0.4,0.182,5.6,8.0,0.698,0.677,2.6,3.6,0.716,5.0,6.7,11.8,3.1,1.4,2.3,1.6,5.0,13.9,
286.0,Justin Edwards,22.0,PHI,SF,63.0,12.0,955.0,5.2,11.6,0.446,2.3,6.5,0.36,2.8,5.1,0.556,0.547,1.2,1.5,0.846,1.0,2.5,3.5,2.9,1.9,0.4,1.3,3.4,13.9,
287.0,Al Horford,39.0,GSW,C,44.0,12.0,951.0,5.1,12.1,0.426,2.8,7.6,0.363,2.4,4.5,0.534,0.541,0.8,1.0,0.846,1.7,6.5,8.1,4.3,1.1,1.9,1.6,1.9,13.9,
288.0,Rob Dillingham,21.0,2TM,PG,64.0,0.0,940.0,5.8,15.1,0.386,1.6,4.9,0.32,4.3,10.2,0.417,0.438,1.5,2.0,0.765,0.7,4.1,4.8,5.3,1.7,0.2,3.6,4.3,14.7,
288.0,Rob Dillingham,21.0,MIN,PG,35.0,0.0,326.0,5.2,15.6,0.333,1.3,3.6,0.364,3.9,11.9,0.324,0.376,1.7,2.2,0.75,0.6,4.0,4.5,6.4,2.1,0.3,4.0,4.0,13.4,
288.0,Rob Dillingham,21.0,CHI,PG,29.0,0.0,614.0,6.2,14.8,0.415,1.7,5.6,0.305,4.5,9.3,0.481,0.472,1.4,1.8,0.774,0.8,4.2,5.0,4.7,1.5,0.2,3.5,4.5,15.4,
289.0,Jalen Williams,24.0,OKC,SG,33.0,33.0,936.0,8.3,17.2,0.484,0.9,3.0,0.299,7.4,14.2,0.523,0.51,4.2,5.0,0.837,1.0,4.8,5.8,7.0,1.5,0.3,2.4,2.5,21.7,
290.0,Jordan Poole,26.0,NOP,PG,39.0,8.0,933.0,6.4,17.1,0.372,3.7,11.1,0.333,2.7,6.0,0.442,0.48,3.8,4.4,0.86,0.3,2.6,3.0,4.6,0.8,0.6,2.7,3.4,20.2,
291.0,Kobe Brown,26.0,2TM,PF,60.0,9.0,928.0,4.7,10.0,0.465,1.9,5.1,0.364,2.8,4.9,0.571,0.558,1.7,2.2,0.804,2.6,4.3,6.9,3.0,0.8,0.5,2.0,2.6,12.9,
291.0,Kobe Brown,26.0,LAC,PF,34.0,0.0,295.0,4.0,10.3,0.393,1.6,6.0,0.265,2.4,4.3,0.571,0.47,2.6,3.2,0.808,2.2,4.3,6.5,3.3,1.1,0.2,1.8,2.0,12.2,
291.0,Kobe Brown,26.0,IND,PF,26.0,9.0,633.0,4.9,9.9,0.5,2.0,4.7,0.422,3.0,5.2,0.571,0.601,1.4,1.7,0.8,2.7,4.4,7.1,2.9,0.7,0.6,2.0,3.0,13.3,
292.0,Kasparas Jakučionis,19.0,MIA,PG,52.0,12.0,925.0,3.9,9.1,0.421,2.5,6.0,0.416,1.4,3.2,0.432,0.557,2.3,2.6,0.879,1.6,3.7,5.3,5.1,1.3,0.3,1.9,3.8,12.5,
293.0,Anthony Gill,33.0,WAS,PF,54.0,7.0,921.0,5.0,8.1,0.62,0.6,1.8,0.333,4.5,6.4,0.699,0.656,1.3,1.8,0.739,2.2,3.7,5.9,2.7,1.2,0.8,1.4,3.4,12.0,
294.0,Karlo Matković,24.0,NOP,PF,62.0,2.0,912.0,5.6,9.3,0.604,1.5,3.6,0.422,4.1,5.7,0.717,0.685,1.2,1.6,0.732,2.8,6.2,9.0,2.0,1.0,2.1,1.3,4.1,13.9,
295.0,Isaiah Jackson,24.0,2TM,C,55.0,14.0,908.0,6.0,9.4,0.637,0.0,0.1,0.0,6.0,9.3,0.645,0.637,2.7,4.2,0.648,4.5,7.0,11.5,2.1,1.4,1.9,2.3,5.8,14.7,
295.0,Isaiah Jackson,24.0,IND,C,38.0,14.0,638.0,5.4,9.3,0.582,0.0,0.1,0.0,5.4,9.3,0.585,0.582,2.9,4.2,0.689,4.9,7.1,11.9,1.7,1.5,1.6,2.4,6.1,13.7,
295.0,Isaiah Jackson,24.0,LAC,C,17.0,0.0,270.0,7.3,9.6,0.764,0.0,0.3,0.0,7.3,9.3,0.786,0.764,2.3,4.1,0.548,3.6,6.9,10.5,2.8,1.3,2.7,2.0,5.2,16.9,
296.0,Clint Capela,31.0,HOU,C,74.0,2.0,903.0,4.3,8.6,0.505,0.0,0.0,,4.3,8.6,0.505,0.505,1.6,2.8,0.577,6.1,7.1,13.2,2.0,1.4,2.4,1.6,2.8,10.3,
297.0,Josh Green,25.0,CHO,SG,57.0,0.0,898.0,3.3,7.2,0.458,2.3,5.5,0.419,1.0,1.7,0.581,0.617,1.0,1.1,0.893,1.8,2.2,4.0,1.9,1.4,0.2,1.4,2.6,9.9,
298.0,Ben Saraf,19.0,BRK,SG,43.0,10.0,890.0,4.6,11.9,0.389,0.8,3.6,0.213,3.8,8.3,0.466,0.422,2.8,3.4,0.833,0.7,2.9,3.6,5.7,1.5,0.3,3.8,3.0,12.8,
299.0,Dylan Cardwell,24.0,SAC,C,43.0,1.0,886.0,4.1,7.0,0.593,0.1,0.1,0.667,4.1,6.9,0.592,0.599,1.1,2.1,0.51,5.8,7.4,13.2,2.5,1.2,2.7,1.5,6.3,9.4,
300.0,Jaden Hardy,23.0,2TM,SG,56.0,4.0,882.0,7.3,17.3,0.426,4.2,10.5,0.395,3.2,6.7,0.473,0.546,2.2,3.0,0.753,0.6,2.9,3.5,2.2,0.7,0.2,2.5,3.4,21.1,
300.0,Jaden Hardy,23.0,DAL,SG,34.0,4.0,428.0,6.6,16.3,0.402,3.9,10.4,0.371,2.7,5.9,0.457,0.521,2.6,3.4,0.775,0.9,3.0,4.0,2.4,0.8,0.2,2.3,3.3,19.6,
300.0,Jaden Hardy,23.0,WAS,SG,22.0,0.0,454.0,8.1,18.2,0.445,4.4,10.6,0.418,3.6,7.5,0.484,0.568,1.9,2.6,0.727,0.3,2.7,3.0,2.1,0.6,0.3,2.8,3.6,22.5,
301.0,Cam Thomas,24.0,2TM,SG,42.0,8.0,881.0,7.7,18.8,0.41,2.1,6.9,0.31,5.6,12.0,0.468,0.466,5.6,6.9,0.811,0.4,2.5,2.9,4.4,0.4,0.2,3.0,1.8,23.2,
301.0,Cam Thomas,24.0,BRK,SG,24.0,8.0,582.0,7.6,19.1,0.399,2.4,7.2,0.325,5.3,11.8,0.445,0.461,5.6,6.7,0.843,0.6,2.1,2.7,4.6,0.2,0.1,3.0,1.9,23.2,
301.0,Cam Thomas,24.0,MIL,SG,18.0,0.0,299.0,7.9,18.4,0.431,1.7,6.1,0.275,6.3,12.3,0.51,0.477,5.5,7.3,0.754,0.2,3.1,3.4,4.1,0.6,0.2,3.1,1.4,23.1,
302.0,Dwight Powell,34.0,DAL,C,62.0,11.0,880.0,2.5,4.0,0.639,0.0,0.2,0.2,2.5,3.8,0.663,0.644,3.2,4.6,0.696,3.8,6.2,10.0,2.7,1.4,0.9,1.7,5.3,8.3,
303.0,Bryce McGowens,23.0,NOP,SG,42.0,13.0,880.0,4.7,9.7,0.481,1.6,3.8,0.409,3.1,5.9,0.528,0.561,3.0,3.9,0.779,0.5,3.1,3.6,2.5,1.1,0.4,0.7,3.6,13.9,
304.0,Paul Reed,26.0,DET,C,64.0,10.0,879.0,8.1,13.4,0.604,0.5,1.6,0.325,7.6,11.8,0.642,0.623,2.8,4.3,0.651,5.2,6.6,11.8,3.2,2.2,2.3,2.4,4.9,19.6,
305.0,Gabe Vincent,29.0,2TM,PG,53.0,7.0,879.0,3.1,8.8,0.352,2.4,7.1,0.341,0.7,1.8,0.395,0.488,0.8,0.9,0.87,0.7,1.5,2.2,3.1,1.1,0.1,1.1,3.2,9.5,
305.0,Gabe Vincent,29.0,LAL,PG,29.0,7.0,559.0,2.9,8.4,0.346,2.4,6.6,0.369,0.5,1.7,0.259,0.492,0.6,0.7,0.909,0.5,1.3,1.7,2.4,0.9,0.1,0.8,3.4,8.9,
305.0,Gabe Vincent,29.0,ATL,PG,24.0,0.0,320.0,3.5,9.7,0.36,2.4,7.9,0.3,1.1,1.8,0.625,0.483,1.1,1.4,0.833,1.1,1.9,3.0,4.4,1.5,0.2,1.7,2.9,10.5,
306.0,Micah Potter,27.0,IND,C,46.0,6.0,874.0,6.0,11.5,0.518,2.8,6.5,0.43,3.2,5.0,0.631,0.639,3.5,4.2,0.842,2.3,6.8,9.1,2.8,0.8,0.6,1.8,3.3,18.2,
307.0,Micah Peavy,24.0,NOP,SG,60.0,3.0,872.0,4.1,10.9,0.38,1.1,4.3,0.25,3.1,6.6,0.465,0.43,0.6,0.9,0.714,1.8,2.9,4.7,2.4,1.7,0.3,0.8,3.7,9.9,
308.0,Quenton Jackson,27.0,IND,PG,48.0,18.0,868.0,6.1,13.0,0.47,1.7,4.7,0.36,4.4,8.3,0.533,0.535,3.8,4.7,0.814,1.2,3.6,4.7,5.5,1.2,0.2,2.5,3.4,17.7,
309.0,Jaylen Clark,24.0,MIN,SG,67.0,0.0,857.0,4.0,9.2,0.438,1.3,3.9,0.33,2.7,5.3,0.52,0.509,1.8,2.8,0.657,2.2,2.7,4.9,1.7,2.0,0.3,0.9,3.6,11.2,
310.0,Trendon Watford,25.0,PHI,PF,52.0,7.0,857.0,5.8,11.2,0.513,0.4,2.1,0.2,5.3,9.1,0.585,0.532,2.5,3.2,0.779,1.6,5.8,7.4,5.5,0.7,0.9,2.6,4.4,14.5,
311.0,Caleb Martin,30.0,DAL,SF,58.0,12.0,856.0,3.6,7.9,0.45,0.8,2.4,0.351,2.7,5.6,0.492,0.503,1.6,2.6,0.607,1.2,4.8,6.0,3.4,1.7,0.6,1.7,3.6,9.5,
312.0,Jevon Carter,30.0,2TM,PG,52.0,1.0,853.0,5.1,12.8,0.401,3.2,8.9,0.363,1.9,3.9,0.489,0.528,0.6,0.8,0.789,0.6,3.1,3.7,3.7,1.6,0.4,1.5,2.4,14.2,
312.0,Jevon Carter,30.0,CHI,PG,23.0,0.0,254.0,5.8,14.6,0.398,4.5,11.1,0.41,1.3,3.5,0.36,0.553,1.4,1.4,1.0,0.7,3.0,3.7,2.7,1.8,0.3,1.6,2.7,17.6,
312.0,Jevon Carter,30.0,ORL,PG,29.0,1.0,599.0,4.9,12.1,0.403,2.7,8.1,0.336,2.2,4.0,0.537,0.515,0.3,0.5,0.556,0.5,3.1,3.7,4.1,1.6,0.5,1.4,2.3,12.7,
313.0,Kyle Anderson,32.0,3TM,SF,43.0,5.0,853.0,4.5,8.5,0.53,0.2,0.5,0.364,4.3,8.1,0.539,0.54,2.0,2.9,0.706,1.8,4.6,6.3,5.3,1.9,1.1,1.6,4.1,11.2,
313.0,Kyle Anderson,32.0,UTA,SF,20.0,0.0,401.0,5.1,9.8,0.523,0.3,0.4,0.6,4.8,9.3,0.519,0.537,2.2,3.4,0.658,1.7,4.2,5.9,5.5,2.1,0.9,1.5,4.1,12.7,
313.0,Kyle Anderson,32.0,MEM,SF,4.0,3.0,89.0,6.1,7.7,0.789,0.4,0.4,1.0,5.7,7.3,0.778,0.816,2.4,3.2,0.75,1.2,4.4,5.7,1.2,2.4,1.6,2.8,4.9,15.0,
313.0,Kyle Anderson,32.0,MIN,SF,19.0,2.0,363.0,3.5,7.3,0.473,0.0,0.5,0.0,3.5,6.8,0.507,0.473,1.7,2.2,0.773,2.0,5.0,6.9,6.1,1.6,1.2,1.5,3.8,8.6,
314.0,Jonas Valančiūnas,33.0,DEN,C,64.0,6.0,852.0,9.3,15.8,0.586,0.3,1.0,0.333,8.9,14.8,0.603,0.596,4.4,5.7,0.772,4.2,9.2,13.4,3.1,0.6,1.5,3.0,5.5,23.3,
315.0,Josh Minott,23.0,2TM,PF,49.0,11.0,834.0,5.4,10.9,0.5,2.8,6.6,0.418,2.7,4.3,0.626,0.627,2.1,2.6,0.787,2.1,4.7,6.8,2.0,1.9,1.0,1.9,3.2,15.7,
315.0,Josh Minott,23.0,BOS,PF,33.0,10.0,526.0,4.7,9.3,0.507,2.3,5.3,0.442,2.4,4.0,0.593,0.632,1.4,1.8,0.769,2.7,5.3,8.1,2.3,1.6,0.8,1.4,3.5,13.1,
315.0,Josh Minott,23.0,BRK,SF,16.0,1.0,308.0,6.7,13.6,0.491,3.5,8.9,0.395,3.2,4.7,0.675,0.621,3.3,4.1,0.8,0.9,3.7,4.7,1.5,2.3,1.4,2.7,2.6,20.1,
316.0,Jalen Wilson,25.0,BRK,PF,53.0,2.0,833.0,4.6,11.6,0.398,2.3,6.6,0.355,2.3,5.1,0.453,0.498,2.9,3.9,0.733,0.6,4.0,4.6,2.0,0.9,0.1,1.6,3.5,14.4,
317.0,Jonathan Kuminga,23.0,2TM,PF,36.0,14.0,830.0,6.8,14.7,0.463,1.5,4.6,0.333,5.3,10.1,0.521,0.515,3.9,5.3,0.724,2.1,6.6,8.8,3.6,1.0,0.5,2.9,2.4,19.0,
317.0,Jonathan Kuminga,23.0,GSW,PF,20.0,13.0,476.0,6.7,14.7,0.454,1.3,4.0,0.321,5.4,10.7,0.504,0.497,3.7,5.0,0.742,2.2,6.7,8.8,3.8,0.6,0.5,3.5,2.5,18.3,
317.0,Jonathan Kuminga,23.0,ATL,PF,16.0,1.0,354.0,7.0,14.7,0.476,1.8,5.3,0.346,5.2,9.5,0.548,0.538,4.1,5.8,0.702,2.0,6.6,8.6,3.4,1.4,0.5,2.1,2.2,19.9,
318.0,Jalen Green,23.0,PHO,SG,32.0,27.0,828.0,9.4,22.3,0.422,3.1,9.9,0.313,6.3,12.4,0.509,0.491,2.8,3.8,0.747,0.7,4.3,5.0,4.0,1.5,0.3,3.1,1.8,24.7,
319.0,Julian Strawther,23.0,DEN,SG,56.0,13.0,826.0,6.1,13.1,0.467,2.4,6.2,0.38,3.7,6.9,0.544,0.557,2.4,2.9,0.818,0.5,4.2,4.7,2.5,1.0,0.3,1.4,3.1,16.9,
320.0,Kenrich Williams,31.0,OKC,PF,55.0,2.0,822.0,5.9,12.4,0.475,2.1,5.4,0.39,3.8,7.1,0.54,0.56,1.4,2.2,0.64,2.5,5.3,7.8,3.1,1.4,0.2,1.8,2.5,15.3,
321.0,Daeqwon Plowden,27.0,SAC,SG,31.0,6.0,822.0,5.2,12.0,0.431,2.7,8.0,0.335,2.5,4.0,0.62,0.542,1.7,2.0,0.848,1.4,2.8,4.2,1.7,1.0,0.2,1.0,3.2,14.7,
322.0,Vince Williams Jr.,25.0,2TM,SG,40.0,12.0,820.0,4.5,12.8,0.353,2.4,7.8,0.311,2.1,5.0,0.417,0.447,1.7,2.2,0.78,1.7,5.1,6.8,7.3,1.3,0.7,3.1,3.5,13.2,
322.0,Vince Williams Jr.,25.0,MEM,PG,34.0,12.0,736.0,4.5,12.9,0.352,2.4,7.8,0.308,2.2,5.1,0.419,0.445,1.8,2.3,0.804,1.7,5.0,6.7,7.3,1.3,0.7,3.1,3.5,13.3,
322.0,Vince Williams Jr.,25.0,UTA,SG,6.0,0.0,84.0,4.3,12.0,0.357,2.6,7.7,0.333,1.7,4.3,0.4,0.464,0.9,1.7,0.5,2.1,6.0,8.1,6.9,0.9,0.9,3.0,3.9,12.0,
323.0,Nikola Jović,22.0,MIA,PF,47.0,1.0,808.0,5.1,14.0,0.366,2.0,7.4,0.269,3.1,6.5,0.476,0.438,3.1,4.5,0.683,1.1,5.7,6.8,4.5,1.2,0.8,2.9,2.9,15.3,
324.0,Javon Small,23.0,MEM,PG,40.0,12.0,804.0,5.7,12.0,0.472,2.6,5.9,0.439,3.1,6.1,0.504,0.58,3.0,3.6,0.825,1.6,4.0,5.6,6.7,1.4,0.4,2.4,2.9,16.9,
325.0,Buddy Hield,33.0,2TM,SG,50.0,3.0,798.0,5.9,13.9,0.424,3.0,9.1,0.333,2.9,4.9,0.593,0.532,1.4,1.7,0.811,1.2,3.9,5.1,3.1,1.7,0.4,2.1,2.6,16.2,
325.0,Buddy Hield,33.0,GSW,SG,44.0,3.0,768.0,6.1,14.1,0.433,3.1,9.1,0.344,3.0,4.9,0.6,0.545,1.3,1.6,0.794,1.2,3.8,5.1,3.1,1.7,0.4,2.0,2.6,16.6,
325.0,Buddy Hield,33.0,ATL,SG,6.0,0.0,30.0,1.2,10.8,0.111,0.0,7.2,0.0,1.2,3.6,0.333,0.111,3.6,3.6,1.0,1.2,4.8,6.0,2.4,1.2,0.0,6.0,1.2,6.0,
326.0,Keegan Murray,25.0,SAC,PF,23.0,22.0,793.0,5.7,13.6,0.42,1.4,5.1,0.277,4.3,8.5,0.505,0.472,1.7,2.2,0.776,1.5,4.5,6.0,1.7,1.1,1.6,1.2,1.9,14.6,
327.0,Carter Bryant,20.0,SAS,PF,70.0,0.0,788.0,4.7,11.5,0.405,2.3,6.8,0.345,2.3,4.8,0.49,0.506,1.4,1.9,0.732,1.6,6.3,7.9,1.9,0.7,0.9,1.5,4.1,13.0,
328.0,Jalen Pickett,26.0,DEN,SG,49.0,18.0,777.0,4.4,10.1,0.429,2.2,5.7,0.393,2.1,4.5,0.474,0.539,0.6,0.7,0.867,0.8,4.3,5.1,5.1,0.6,0.2,1.5,1.9,11.5,
329.0,Tyrese Martin,26.0,2TM,SG,45.0,6.0,775.0,5.1,12.9,0.394,2.5,7.7,0.321,2.6,5.2,0.5,0.489,0.9,1.3,0.679,1.6,3.8,5.4,3.6,1.2,0.3,1.9,1.5,13.5,
329.0,Tyrese Martin,26.0,BRK,SG,37.0,6.0,696.0,5.2,13.2,0.392,2.6,7.9,0.336,2.5,5.3,0.476,0.492,1.0,1.3,0.731,1.7,3.8,5.5,3.6,1.1,0.2,1.7,1.6,14.0,
329.0,Tyrese Martin,26.0,PHI,SG,8.0,0.0,79.0,4.1,10.0,0.409,0.9,5.9,0.154,3.2,4.1,0.778,0.455,0.0,0.9,0.0,0.9,3.6,4.6,4.1,1.4,0.9,3.2,1.4,9.1,
330.0,Aaron Holiday,29.0,HOU,PG,56.0,1.0,761.0,4.9,11.7,0.415,3.1,7.9,0.392,1.8,3.9,0.463,0.546,1.6,1.8,0.872,0.6,2.0,2.6,2.7,1.2,0.2,1.8,3.4,14.4,
331.0,Noah Penda,21.0,ORL,SF,59.0,2.0,757.0,3.9,9.7,0.404,1.4,4.4,0.323,2.5,5.2,0.473,0.478,1.6,2.3,0.688,3.2,5.7,8.9,3.3,1.4,0.9,2.0,3.3,10.8,
332.0,Jabari Walker,23.0,PHI,PF,63.0,6.0,754.0,4.5,10.1,0.45,1.5,4.5,0.33,3.1,5.6,0.547,0.524,2.3,3.1,0.75,3.4,5.7,9.1,1.6,1.1,0.6,1.3,4.8,12.8,
333.0,Kristaps Porziņģis,30.0,2TM,C,31.0,22.0,745.0,8.2,18.4,0.447,2.6,7.5,0.346,5.6,10.8,0.518,0.518,6.1,7.3,0.836,1.8,5.8,7.7,3.9,0.9,1.8,2.0,4.3,25.2,
333.0,Kristaps Porziņģis,30.0,ATL,C,17.0,12.0,413.0,8.4,18.3,0.457,2.7,7.5,0.36,5.7,10.8,0.524,0.531,5.9,7.1,0.84,1.8,5.8,7.6,4.0,0.8,1.9,1.4,4.7,25.4,
333.0,Kristaps Porziņģis,30.0,GSW,C,14.0,10.0,332.0,8.0,18.4,0.435,2.5,7.6,0.329,5.5,10.8,0.51,0.503,6.4,7.7,0.831,1.8,6.0,7.8,3.7,1.0,1.7,2.7,3.7,24.9,
334.0,Pete Nance,25.0,MIL,PF,47.0,6.0,737.0,4.9,9.5,0.515,2.4,5.8,0.42,2.4,3.7,0.667,0.644,0.2,0.5,0.364,1.3,4.8,6.1,2.3,0.7,0.7,1.3,3.0,12.4,
335.0,Thomas Bryant,28.0,CLE,C,60.0,1.0,732.0,6.6,13.1,0.506,2.3,6.4,0.359,4.3,6.7,0.647,0.594,2.6,3.2,0.803,2.9,7.2,10.1,1.6,0.9,1.3,1.4,3.7,18.2,
336.0,Steven Adams,32.0,HOU,C,32.0,11.0,730.0,3.5,6.9,0.504,0.0,0.0,,3.5,6.9,0.504,0.504,2.3,4.0,0.58,7.2,6.5,13.6,2.4,1.1,1.0,1.7,2.7,9.2,
337.0,Lonzo Ball,28.0,CLE,PG,35.0,3.0,728.0,2.6,8.7,0.301,2.0,7.3,0.272,0.6,1.4,0.448,0.415,0.7,1.0,0.667,1.3,5.6,6.9,6.7,2.2,0.4,2.6,2.3,7.9,
338.0,Tyler Kolek,24.0,NYK,PG,62.0,1.0,727.0,5.3,12.3,0.435,2.2,5.6,0.386,3.2,6.6,0.478,0.524,0.7,1.0,0.7,0.8,4.1,4.9,8.4,1.1,0.2,2.7,3.2,13.6,
339.0,Scoot Henderson,21.0,POR,PG,29.0,9.0,721.0,6.8,16.5,0.415,2.7,7.7,0.355,4.1,8.7,0.469,0.498,4.1,4.9,0.838,0.9,3.0,3.9,5.4,1.2,0.4,3.5,4.1,20.6,
340.0,Nick Richards,28.0,2TM,C,48.0,6.0,701.0,5.3,10.3,0.512,0.3,0.9,0.278,5.0,9.4,0.536,0.525,3.3,5.2,0.644,4.0,8.5,12.5,0.8,0.5,1.6,3.0,4.5,14.2,
340.0,Nick Richards,28.0,PHO,C,28.0,2.0,254.0,5.0,10.1,0.493,0.0,0.0,,5.0,10.1,0.493,0.493,2.7,4.0,0.679,5.0,7.9,12.9,1.1,0.6,2.0,3.5,5.5,12.6,
340.0,Nick Richards,28.0,CHI,C,20.0,4.0,447.0,5.5,10.5,0.523,0.4,1.4,0.278,5.1,9.0,0.563,0.542,3.7,5.9,0.63,3.4,8.9,12.2,0.6,0.5,1.4,2.7,3.9,15.1,
341.0,Jett Howard,22.0,ORL,SF,55.0,0.0,695.0,5.4,13.0,0.418,2.8,7.5,0.372,2.6,5.5,0.481,0.526,1.9,2.0,0.949,1.2,3.3,4.5,2.3,0.5,0.6,0.8,3.4,15.6,
342.0,Grant Williams,27.0,CHO,PF,35.0,3.0,691.0,3.9,9.3,0.419,2.6,6.8,0.382,1.3,2.5,0.521,0.559,2.3,2.8,0.815,2.3,4.8,7.1,2.8,0.9,0.9,1.6,2.9,12.7,
343.0,Leonard Miller,22.0,2TM,SF,45.0,11.0,684.0,7.2,13.2,0.548,1.6,5.0,0.326,5.6,8.2,0.684,0.61,2.1,2.7,0.75,2.7,6.4,9.2,2.0,0.9,0.7,1.7,3.3,18.1,
343.0,Leonard Miller,22.0,MIN,SF,19.0,0.0,95.0,6.8,12.5,0.545,0.4,4.5,0.083,6.4,8.0,0.81,0.561,2.7,4.2,0.636,2.7,6.8,9.5,1.9,1.5,0.0,3.4,4.5,16.7,
343.0,Leonard Miller,22.0,CHI,SF,26.0,11.0,589.0,7.3,13.3,0.548,1.8,5.1,0.361,5.4,8.2,0.664,0.618,2.0,2.5,0.78,2.8,6.4,9.1,2.0,0.8,0.9,1.5,3.1,18.3,
344.0,Sharife Cooper,24.0,WAS,PG,40.0,1.0,672.0,6.4,12.6,0.504,1.4,3.9,0.375,4.9,8.8,0.561,0.561,2.6,3.1,0.828,0.9,3.6,4.5,6.3,0.9,0.3,3.1,3.2,16.8,
345.0,Tristan Vukcevic,22.0,WAS,C,49.0,12.0,671.0,8.2,17.0,0.479,2.7,7.7,0.347,5.5,9.3,0.59,0.558,4.7,6.0,0.784,1.7,6.2,7.9,3.0,1.2,1.8,3.3,4.4,23.7,
346.0,Jaden Ivey,23.0,2TM,SG,37.0,5.0,670.0,6.1,13.8,0.445,2.7,7.2,0.373,3.4,6.6,0.525,0.543,2.0,2.5,0.809,1.3,3.6,4.9,3.7,1.2,0.8,2.2,2.8,17.0,
346.0,Jaden Ivey,23.0,DET,SG,33.0,2.0,555.0,6.4,14.3,0.45,2.7,7.3,0.372,3.7,6.9,0.533,0.545,1.9,2.5,0.789,1.2,3.4,4.7,3.4,1.0,0.8,2.3,2.9,17.5,
346.0,Jaden Ivey,23.0,CHI,SG,4.0,3.0,115.0,4.7,11.3,0.417,2.5,6.6,0.381,2.2,4.7,0.467,0.528,2.5,2.8,0.889,1.6,4.4,5.9,5.0,2.5,0.6,1.9,2.8,14.4,
347.0,Devin Carter,23.0,SAC,PG,37.0,11.0,666.0,6.4,15.0,0.424,1.6,6.0,0.27,4.8,9.0,0.527,0.478,3.5,4.8,0.73,1.7,4.7,6.4,5.0,1.7,0.4,2.8,2.6,17.9,
348.0,Tre Mann,24.0,CHO,PG,52.0,1.0,664.0,5.9,16.4,0.361,2.7,8.4,0.323,3.2,8.0,0.401,0.444,1.2,1.5,0.852,1.1,3.9,5.0,4.7,1.4,0.3,2.9,3.7,15.8,
349.0,Gary Harris,31.0,MIL,SG,48.0,2.0,661.0,2.5,5.7,0.442,1.5,3.7,0.412,1.0,2.0,0.5,0.577,0.4,0.5,0.889,0.9,2.5,3.3,2.8,1.5,0.5,1.0,2.9,7.0,
350.0,Jordan Hawkins,23.0,NOP,SG,50.0,0.0,659.0,4.9,13.1,0.377,2.5,7.2,0.351,2.4,5.9,0.407,0.473,1.0,1.3,0.826,1.0,3.5,4.5,2.1,0.7,0.5,1.9,1.5,13.4,
351.0,Johnny Furphy,21.0,IND,SG,35.0,21.0,643.0,3.9,8.3,0.47,1.3,4.0,0.324,2.6,4.4,0.603,0.547,1.0,2.0,0.486,1.8,6.8,8.6,2.3,1.1,0.4,1.6,3.6,10.1,
352.0,Rasheer Fleming,21.0,PHO,PF,54.0,0.0,635.0,4.6,11.5,0.401,2.3,7.0,0.333,2.3,4.5,0.506,0.502,1.1,1.9,0.559,3.2,3.5,6.7,0.8,1.1,1.1,1.5,3.5,12.6,
353.0,Jahmai Mashack,23.0,MEM,SG,30.0,6.0,635.0,4.1,10.4,0.399,1.0,3.7,0.258,3.2,6.6,0.479,0.445,1.0,1.9,0.529,1.3,3.2,4.5,3.3,2.1,0.7,2.6,3.5,10.3,
354.0,Anthony Davis,32.0,DAL,PF,20.0,20.0,626.0,9.7,19.2,0.506,0.6,2.1,0.27,9.1,17.1,0.535,0.521,3.4,4.7,0.728,3.6,9.1,12.7,3.2,1.3,1.9,2.4,2.4,23.4,
355.0,Ethan Thompson,26.0,IND,SG,31.0,12.0,615.0,4.0,10.7,0.379,2.0,6.3,0.324,2.0,4.3,0.459,0.475,1.9,2.4,0.78,0.9,3.0,3.9,3.0,1.1,0.5,1.3,3.9,12.0,
356.0,Kevin Love,37.0,UTA,PF,37.0,5.0,613.0,4.6,11.7,0.397,3.1,8.3,0.373,1.5,3.3,0.456,0.53,2.2,2.6,0.841,3.2,9.4,12.6,3.9,0.8,0.5,1.8,3.2,14.6,
357.0,Zeke Nnaji,25.0,DEN,PF,51.0,3.0,606.0,4.0,8.6,0.469,0.8,3.1,0.269,3.2,5.5,0.581,0.517,2.0,2.6,0.773,2.0,6.0,8.0,1.6,1.0,1.4,1.6,4.0,10.9,
358.0,Jamaree Bouyea,26.0,PHO,PG,45.0,0.0,604.0,5.7,12.7,0.451,1.2,4.2,0.286,4.5,8.5,0.531,0.498,1.4,2.0,0.727,1.1,3.5,4.6,4.4,1.7,0.8,1.5,2.2,14.1,
359.0,Mohamed Diawara,20.0,NYK,SF,68.0,6.0,600.0,5.3,12.2,0.431,2.9,7.5,0.384,2.4,4.7,0.506,0.549,1.0,1.4,0.739,0.9,4.5,5.4,2.8,1.0,0.4,1.7,2.9,14.5,
360.0,Dorian Finney-Smith,32.0,HOU,PF,36.0,1.0,599.0,2.5,7.5,0.331,1.6,5.7,0.274,0.9,1.7,0.517,0.435,0.4,0.4,0.857,2.0,3.5,5.5,2.1,0.9,0.4,1.3,3.6,6.9,
361.0,Kam Jones,23.0,IND,SG,36.0,7.0,596.0,3.9,9.8,0.401,1.2,4.3,0.282,2.7,5.5,0.495,0.463,0.2,0.5,0.5,0.8,2.7,3.6,6.9,1.1,0.0,2.1,2.4,9.3,
362.0,Jase Richardson,20.0,ORL,SG,54.0,0.0,587.0,5.5,11.5,0.473,1.7,4.8,0.354,3.7,6.7,0.56,0.548,2.0,2.8,0.717,1.3,2.6,3.9,3.6,1.2,0.1,1.5,3.3,14.7,
363.0,Taurean Prince,31.0,MIL,SF,25.0,6.0,579.0,5.0,11.0,0.458,3.6,8.1,0.446,1.4,2.9,0.489,0.621,0.3,0.3,1.0,0.2,4.5,4.7,2.7,0.9,0.4,1.8,2.9,14.0,
364.0,Tidjane Salaün,20.0,CHO,PF,36.0,0.0,571.0,5.0,10.0,0.506,2.3,5.2,0.434,2.8,4.7,0.587,0.62,1.6,2.5,0.65,1.6,7.8,9.4,1.7,1.0,0.4,1.6,3.4,14.0,
365.0,Ja Morant,26.0,MEM,PG,20.0,20.0,569.0,8.4,20.4,0.41,1.3,5.4,0.235,7.1,15.0,0.473,0.441,6.6,7.4,0.897,0.5,3.6,4.1,10.2,1.3,0.4,4.5,2.5,24.6,
366.0,Domantas Sabonis,29.0,SAC,C,19.0,15.0,564.0,7.7,14.1,0.543,0.3,1.7,0.185,7.3,12.4,0.593,0.554,3.6,4.9,0.727,4.1,9.7,13.8,5.0,1.1,0.3,3.3,4.2,19.2,
367.0,Drew Eubanks,28.0,SAC,C,42.0,11.0,552.0,6.1,10.2,0.596,0.1,0.5,0.143,6.0,9.7,0.617,0.599,2.1,3.7,0.561,2.5,5.7,8.3,1.2,1.0,1.7,2.0,3.7,14.3,
368.0,Dalen Terry,23.0,2TM,SG,47.0,0.0,546.0,4.4,10.2,0.435,1.6,4.4,0.364,2.8,5.8,0.489,0.513,1.1,1.9,0.552,1.6,3.9,5.5,4.4,1.9,1.0,1.7,3.2,11.5,
368.0,Dalen Terry,23.0,CHI,SG,34.0,0.0,377.0,4.3,9.7,0.441,1.8,4.4,0.413,2.5,5.3,0.464,0.534,0.9,1.6,0.529,1.8,4.3,6.1,4.1,2.1,1.1,2.0,3.2,11.3,
368.0,Dalen Terry,23.0,PHI,SG,13.0,0.0,169.0,4.7,11.1,0.423,1.1,4.3,0.25,3.6,6.8,0.531,0.471,1.5,2.6,0.583,1.3,3.0,4.3,4.9,1.5,0.9,1.1,3.4,11.9,
369.0,Elijah Harkless,25.0,UTA,SG,26.0,9.0,545.0,3.6,10.6,0.335,1.4,5.8,0.239,2.2,4.8,0.452,0.401,3.2,4.2,0.766,0.7,2.8,3.5,5.0,2.0,0.4,1.7,3.4,11.8,
370.0,Dalton Knecht,24.0,LAL,SF,53.0,1.0,541.0,5.4,12.1,0.445,2.2,7.0,0.314,3.2,5.1,0.623,0.536,1.1,1.5,0.727,0.9,3.9,4.9,1.1,0.7,0.7,1.5,2.8,14.0,
371.0,Cole Anthony,25.0,MIL,PG,35.0,0.0,527.0,6.7,15.8,0.424,1.5,4.9,0.306,5.2,10.9,0.478,0.472,1.1,1.8,0.615,1.1,4.9,5.9,8.3,1.4,0.8,4.4,5.0,16.0,
372.0,Jayson Tatum,27.0,BOS,PF,16.0,16.0,522.0,8.1,19.8,0.411,3.2,9.9,0.329,4.9,9.9,0.493,0.493,4.5,5.4,0.823,0.6,10.5,11.0,5.9,1.5,0.2,2.7,1.8,24.0,
373.0,Jonathan Isaac,28.0,ORL,PF,52.0,0.0,521.0,3.2,7.5,0.422,0.5,2.6,0.184,2.7,4.9,0.549,0.454,2.4,4.0,0.603,3.0,6.1,9.1,1.5,1.4,2.1,1.2,2.8,9.3,
374.0,Jamison Battle,24.0,TOR,SF,60.0,2.0,512.0,5.1,10.1,0.51,2.5,5.9,0.417,2.7,4.1,0.644,0.633,0.6,1.0,0.643,1.4,4.9,6.3,1.7,0.5,0.2,1.3,3.0,13.4,
375.0,Tyrese Proctor,21.0,CLE,PG,49.0,1.0,510.0,5.9,14.8,0.402,3.0,8.7,0.341,3.0,6.1,0.488,0.502,2.8,3.2,0.889,0.7,3.0,3.7,4.7,1.7,0.0,2.3,4.1,17.6,
376.0,Keaton Wallace,26.0,ATL,PG,52.0,2.0,504.0,4.7,11.3,0.418,2.6,6.7,0.394,2.1,4.6,0.453,0.535,0.6,1.0,0.643,0.2,3.5,3.7,6.3,1.7,0.4,1.9,3.2,12.7,
377.0,Terrence Shannon Jr.,25.0,MIN,SG,42.0,1.0,503.0,5.1,11.0,0.464,2.2,4.9,0.449,2.9,6.0,0.476,0.565,3.0,3.7,0.808,0.6,2.6,3.2,2.4,0.9,0.1,1.5,3.4,15.4,
378.0,D'Angelo Russell,29.0,DAL,PG,26.0,3.0,495.0,6.8,16.9,0.405,2.4,8.1,0.295,4.4,8.7,0.508,0.476,3.1,4.4,0.717,0.6,3.9,4.4,7.6,0.9,0.1,3.6,2.2,19.2,
379.0,Trayce Jackson-Davis,25.0,2TM,C,52.0,1.0,491.0,5.1,8.9,0.57,0.1,0.1,1.0,5.0,8.8,0.567,0.574,2.8,5.4,0.514,4.8,5.6,10.3,2.9,1.2,1.7,1.6,3.2,13.0,
379.0,Trayce Jackson-Davis,25.0,GSW,C,36.0,1.0,411.0,5.3,8.9,0.588,0.1,0.1,1.0,5.2,8.8,0.584,0.593,2.5,4.6,0.558,4.1,5.7,9.8,2.8,1.1,1.7,1.6,3.5,13.1,
379.0,Trayce Jackson-Davis,25.0,TOR,C,16.0,0.0,80.0,4.1,8.6,0.474,0.0,0.0,,4.1,8.6,0.474,0.474,4.1,9.9,0.409,8.1,5.0,13.1,3.2,1.8,1.8,1.8,1.8,12.2,
380.0,Moussa Cisse,23.0,DAL,C,37.0,1.0,489.0,4.4,7.4,0.6,0.0,0.0,,4.4,7.4,0.6,0.6,2.4,5.5,0.44,5.8,8.6,14.4,0.6,1.3,3.2,2.0,5.1,11.3,
381.0,Cam Christie,20.0,LAC,SG,55.0,0.0,480.0,4.0,10.4,0.381,0.9,3.7,0.245,3.1,6.8,0.456,0.424,2.8,3.7,0.76,1.4,4.4,5.9,2.3,1.2,0.2,1.6,1.4,11.7,
382.0,Taelon Peter,23.0,IND,SG,37.0,0.0,478.0,4.4,11.4,0.388,3.0,9.1,0.331,1.4,2.3,0.613,0.52,0.8,1.2,0.625,0.8,3.5,4.3,3.0,1.9,0.3,2.0,2.8,12.7,
383.0,Matisse Thybulle,28.0,POR,SG,29.0,0.0,473.0,4.3,9.9,0.431,2.7,6.8,0.4,1.5,3.0,0.5,0.569,1.6,1.9,0.84,1.3,3.1,4.4,2.1,4.6,1.2,2.1,3.2,12.9,
384.0,Jamal Cain,26.0,ORL,SF,39.0,1.0,470.0,5.7,11.6,0.49,2.1,5.5,0.389,3.5,6.1,0.582,0.583,2.8,3.4,0.841,2.1,3.8,5.8,2.2,0.8,0.3,1.5,4.0,16.3,
385.0,Ariel Hukporti,23.0,NYK,C,53.0,4.0,468.0,3.2,5.5,0.569,0.1,0.3,0.25,3.1,5.2,0.588,0.576,2.0,2.5,0.788,4.2,7.4,11.5,2.2,0.6,1.8,2.2,4.9,8.4,
386.0,Amir Coffey,28.0,2TM,SG,45.0,2.0,464.0,3.7,7.7,0.485,1.1,3.3,0.326,2.6,4.3,0.607,0.556,1.7,2.2,0.786,1.4,2.8,4.2,1.9,0.7,0.4,0.6,2.3,10.2,
386.0,Amir Coffey,28.0,MIL,SG,30.0,2.0,265.0,3.5,7.5,0.473,1.0,3.4,0.28,2.6,4.1,0.633,0.536,1.8,2.0,0.867,0.8,2.7,3.5,1.5,0.4,0.4,0.5,1.9,9.8,
386.0,Amir Coffey,28.0,PHO,SG,15.0,0.0,199.0,4.0,8.0,0.5,1.3,3.3,0.389,2.7,4.7,0.577,0.58,1.6,2.4,0.692,2.2,2.9,5.1,2.4,1.1,0.4,0.7,2.9,10.9,
387.0,Asa Newell,20.0,ATL,PF,43.0,1.0,461.0,6.6,12.2,0.538,2.2,5.6,0.389,4.4,6.6,0.667,0.628,1.1,2.0,0.56,3.1,3.5,6.6,1.9,1.2,1.1,1.6,4.9,16.4,
388.0,Marcus Sasser,25.0,DET,PG,37.0,5.0,449.0,5.5,13.9,0.393,3.4,8.3,0.417,2.0,5.6,0.357,0.517,1.2,1.4,0.833,0.6,2.6,3.1,6.0,1.6,0.3,2.5,3.2,15.6,
389.0,Jeremy Sochan,22.0,2TM,PF,43.0,0.0,449.0,4.8,9.6,0.5,0.7,3.1,0.231,4.1,6.5,0.63,0.538,1.4,1.9,0.708,2.7,5.4,8.1,2.8,1.4,0.6,1.7,4.7,11.7,
389.0,Jeremy Sochan,22.0,SAS,PF,28.0,0.0,358.0,4.7,10.0,0.475,0.9,3.5,0.257,3.8,6.4,0.594,0.52,1.1,1.6,0.688,2.6,4.7,7.3,2.8,1.0,0.5,1.8,5.0,11.5,
389.0,Jeremy Sochan,22.0,NYK,PF,15.0,0.0,91.0,5.1,8.3,0.619,0.0,1.6,0.0,5.1,6.7,0.765,0.619,2.4,3.2,0.75,3.2,7.9,11.1,2.8,2.8,0.8,1.2,3.2,12.7,
390.0,Maxi Kleber,34.0,LAL,PF,42.0,1.0,446.0,2.6,5.7,0.451,0.5,2.1,0.231,2.1,3.6,0.578,0.493,1.1,2.1,0.538,2.6,3.7,6.3,2.2,1.5,0.8,1.2,4.6,6.8,
391.0,Branden Carlson,26.0,OKC,C,41.0,3.0,446.0,7.1,13.4,0.53,2.1,6.1,0.342,5.0,7.3,0.689,0.608,1.1,1.9,0.583,2.3,6.9,9.2,2.3,0.5,1.8,1.2,2.9,17.4,
392.0,Bez Mbeng,22.0,UTA,SG,14.0,4.0,444.0,3.6,7.3,0.5,0.4,2.2,0.185,3.2,5.1,0.635,0.528,1.1,1.6,0.65,1.5,2.8,4.3,4.3,2.4,0.4,1.5,3.6,8.8,
393.0,Bogdan Bogdanović,33.0,LAC,SG,22.0,3.0,431.0,4.4,11.9,0.371,2.3,7.3,0.322,2.1,4.7,0.446,0.469,1.7,2.1,0.8,0.5,4.2,4.7,4.3,0.8,0.1,2.2,3.7,12.9,
394.0,Larry Nance Jr.,33.0,CLE,PF,34.0,2.0,429.0,4.0,9.9,0.407,1.7,5.0,0.333,2.3,4.9,0.483,0.492,0.4,0.9,0.455,2.3,5.0,7.3,2.6,1.8,0.4,1.7,4.4,10.2,
395.0,Tony Bradley,28.0,2TM,C,40.0,3.0,429.0,5.2,9.3,0.559,0.2,0.3,0.667,5.0,9.1,0.556,0.568,2.7,3.6,0.744,4.8,4.5,9.3,1.7,0.5,0.6,1.5,5.2,13.3,
395.0,Tony Bradley,28.0,IND,C,38.0,3.0,416.0,5.1,9.2,0.557,0.1,0.2,0.5,5.0,9.0,0.558,0.561,2.8,3.7,0.744,4.8,4.4,9.3,1.7,0.5,0.6,1.5,5.2,13.1,
395.0,Tony Bradley,28.0,ATL,C,2.0,0.0,13.0,8.3,13.8,0.6,2.8,2.8,1.0,5.5,11.1,0.5,0.7,0.0,0.0,,2.8,8.3,11.1,0.0,0.0,0.0,2.8,5.5,19.4,
396.0,AJ Johnson,21.0,2TM,SG,47.0,0.0,428.0,4.3,13.8,0.311,1.0,4.5,0.222,3.3,9.3,0.355,0.348,2.2,2.6,0.839,1.2,3.4,4.5,3.9,0.9,0.3,2.1,2.1,11.8,
396.0,AJ Johnson,21.0,WAS,SG,25.0,0.0,214.0,4.5,14.0,0.325,1.2,4.2,0.28,3.4,9.8,0.345,0.367,1.5,2.0,0.75,1.3,3.9,5.2,3.7,1.2,0.0,3.0,2.5,11.8,
396.0,AJ Johnson,21.0,DAL,SG,22.0,0.0,214.0,4.0,13.6,0.296,0.8,4.9,0.172,3.2,8.7,0.365,0.327,2.9,3.2,0.895,1.0,2.9,3.9,4.0,0.7,0.5,1.2,1.7,11.8,
397.0,Moritz Wagner,28.0,ORL,C,36.0,0.0,427.0,7.0,16.4,0.426,1.9,5.9,0.314,5.1,10.5,0.488,0.482,5.0,6.1,0.819,2.3,7.4,9.7,2.3,1.3,0.2,1.6,4.9,20.8,
398.0,Yanic Konan Niederhäuser,22.0,LAC,C,41.0,0.0,424.0,5.4,8.5,0.64,0.1,0.4,0.2,5.3,8.1,0.663,0.645,4.0,5.3,0.758,3.1,6.8,9.9,1.0,0.4,2.5,2.0,5.6,14.9,
399.0,Leaky Black,26.0,WAS,SF,14.0,9.0,424.0,3.4,8.5,0.4,1.6,4.5,0.358,1.8,4.0,0.447,0.495,0.6,0.7,0.875,1.3,5.0,6.3,1.8,1.4,0.7,1.2,3.4,9.0,
400.0,Oscar Tshiebwe,26.0,UTA,C,26.0,5.0,416.0,6.9,11.1,0.625,0.0,0.0,,6.9,11.1,0.625,0.625,1.9,3.5,0.537,5.9,8.1,14.0,2.5,1.4,0.4,1.6,3.3,15.8,
401.0,Doug McDermott,34.0,SAC,SF,28.0,0.0,414.0,4.5,11.7,0.388,4.0,10.3,0.387,0.5,1.3,0.4,0.56,0.6,0.6,1.0,0.6,2.3,3.0,1.9,0.4,0.3,1.1,2.1,13.7,
402.0,Obi Toppin,27.0,IND,PF,23.0,3.0,406.0,8.2,16.6,0.497,2.7,8.3,0.319,5.6,8.2,0.677,0.578,3.7,4.1,0.913,1.2,8.1,9.2,4.7,1.1,0.1,2.3,2.4,22.9,
403.0,Myron Gardner,24.0,MIA,SF,44.0,7.0,404.0,5.2,10.8,0.479,2.3,5.7,0.406,2.9,5.1,0.561,0.587,1.7,2.3,0.731,3.4,7.3,10.7,3.7,1.8,0.7,1.5,7.0,14.3,
404.0,Julian Phillips,22.0,2TM,SF,47.0,2.0,401.0,4.0,9.8,0.413,1.7,5.4,0.317,2.3,4.4,0.531,0.5,1.3,1.5,0.882,2.0,2.3,4.3,0.8,1.9,0.6,0.9,3.4,11.1,
404.0,Julian Phillips,22.0,CHI,SF,35.0,2.0,334.0,4.0,9.5,0.42,1.7,5.3,0.327,2.3,4.2,0.538,0.511,1.0,1.2,0.818,2.4,2.4,4.7,0.8,1.8,0.6,0.8,3.6,10.7,
404.0,Julian Phillips,22.0,MIN,SF,12.0,0.0,67.0,4.3,11.3,0.381,1.6,5.9,0.273,2.7,5.4,0.5,0.452,3.2,3.2,1.0,0.0,2.1,2.1,1.1,2.1,0.5,1.6,2.7,13.4,
405.0,Dejounte Murray,29.0,NOP,PG,14.0,14.0,389.0,8.1,16.8,0.484,1.8,5.7,0.306,6.4,11.1,0.575,0.536,3.6,4.2,0.867,0.4,6.6,6.9,8.2,2.1,0.3,4.3,3.1,21.7,
406.0,Trae Young,27.0,2TM,PG,15.0,15.0,384.0,7.6,16.6,0.458,2.5,7.5,0.338,5.1,9.1,0.557,0.534,7.5,9.1,0.825,0.4,2.4,2.8,11.3,1.2,0.2,3.7,3.1,25.2,
406.0,Trae Young,27.0,ATL,PG,10.0,10.0,280.0,7.2,17.4,0.415,2.3,7.6,0.305,4.9,9.8,0.5,0.481,8.1,9.4,0.863,0.0,1.9,1.9,11.4,1.3,0.1,3.3,2.6,24.8,
406.0,Trae Young,27.0,WAS,PG,5.0,5.0,104.0,8.7,14.5,0.595,3.1,7.3,0.429,5.5,7.3,0.762,0.702,5.9,8.3,0.708,1.4,3.8,5.2,10.7,1.0,0.3,4.5,4.5,26.3,
407.0,Julian Reese,22.0,WAS,PF,12.0,10.0,383.0,5.5,10.5,0.518,0.0,0.0,,5.5,10.5,0.518,0.518,2.3,3.8,0.6,5.0,7.6,12.6,2.3,1.4,0.8,3.0,3.9,13.2,
408.0,Khaman Maluach,19.0,PHO,C,45.0,1.0,382.0,4.5,8.5,0.533,0.3,1.5,0.188,4.2,7.0,0.608,0.55,2.1,2.9,0.71,4.0,7.3,11.2,0.6,0.4,2.9,2.3,3.8,11.4,
409.0,Killian Hayes,24.0,SAC,PG,22.0,3.0,380.0,3.7,12.3,0.3,1.5,5.9,0.258,2.2,6.4,0.338,0.362,2.3,2.5,0.923,0.4,4.5,4.9,7.4,1.8,0.4,2.6,3.1,11.2,
410.0,Jae'Sean Tate,30.0,HOU,SF,45.0,0.0,379.0,4.7,9.5,0.5,0.9,2.8,0.3,3.9,6.6,0.586,0.545,0.7,0.9,0.7,2.9,3.4,6.4,2.2,0.9,0.3,1.2,4.5,11.0,
411.0,Andre Jackson Jr.,24.0,MIL,SG,47.0,1.0,378.0,3.4,10.4,0.33,1.4,5.5,0.259,2.0,4.9,0.412,0.399,1.6,2.3,0.708,2.3,3.9,6.2,3.9,1.6,0.3,3.0,4.0,9.9,
412.0,Cameron Payne,31.0,PHI,PG,22.0,1.0,374.0,5.4,14.3,0.376,3.1,9.3,0.33,2.3,5.0,0.462,0.483,1.8,2.1,0.864,0.3,3.9,4.2,5.6,2.3,0.7,1.1,2.9,15.7,
413.0,Liam McNeeley,20.0,CHO,SF,30.0,0.0,363.0,3.8,9.3,0.404,2.4,6.0,0.4,1.4,3.4,0.412,0.532,3.2,3.9,0.821,1.3,5.9,7.1,2.3,0.5,0.3,1.3,3.6,13.1,
414.0,Jeremiah Robinson-Earl,25.0,2TM,PF,22.0,3.0,361.0,3.7,10.0,0.37,1.0,4.1,0.244,2.7,5.9,0.458,0.42,1.7,1.8,0.944,3.6,6.7,10.3,1.5,0.9,0.1,1.2,2.6,10.1,
414.0,Jeremiah Robinson-Earl,25.0,IND,PF,17.0,3.0,300.0,3.5,10.0,0.349,1.0,4.0,0.242,2.5,6.0,0.42,0.398,1.6,1.7,0.929,3.8,6.7,10.6,1.4,0.8,0.1,1.2,2.8,9.5,
414.0,Jeremiah Robinson-Earl,25.0,DAL,PF,5.0,0.0,61.0,4.7,10.0,0.471,1.2,4.7,0.25,3.5,5.3,0.667,0.529,2.4,2.4,1.0,2.4,6.5,8.9,1.8,1.2,0.0,1.2,1.8,13.0,
415.0,Kelly Olynyk,34.0,SAS,C,42.0,0.0,360.0,4.7,9.6,0.49,1.2,4.7,0.255,3.5,4.9,0.714,0.552,2.7,3.8,0.711,2.4,5.2,7.6,4.9,1.5,0.3,2.4,3.9,13.3,
416.0,Blake Wesley,22.0,POR,SG,30.0,0.0,359.0,5.6,12.4,0.452,1.0,3.6,0.278,4.6,8.8,0.523,0.492,2.6,4.7,0.553,0.8,3.1,3.9,6.2,1.6,0.5,3.1,3.3,14.8,
417.0,Bronny James,21.0,LAL,SG,41.0,1.0,357.0,4.3,10.9,0.398,1.9,5.3,0.358,2.4,5.5,0.436,0.486,0.6,0.7,0.857,0.5,1.7,2.2,4.7,1.8,0.4,2.5,2.7,11.2,
418.0,Nick Smith Jr.,21.0,LAL,SG,29.0,1.0,357.0,6.6,15.1,0.433,3.2,8.1,0.4,3.3,7.1,0.471,0.54,1.1,1.5,0.733,0.3,2.0,2.3,3.0,0.9,0.2,2.0,2.8,17.4,
419.0,Kennedy Chandler,23.0,UTA,PG,11.0,2.0,355.0,6.2,13.9,0.445,1.5,3.9,0.395,4.7,10.0,0.465,0.5,2.8,4.4,0.651,0.6,3.1,3.8,7.5,1.1,0.2,2.3,2.3,16.7,
420.0,Cam Whitmore,21.0,WAS,SF,21.0,0.0,354.0,7.8,17.2,0.456,1.6,5.7,0.286,6.2,11.5,0.54,0.503,2.3,3.2,0.742,1.9,4.0,5.9,1.5,1.5,0.8,1.8,2.5,19.6,
421.0,Isaiah Livers,27.0,PHO,PF,36.0,0.0,347.0,2.3,6.6,0.344,1.2,4.1,0.3,1.0,2.5,0.417,0.438,0.9,1.2,0.75,2.0,4.4,6.3,2.2,1.3,0.8,1.2,2.9,6.7,
422.0,Tyson Etienne,26.0,BRK,PG,23.0,2.0,343.0,5.5,13.5,0.403,4.3,10.3,0.418,1.2,3.3,0.355,0.562,2.5,2.9,0.857,0.5,2.2,2.7,3.8,0.9,0.0,1.6,4.7,17.7,
423.0,Ty Jerome,28.0,MEM,SG,15.0,15.0,339.0,10.8,22.8,0.474,4.5,10.6,0.42,6.4,12.2,0.522,0.572,5.2,5.9,0.875,1.2,3.3,4.5,9.0,1.7,0.4,2.9,3.3,31.3,
424.0,Christian Koloko,25.0,3TM,C,26.0,4.0,336.0,3.2,7.4,0.435,0.1,0.7,0.143,3.1,6.6,0.468,0.442,0.9,1.2,0.727,3.0,4.8,7.8,1.8,1.5,2.4,1.4,4.7,7.4,
424.0,Christian Koloko,25.0,LAL,C,2.0,0.0,6.0,0.0,0.0,,0.0,0.0,,0.0,0.0,,,0.0,0.0,,0.0,6.0,6.0,0.0,0.0,0.0,0.0,6.0,0.0,
424.0,Christian Koloko,25.0,MEM,C,11.0,2.0,195.0,2.6,6.5,0.4,0.0,0.2,0.0,2.6,6.3,0.412,0.4,0.2,0.7,0.25,3.5,4.6,8.1,1.8,1.8,2.4,1.3,3.7,5.4,
424.0,Christian Koloko,25.0,ATL,C,13.0,2.0,135.0,4.3,9.1,0.471,0.3,1.6,0.167,4.0,7.5,0.536,0.485,1.9,1.9,1.0,2.4,5.1,7.5,1.9,1.1,2.4,1.6,6.1,10.7,
425.0,Malachi Smith,26.0,BRK,SG,14.0,3.0,323.0,5.0,10.0,0.5,2.0,4.5,0.45,3.0,5.6,0.54,0.6,0.9,0.9,1.0,1.2,3.9,5.1,4.8,1.3,0.4,1.3,1.1,12.9,
426.0,Brooks Barnhizer,23.0,OKC,SG,39.0,0.0,322.0,2.8,7.0,0.397,0.7,2.2,0.3,2.1,4.8,0.442,0.444,0.8,1.1,0.7,2.0,6.5,8.5,2.3,1.0,0.4,1.1,3.0,7.0,
427.0,E.J. Liddell,25.0,BRK,PF,25.0,4.0,322.0,5.5,11.3,0.485,1.7,5.3,0.319,3.8,6.0,0.63,0.559,1.9,2.5,0.773,1.5,5.8,7.3,2.6,0.6,1.1,1.6,4.4,14.5,
428.0,Lachlan Olbrich,22.0,CHI,C,36.0,1.0,314.0,3.7,8.0,0.457,0.2,2.2,0.105,3.4,5.8,0.588,0.471,1.5,4.4,0.342,4.4,6.8,11.1,3.7,1.1,0.9,1.7,5.4,9.1,
429.0,Chaney Johnson,23.0,BRK,SF,16.0,1.0,311.0,5.2,9.3,0.563,1.0,3.1,0.333,4.2,6.1,0.679,0.619,2.8,3.5,0.8,3.2,4.4,7.6,3.9,1.6,1.0,2.2,5.6,14.2,
430.0,Kevon Looney,29.0,NOP,C,21.0,8.0,308.0,2.9,7.0,0.417,0.2,1.5,0.154,2.7,5.5,0.489,0.433,0.8,1.2,0.7,5.6,8.2,13.8,4.0,1.1,1.2,1.1,4.0,6.9,
431.0,Tyler Burton,25.0,MEM,SF,12.0,0.0,307.0,4.9,13.1,0.375,2.6,7.7,0.333,2.3,5.4,0.435,0.473,2.7,3.2,0.852,0.9,4.9,5.9,1.4,1.3,0.5,1.3,3.6,15.1,
432.0,Yang Hansen,20.0,POR,C,42.0,1.0,298.0,3.7,12.1,0.31,0.6,5.1,0.119,3.1,7.0,0.448,0.335,3.4,4.1,0.824,2.4,5.4,7.9,2.7,0.4,1.2,3.9,5.2,11.5,
433.0,Pat Connaughton,33.0,CHO,SG,42.0,0.0,297.0,4.6,10.3,0.447,2.5,6.3,0.404,2.1,4.0,0.515,0.571,1.6,2.4,0.65,1.8,5.6,7.4,2.2,1.3,0.1,1.3,1.1,13.3,
434.0,LJ Cryer,24.0,GSW,PG,18.0,1.0,292.0,5.8,14.4,0.402,4.6,11.6,0.394,1.2,2.8,0.435,0.56,2.1,2.3,0.895,0.5,3.0,3.5,2.2,0.4,0.0,1.7,3.5,18.2,
435.0,Lindy Waters III,28.0,SAS,SG,40.0,0.0,285.0,4.2,11.1,0.375,3.4,10.0,0.342,0.8,1.1,0.667,0.528,0.3,0.4,0.667,0.4,3.3,3.7,2.4,0.8,0.1,0.9,3.0,12.0,
436.0,Zach Edey,23.0,MEM,C,11.0,11.0,284.0,7.9,12.4,0.633,0.1,0.6,0.2,7.7,11.8,0.656,0.638,3.2,4.1,0.781,5.5,10.0,15.5,1.5,0.9,2.7,3.3,4.7,19.0,
437.0,Joan Beringer,19.0,MIN,PF,39.0,2.0,283.0,7.1,10.9,0.651,0.0,0.0,,7.1,10.9,0.651,0.651,2.5,3.6,0.714,5.0,5.1,10.0,1.3,0.9,2.4,1.4,5.6,16.8,
438.0,Jalen Slawson,26.0,IND,SF,12.0,5.0,283.0,4.2,9.5,0.44,1.9,5.0,0.385,2.3,4.6,0.5,0.54,1.5,1.9,0.8,0.9,6.1,7.0,4.1,1.9,1.7,2.2,3.1,11.8,
439.0,Ron Harper Jr.,25.0,BOS,SF,28.0,2.0,281.0,4.6,11.5,0.4,2.9,8.7,0.338,1.7,2.8,0.591,0.528,0.1,0.3,0.5,1.8,3.5,5.3,2.3,0.9,1.2,0.6,2.6,12.3,
440.0,Jordan McLaughlin,29.0,SAS,PG,43.0,0.0,280.0,4.1,10.0,0.41,2.2,5.1,0.425,1.9,4.9,0.395,0.519,0.8,0.9,0.857,0.8,3.2,4.0,4.8,2.6,0.3,1.9,1.4,11.2,
441.0,Malaki Branham,22.0,WAS,SG,28.0,0.0,275.0,5.6,11.9,0.473,1.8,4.8,0.378,3.8,7.1,0.537,0.549,3.7,4.5,0.824,1.6,4.2,5.8,3.0,1.3,0.4,2.0,2.7,16.8,
442.0,Max Strus,29.0,CLE,SF,11.0,4.0,270.0,5.7,12.9,0.443,4.3,10.1,0.421,1.5,2.8,0.524,0.608,0.8,1.1,0.75,1.2,6.8,8.0,2.9,0.4,0.0,1.1,4.4,16.5,
443.0,Malevy Leons,26.0,GSW,SF,24.0,2.0,260.0,4.0,9.4,0.426,0.6,2.2,0.25,3.5,7.2,0.481,0.456,1.8,2.4,0.765,4.0,3.0,7.1,2.9,1.9,1.2,1.8,3.9,10.4,
444.0,Blake Hinson,26.0,UTA,SF,13.0,2.0,260.0,7.6,14.3,0.534,4.8,9.8,0.493,2.8,4.4,0.625,0.704,1.7,2.2,0.75,1.1,2.6,3.7,1.9,0.6,0.3,0.7,2.9,21.7,
445.0,Duop Reath,29.0,POR,C,32.0,0.0,258.0,4.6,10.3,0.446,3.2,7.7,0.418,1.4,2.7,0.526,0.601,0.7,0.8,0.833,1.4,3.9,5.3,1.4,0.7,1.1,1.0,3.9,13.1,
446.0,KJ Simpson,23.0,2TM,PG,20.0,2.0,257.0,4.8,13.9,0.343,1.7,5.6,0.3,3.1,8.3,0.373,0.404,1.5,2.5,0.611,1.3,3.9,5.2,6.0,2.2,0.0,3.5,2.5,12.7,
446.0,KJ Simpson,23.0,CHO,PG,14.0,2.0,223.0,5.0,14.4,0.348,1.9,6.3,0.308,3.1,8.1,0.38,0.416,1.6,2.6,0.625,0.8,3.9,4.7,5.7,2.4,0.0,3.9,2.3,13.6,
446.0,KJ Simpson,23.0,DEN,PG,6.0,0.0,34.0,3.2,10.6,0.3,0.0,1.1,0.0,3.2,9.5,0.333,0.3,1.1,2.1,0.5,4.2,4.2,8.5,8.5,1.1,0.0,1.1,4.2,7.4,
447.0,Chaz Lanier,24.0,DET,SG,33.0,0.0,256.0,3.8,12.4,0.307,2.7,9.4,0.284,1.1,3.0,0.381,0.415,0.7,0.8,0.833,1.1,2.1,3.2,2.4,1.0,0.0,0.3,1.7,11.0,
448.0,Keshad Johnson,24.0,MIA,SF,31.0,0.0,254.0,6.4,13.6,0.469,1.8,6.0,0.31,4.5,7.7,0.593,0.536,3.0,4.1,0.724,3.1,5.1,8.2,0.7,1.8,1.1,1.8,3.4,17.6,
449.0,Jonathan Mogbo,24.0,TOR,PF,39.0,0.0,244.0,3.7,6.3,0.581,0.0,0.1,0.0,3.7,6.2,0.595,0.581,1.3,2.1,0.643,2.8,7.1,9.9,3.4,1.5,1.2,2.1,3.8,8.7,
450.0,Adama-Alpha Bal,22.0,MEM,SG,8.0,1.0,241.0,4.2,10.2,0.412,2.7,6.6,0.409,1.5,3.6,0.417,0.544,1.3,1.5,0.9,0.9,2.8,3.7,2.8,1.3,0.1,0.9,4.0,12.4,
451.0,Cormac Ryan,27.0,MIL,SG,10.0,1.0,232.0,7.0,12.7,0.549,3.7,7.3,0.511,3.3,5.4,0.6,0.695,3.3,3.6,0.913,0.8,2.0,2.8,2.3,1.6,0.5,2.3,4.0,20.9,
452.0,DeJon Jarreau,28.0,MEM,SG,11.0,0.0,231.0,5.1,12.9,0.398,0.6,4.7,0.133,4.5,8.3,0.547,0.422,2.8,3.6,0.783,1.9,6.1,7.9,5.6,1.6,1.2,4.1,4.4,13.7,
453.0,Drew Timme,25.0,LAL,PF,26.0,1.0,228.0,5.8,10.3,0.569,1.6,3.8,0.417,4.3,6.5,0.659,0.646,0.8,1.4,0.556,1.6,3.6,5.2,3.3,0.8,0.0,1.9,3.0,14.1,
454.0,Chris Paul,40.0,LAC,PG,16.0,0.0,228.0,2.8,8.8,0.321,1.6,4.7,0.333,1.3,4.1,0.308,0.411,0.2,0.3,0.5,0.9,3.5,4.4,8.4,1.7,0.0,2.5,3.6,7.4,
455.0,Nate Williams,26.0,GSW,SG,13.0,2.0,227.0,6.3,12.8,0.494,1.9,4.3,0.444,4.4,8.6,0.519,0.568,1.7,2.1,0.846,2.9,1.6,4.4,2.1,0.8,0.0,2.4,4.0,16.3,
456.0,John Poulakidas,22.0,DAL,SG,12.0,0.0,217.0,5.0,12.1,0.411,3.8,10.1,0.377,1.2,2.0,0.583,0.568,0.7,0.7,1.0,0.7,4.0,4.6,1.2,1.0,0.5,0.5,4.1,14.4,
457.0,A.J. Lawson,25.0,TOR,SG,23.0,0.0,215.0,5.0,12.1,0.417,2.8,6.9,0.415,2.2,5.2,0.419,0.535,2.3,3.0,0.778,1.5,5.7,7.2,1.2,2.0,0.7,1.0,4.4,15.2,
458.0,PJ Hall,23.0,2TM,C,19.0,2.0,214.0,5.0,9.9,0.508,0.5,0.8,0.6,4.5,9.1,0.5,0.534,3.9,4.9,0.793,5.6,7.1,12.6,1.7,0.5,1.7,2.7,3.7,14.5,
458.0,PJ Hall,23.0,MEM,C,7.0,0.0,27.0,6.7,12.0,0.556,1.3,4.0,0.333,5.3,8.0,0.667,0.611,2.7,4.0,0.667,4.0,8.0,12.0,2.7,0.0,2.7,1.3,4.0,17.3,
458.0,PJ Hall,23.0,CHO,C,12.0,2.0,187.0,4.8,9.6,0.5,0.4,0.4,1.0,4.4,9.2,0.479,0.52,4.0,5.0,0.808,5.8,6.9,12.7,1.5,0.6,1.5,2.9,3.7,14.1,
459.0,Scotty Pippen Jr.,25.0,MEM,PG,10.0,6.0,212.0,7.3,16.3,0.448,1.7,5.4,0.313,5.6,10.9,0.516,0.5,3.1,3.9,0.783,1.4,2.4,3.7,8.0,3.2,0.7,4.6,5.3,19.4,
460.0,DaRon Holmes,23.0,DEN,PF,24.0,6.0,205.0,5.4,10.5,0.517,3.5,7.7,0.455,1.9,2.8,0.688,0.683,1.9,2.3,0.846,1.4,4.6,6.0,2.8,0.2,0.7,1.9,3.3,16.3,
461.0,DeAndre Jordan,37.0,NOP,C,12.0,7.0,199.0,3.8,5.8,0.656,0.0,0.0,,3.8,5.8,0.656,0.656,2.0,3.1,0.647,4.7,9.0,13.7,2.0,0.7,1.8,1.6,2.9,9.6,
462.0,Garrison Mathews,29.0,IND,SG,15.0,1.0,196.0,3.9,9.6,0.404,3.1,8.4,0.37,0.7,1.1,0.667,0.567,3.5,4.2,0.826,0.4,2.8,3.1,1.8,1.1,0.6,0.6,3.5,14.3,
463.0,Nigel Hayes-Davis,31.0,PHO,SF,27.0,0.0,195.0,2.8,8.5,0.326,0.4,3.0,0.125,2.4,5.5,0.433,0.348,0.4,0.7,0.5,2.2,3.9,6.1,1.3,1.5,0.4,1.5,3.0,6.3,
464.0,Yuki Kawamura,24.0,CHI,PG,17.0,0.0,194.0,2.2,7.4,0.3,1.5,5.2,0.286,0.7,2.2,0.333,0.4,3.0,3.3,0.889,1.3,4.5,5.8,8.5,1.7,0.0,2.6,2.4,8.9,
465.0,MarJon Beauchamp,25.0,PHI,SF,13.0,1.0,194.0,5.9,13.7,0.432,3.0,8.5,0.348,3.0,5.2,0.571,0.541,2.2,3.2,0.706,1.1,4.6,5.8,2.8,1.7,0.7,2.4,2.4,17.1,
466.0,JD Davison,23.0,HOU,PG,27.0,0.0,192.0,4.1,10.3,0.4,1.5,5.2,0.286,2.6,5.1,0.519,0.473,1.5,2.4,0.615,0.4,4.1,4.5,5.2,0.9,0.7,1.3,3.2,11.3,
467.0,Lucas Williamson,27.0,MEM,SG,6.0,2.0,189.0,3.8,11.6,0.328,2.3,8.2,0.279,1.5,3.4,0.444,0.426,1.1,1.1,1.0,2.1,4.0,6.1,2.9,1.5,0.0,1.5,4.0,11.0,
468.0,Chris Youngblood,23.0,2TM,SG,34.0,0.0,185.0,4.3,12.3,0.349,3.5,10.5,0.333,0.8,1.8,0.444,0.492,1.8,1.9,0.9,1.4,4.1,5.4,2.3,0.8,0.6,0.4,4.3,13.8,
468.0,Chris Youngblood,23.0,OKC,SG,32.0,0.0,174.0,4.1,12.4,0.333,3.3,10.6,0.314,0.8,1.9,0.444,0.467,1.9,2.1,0.9,1.4,4.3,5.8,2.3,0.8,0.6,0.4,4.1,13.4,
468.0,Chris Youngblood,23.0,POR,SG,2.0,0.0,11.0,6.5,9.8,0.667,6.5,9.8,0.667,0.0,0.0,,1.0,0.0,0.0,,0.0,0.0,0.0,3.3,0.0,0.0,0.0,6.5,19.6,
469.0,Zach Collins,28.0,CHI,C,10.0,0.0,184.0,7.2,12.5,0.578,1.8,4.1,0.429,5.5,8.4,0.651,0.648,2.7,3.9,0.7,3.1,7.8,11.0,2.9,0.4,0.8,2.0,3.5,19.0,
470.0,Xavier Tillman Sr.,27.0,2TM,C,30.0,1.0,183.0,3.9,9.0,0.435,0.6,3.5,0.167,3.3,5.5,0.607,0.467,0.2,0.8,0.25,3.7,4.7,8.5,2.6,1.8,1.0,1.6,3.0,8.7,
470.0,Xavier Tillman Sr.,27.0,BOS,C,14.0,1.0,111.0,4.5,10.1,0.452,1.0,4.9,0.2,3.6,5.2,0.688,0.5,0.0,0.0,,3.2,4.9,8.1,1.6,1.9,0.6,1.6,2.9,10.1,
470.0,Xavier Tillman Sr.,27.0,CHO,C,16.0,0.0,72.0,3.0,7.5,0.4,0.0,1.5,0.0,3.0,6.0,0.5,0.4,0.5,2.0,0.25,4.5,4.5,9.0,4.0,1.5,1.5,1.5,3.0,6.5,
471.0,RayJ Dennis,24.0,3TM,PG,16.0,0.0,180.0,4.4,14.6,0.301,2.4,7.8,0.308,2.0,6.8,0.294,0.384,1.6,1.8,0.889,1.6,3.0,4.6,6.0,0.8,0.8,3.0,3.4,12.8,
471.0,RayJ Dennis,24.0,IND,PG,13.0,0.0,168.0,4.7,15.4,0.306,2.6,8.1,0.316,2.1,7.3,0.294,0.389,1.7,1.9,0.889,1.7,2.8,4.5,5.6,0.6,0.9,3.0,3.4,13.7,
471.0,RayJ Dennis,24.0,LAC,PG,1.0,0.0,4.0,0.0,0.0,,0.0,0.0,,0.0,0.0,,,0.0,0.0,,0.0,18.0,18.0,0.0,0.0,0.0,9.0,0.0,0.0,
471.0,RayJ Dennis,24.0,ATL,PG,2.0,0.0,8.0,0.0,4.5,0.0,0.0,4.5,0.0,0.0,0.0,,0.0,0.0,0.0,,0.0,0.0,0.0,18.0,4.5,0.0,0.0,4.5,0.0,
472.0,Toby Okani,24.0,MEM,SG,5.0,3.0,176.0,4.5,12.3,0.367,1.8,5.5,0.333,2.7,6.8,0.394,0.442,0.2,1.6,0.125,1.6,1.2,2.9,1.0,0.6,0.2,0.6,3.3,11.0,
473.0,Andersson Garcia,25.0,UTA,SF,5.0,2.0,169.0,1.9,6.2,0.31,0.2,2.8,0.077,1.7,3.4,0.5,0.328,1.5,1.9,0.778,3.6,5.3,8.9,3.0,1.7,0.9,1.5,3.4,5.5,
474.0,Hunter Tyson,25.0,DEN,PF,21.0,2.0,162.0,3.1,11.6,0.269,1.6,7.3,0.212,1.6,4.2,0.368,0.337,2.4,2.9,0.846,0.9,7.1,8.0,3.8,0.4,0.2,1.1,2.9,10.2,
475.0,Tre Scott,29.0,BRK,PF,5.0,3.0,156.0,3.7,9.7,0.381,0.9,3.2,0.286,2.8,6.5,0.429,0.429,0.9,1.4,0.667,2.1,4.4,6.5,2.1,1.6,1.2,0.5,2.3,9.2,
476.0,Mason Plumlee,35.0,2TM,C,19.0,2.0,156.0,2.3,3.0,0.769,0.0,0.0,,2.3,3.0,0.769,0.769,2.1,3.2,0.643,3.7,7.8,11.5,4.4,2.3,0.0,2.8,3.7,6.7,
476.0,Mason Plumlee,35.0,CHO,C,14.0,2.0,125.0,2.6,3.5,0.75,0.0,0.0,,2.6,3.5,0.75,0.75,2.3,3.5,0.667,2.9,8.6,11.5,4.6,1.7,0.0,2.6,2.9,7.5,
476.0,Mason Plumlee,35.0,SAS,C,5.0,0.0,31.0,1.2,1.2,1.0,0.0,0.0,,1.2,1.2,1.0,1.0,1.2,2.3,0.5,7.0,4.6,11.6,3.5,4.6,0.0,3.5,7.0,3.5,
477.0,Walker Kessler,24.0,UTA,C,5.0,5.0,154.0,6.1,8.6,0.703,1.4,1.9,0.75,4.7,6.8,0.69,0.784,3.3,4.7,0.7,5.4,7.2,12.6,3.5,1.6,2.1,3.7,5.1,16.8,
478.0,Jeff Green,39.0,HOU,PF,29.0,0.0,151.0,5.5,14.3,0.383,2.9,9.5,0.3,2.6,4.8,0.55,0.483,0.7,0.7,1.0,1.2,3.6,4.8,1.7,0.2,0.2,0.2,2.4,14.5,
479.0,Alijah Martin,24.0,TOR,SG,23.0,0.0,146.0,3.9,12.3,0.32,1.0,5.2,0.19,3.0,7.2,0.414,0.36,3.7,4.7,0.789,2.2,3.0,5.2,3.0,2.0,1.0,2.0,3.0,12.6,
480.0,Dariq Whitehead,21.0,MEM,SF,5.0,1.0,144.0,6.5,18.0,0.361,3.7,12.2,0.306,2.8,5.8,0.478,0.465,1.2,1.7,0.714,0.5,4.5,5.0,2.0,1.0,0.0,2.5,2.7,18.0,
481.0,Adou Thiero,21.0,LAL,SF,24.0,0.0,137.0,3.2,7.1,0.444,0.3,0.8,0.333,2.9,6.3,0.458,0.463,3.7,5.8,0.636,2.1,4.2,6.3,2.1,1.8,0.5,1.8,4.5,10.2,
482.0,Bismack Biyombo,33.0,SAS,C,24.0,1.0,136.0,2.1,3.7,0.571,0.0,0.0,,2.1,3.7,0.571,0.571,1.3,1.9,0.714,1.3,5.3,6.6,1.3,1.1,0.5,1.9,7.1,5.6,
483.0,Amari Williams,24.0,BOS,PF,21.0,2.0,136.0,2.4,5.0,0.474,0.0,0.0,,2.4,5.0,0.474,0.474,2.6,3.7,0.714,2.4,7.9,10.3,2.4,0.8,2.6,2.6,4.5,7.4,
484.0,Charles Bassey,25.0,4TM,C,12.0,0.0,135.0,6.9,10.9,0.634,0.0,0.0,,6.9,10.9,0.634,0.634,2.1,3.2,0.667,5.6,8.8,14.4,1.3,1.1,2.9,1.3,4.0,16.0,
484.0,Charles Bassey,25.0,MEM,C,2.0,0.0,31.0,3.5,9.3,0.375,0.0,0.0,,3.5,9.3,0.375,0.375,1.2,3.5,0.333,8.1,9.3,17.4,2.3,1.2,1.2,1.2,5.8,8.1,
484.0,Charles Bassey,25.0,PHI,C,1.0,0.0,5.0,7.2,7.2,1.0,0.0,0.0,,7.2,7.2,1.0,1.0,0.0,0.0,,0.0,0.0,0.0,0.0,0.0,7.2,0.0,0.0,14.4,
484.0,Charles Bassey,25.0,BOS,C,5.0,0.0,17.0,12.7,14.8,0.857,0.0,0.0,,12.7,14.8,0.857,0.857,4.2,8.5,0.5,8.5,4.2,12.7,0.0,2.1,4.2,2.1,6.4,29.6,
484.0,Charles Bassey,25.0,GSW,C,4.0,0.0,82.0,7.0,11.0,0.64,0.0,0.0,,7.0,11.0,0.64,0.64,2.2,2.2,1.0,4.4,10.1,14.5,1.3,0.9,3.1,1.3,3.1,16.2,
485.0,Miles Kelly,23.0,DAL,PG,14.0,0.0,134.0,4.3,11.8,0.364,2.7,8.9,0.303,1.6,3.0,0.545,0.477,0.3,0.3,1.0,1.3,5.1,6.4,3.2,1.1,0.3,1.6,3.2,11.6,
486.0,Tolu Smith,25.0,DET,PF,14.0,0.0,132.0,4.6,9.3,0.5,0.0,0.0,,4.6,9.3,0.5,0.5,4.6,7.1,0.654,5.5,7.1,12.5,3.3,0.5,1.6,1.9,6.0,13.9,
487.0,Kevin McCullar Jr.,24.0,NYK,SF,20.0,0.0,130.0,3.9,10.0,0.389,1.7,5.0,0.333,2.2,5.0,0.444,0.472,0.6,1.4,0.4,2.8,4.4,7.2,5.3,1.9,0.0,3.3,5.0,10.0,
488.0,Tyler Smith,21.0,DAL,PF,11.0,0.0,129.0,3.9,10.6,0.368,1.7,7.3,0.231,2.2,3.3,0.667,0.447,0.6,1.1,0.5,3.1,4.2,7.3,1.4,1.1,0.0,0.8,2.2,10.0,
489.0,Thanasis Antetokounmpo,33.0,MIL,SF,33.0,0.0,121.0,3.6,7.7,0.462,0.0,1.2,0.0,3.6,6.5,0.545,0.462,4.5,7.7,0.577,3.0,5.4,8.3,2.7,3.6,1.5,2.7,4.2,11.6,
490.0,Seth Curry,35.0,GSW,SG,9.0,0.0,121.0,6.5,12.5,0.524,3.0,6.2,0.476,3.6,6.2,0.571,0.643,3.3,3.6,0.917,1.2,2.1,3.3,2.4,0.9,0.0,0.6,2.1,19.3,
491.0,Nikola Topić,20.0,OKC,PG,9.0,1.0,121.0,4.2,10.4,0.4,1.2,3.0,0.4,3.0,7.4,0.4,0.457,0.6,0.6,1.0,1.8,2.7,4.5,8.9,1.5,0.0,6.0,3.0,10.1,
492.0,Bradley Beal,32.0,LAC,SG,6.0,6.0,121.0,5.4,14.3,0.375,2.1,5.7,0.368,3.3,8.6,0.379,0.448,1.8,2.4,0.75,0.6,0.9,1.5,3.0,0.9,0.0,2.7,4.2,14.6,
493.0,Joe Ingles,38.0,MIN,SF,26.0,1.0,120.0,3.0,5.1,0.588,1.2,3.0,0.4,1.8,2.1,0.857,0.706,0.6,0.6,1.0,0.0,3.9,3.9,7.2,2.4,0.3,3.3,1.8,7.8,
494.0,Kobe Bufkin,22.0,LAL,SG,16.0,1.0,119.0,4.5,15.1,0.3,1.5,7.9,0.192,3.0,7.3,0.417,0.35,3.3,3.6,0.917,0.3,3.6,3.9,3.0,0.6,0.9,1.5,2.7,13.9,
495.0,Mac McClung,27.0,2TM,SG,10.0,0.0,117.0,5.8,16.0,0.365,1.5,8.0,0.192,4.3,8.0,0.538,0.413,3.4,4.3,0.786,0.6,2.5,3.1,3.1,3.1,0.9,2.8,4.9,16.6,
495.0,Mac McClung,27.0,IND,SG,3.0,0.0,34.0,7.4,19.1,0.389,2.1,10.6,0.2,5.3,8.5,0.625,0.444,3.2,4.2,0.75,0.0,4.2,4.2,1.1,5.3,1.1,2.1,6.4,20.1,
495.0,Mac McClung,27.0,CHI,SG,7.0,0.0,83.0,5.2,14.7,0.353,1.3,6.9,0.188,3.9,7.8,0.5,0.397,3.5,4.3,0.8,0.9,1.7,2.6,3.9,2.2,0.9,3.0,4.3,15.2,
496.0,Dereck Lively II,21.0,DAL,C,7.0,4.0,115.0,3.4,5.6,0.611,0.0,0.0,,3.4,5.6,0.611,0.611,2.5,3.1,0.8,4.4,7.2,11.6,4.1,1.3,3.4,3.1,6.6,9.4,
497.0,Kyle Lowry,39.0,PHI,PG,13.0,0.0,113.0,1.3,6.4,0.2,1.3,6.4,0.2,0.0,0.0,,0.3,1.6,1.9,0.833,0.0,2.9,2.9,3.5,0.6,0.6,1.3,2.5,5.4,
498.0,Pacôme Dadiet,20.0,NYK,SG,28.0,0.0,108.0,3.7,12.3,0.297,2.0,9.0,0.222,1.7,3.3,0.5,0.378,2.7,2.7,1.0,1.0,6.7,7.7,3.3,1.0,0.3,0.7,2.0,12.0,
499.0,Omer Yurtseven,27.0,GSW,C,9.0,0.0,104.0,3.8,9.0,0.423,0.0,1.4,0.0,3.8,7.6,0.5,0.423,4.2,6.2,0.667,4.5,5.9,10.4,2.8,0.7,0.3,3.1,5.2,11.8,
500.0,Luke Travers,24.0,CLE,SG,12.0,0.0,103.0,3.1,12.6,0.25,0.3,5.6,0.063,2.8,7.0,0.4,0.264,3.1,3.1,1.0,3.1,5.2,8.4,3.1,2.4,1.4,1.0,2.1,9.8,
501.0,Patrick Baldwin Jr.,23.0,3TM,SF,9.0,1.0,102.0,3.9,9.5,0.407,2.1,4.9,0.429,1.8,4.6,0.385,0.519,1.8,2.5,0.714,4.2,3.9,8.1,1.8,1.1,1.8,1.8,5.3,11.6,
501.0,Patrick Baldwin Jr.,23.0,LAC,SF,2.0,0.0,12.0,9.0,12.0,0.75,6.0,9.0,0.667,3.0,3.0,1.0,1.0,6.0,6.0,1.0,0.0,3.0,3.0,0.0,0.0,0.0,3.0,6.0,30.0,
501.0,Patrick Baldwin Jr.,23.0,PHI,SF,1.0,0.0,2.0,0.0,0.0,,0.0,0.0,,0.0,0.0,,,0.0,0.0,,0.0,18.0,18.0,0.0,0.0,0.0,0.0,0.0,0.0,
501.0,Patrick Baldwin Jr.,23.0,SAC,SF,6.0,1.0,88.0,3.3,9.4,0.348,1.6,4.5,0.364,1.6,4.9,0.333,0.435,1.2,2.0,0.6,4.9,3.7,8.6,2.0,1.2,2.0,1.6,5.3,9.4,
502.0,Alondes Williams,26.0,WAS,SG,4.0,0.0,101.0,5.7,9.3,0.615,1.8,5.0,0.357,3.9,4.3,0.917,0.712,2.5,2.9,0.875,1.8,7.1,8.9,4.3,1.1,1.1,1.8,1.4,15.7,
503.0,Javonte Cooke,26.0,POR,SG,19.0,0.0,94.0,3.4,15.7,0.22,1.1,8.8,0.13,2.3,6.9,0.333,0.256,0.8,0.8,1.0,1.5,5.7,7.3,2.7,2.3,0.0,3.4,2.3,8.8,
504.0,Chris Boucher,33.0,BOS,PF,9.0,0.0,94.0,3.1,9.6,0.32,0.8,5.7,0.133,2.3,3.8,0.6,0.36,1.1,1.5,0.75,0.8,6.1,6.9,1.1,1.9,2.7,0.4,6.5,8.0,
505.0,Johnny Juzang,24.0,MIN,SG,21.0,0.0,88.0,6.5,15.5,0.421,2.5,9.8,0.25,4.1,5.7,0.714,0.5,2.0,3.3,0.625,2.0,4.9,7.0,2.5,0.8,0.4,2.0,1.2,17.6,
506.0,TyTy Washington Jr.,24.0,LAC,PG,16.0,0.0,88.0,3.7,7.8,0.474,1.2,3.3,0.375,2.5,4.5,0.545,0.553,0.0,0.0,,0.4,2.0,2.5,7.0,2.5,1.2,1.2,2.9,8.6,
507.0,Haywood Highsmith,29.0,PHO,SF,6.0,0.0,80.0,4.5,9.0,0.5,3.6,5.9,0.615,0.9,3.2,0.286,0.7,2.3,2.7,0.833,2.7,3.2,5.9,3.2,1.8,0.0,0.0,3.6,14.9,
508.0,Trey Alexander,22.0,NOP,SG,8.0,0.0,79.0,5.5,11.8,0.462,2.3,3.6,0.625,3.2,8.2,0.389,0.558,0.9,0.9,1.0,0.0,4.6,4.6,3.6,1.4,0.5,0.9,4.6,14.1,
509.0,Taj Gibson,40.0,MEM,C,9.0,0.0,78.0,5.1,10.2,0.5,1.4,2.8,0.5,3.7,7.4,0.5,0.568,2.3,2.8,0.833,4.2,6.5,10.6,2.3,0.9,0.5,0.5,5.1,13.8,
510.0,Isaiah Crawford,24.0,HOU,SF,13.0,0.0,76.0,2.8,8.5,0.333,0.9,4.7,0.2,1.9,3.8,0.5,0.389,1.4,1.9,0.75,0.9,3.8,4.7,1.9,0.9,1.4,1.4,1.4,8.1,
511.0,Caleb Houstan,23.0,ATL,SF,18.0,0.0,75.0,6.7,12.5,0.538,5.3,10.1,0.524,1.4,2.4,0.6,0.75,1.4,1.4,1.0,2.4,2.9,5.3,1.9,1.0,0.5,1.9,5.3,20.2,
512.0,Eric Gordon,37.0,PHI,SG,6.0,0.0,74.0,5.8,10.2,0.571,3.9,6.8,0.571,1.9,3.4,0.571,0.762,0.5,1.0,0.5,0.5,0.5,1.0,1.5,1.9,0.5,1.5,1.5,16.1,
513.0,Bobi Klintman,22.0,DET,SF,12.0,0.0,71.0,4.6,13.7,0.333,2.0,6.6,0.308,2.5,7.1,0.357,0.407,0.0,1.5,0.0,2.5,7.1,9.6,3.0,1.5,0.0,3.0,5.6,11.2,
514.0,Garrett Temple,39.0,TOR,SG,21.0,0.0,69.0,1.6,7.3,0.214,1.0,5.7,0.182,0.5,1.6,0.333,0.286,3.1,4.7,0.667,0.5,3.7,4.2,4.2,1.6,1.0,3.7,3.1,7.3,
515.0,David Jones García,24.0,SAS,SF,11.0,0.0,68.0,6.9,13.2,0.52,1.6,2.6,0.6,5.3,10.6,0.5,0.58,1.6,3.2,0.5,2.1,4.8,6.9,9.5,3.2,0.5,2.6,3.2,16.9,
516.0,Antonio Reeves,25.0,CHO,SG,10.0,0.0,68.0,5.3,10.6,0.5,3.7,6.9,0.538,1.6,3.7,0.429,0.675,0.0,0.0,,1.1,3.2,4.2,1.6,0.5,0.0,0.5,1.6,14.3,
517.0,Kadary Richmond,24.0,WAS,SG,3.0,0.0,67.0,5.4,8.6,0.625,1.1,2.1,0.5,4.3,6.4,0.667,0.688,1.6,1.6,1.0,0.5,4.8,5.4,4.3,4.3,0.5,1.1,1.1,13.4,
518.0,Monte Morris,30.0,IND,PG,6.0,0.0,65.0,3.9,11.1,0.35,1.1,4.4,0.25,2.8,6.6,0.417,0.4,1.1,2.2,0.5,0.6,3.3,3.9,5.0,0.6,0.6,1.1,1.7,10.0,
519.0,Trey Jemison,26.0,NYK,C,12.0,0.0,64.0,2.3,3.9,0.571,0.0,0.0,,2.3,3.9,0.571,0.571,0.6,0.6,1.0,4.5,4.5,9.0,1.7,0.6,1.1,3.9,5.1,5.1,
520.0,Drew Peterson,26.0,CHO,PF,6.0,0.0,64.0,1.1,9.0,0.125,0.0,6.8,0.0,1.1,2.3,0.5,0.125,0.6,1.1,0.5,1.7,3.4,5.1,1.1,1.7,0.6,0.0,1.7,2.8,
521.0,Wendell Moore Jr.,24.0,DET,SG,6.0,0.0,60.0,2.4,4.2,0.571,0.0,0.6,0.0,2.4,3.6,0.667,0.571,1.2,1.2,1.0,0.6,3.0,3.6,2.4,1.2,1.2,0.6,1.8,6.0,
522.0,DaQuan Jeffries,28.0,SAC,SG,3.0,0.0,60.0,6.6,11.4,0.579,2.4,5.4,0.444,4.2,6.0,0.7,0.684,3.0,3.0,1.0,1.8,1.2,3.0,0.6,1.2,0.0,0.0,5.4,18.6,
523.0,Tristan Enaruna,24.0,CLE,SF,8.0,0.0,58.0,6.2,13.7,0.455,0.6,4.3,0.143,5.6,9.3,0.6,0.477,0.6,1.2,0.5,3.1,3.7,6.8,2.5,1.2,0.0,1.2,0.6,13.7,
524.0,James Wiseman,24.0,IND,C,4.0,1.0,58.0,3.7,6.2,0.6,0.0,0.0,,3.7,6.2,0.6,0.6,0.6,1.2,0.5,3.1,1.9,5.0,1.9,0.0,0.6,3.1,6.2,8.1,
525.0,Curtis Jones,24.0,DEN,SG,9.0,0.0,56.0,4.5,14.1,0.318,1.3,9.0,0.143,3.2,5.1,0.625,0.364,0.0,0.0,,0.6,3.2,3.9,4.5,1.9,0.0,0.6,2.6,10.3,
526.0,Jahmir Young,25.0,MIA,PG,13.0,0.0,55.0,5.9,15.7,0.375,1.3,5.2,0.25,4.6,10.5,0.438,0.417,1.3,1.3,1.0,1.3,1.3,2.6,5.2,0.7,0.0,2.0,4.6,14.4,
527.0,Koby Brea,23.0,PHO,SG,11.0,0.0,55.0,5.2,16.4,0.32,4.6,13.7,0.333,0.7,2.6,0.25,0.46,1.3,1.3,1.0,0.0,2.0,2.0,4.6,0.7,0.0,2.0,3.3,16.4,
528.0,Johni Broome,23.0,PHI,C,11.0,0.0,55.0,2.6,15.7,0.167,0.0,3.3,0.0,2.6,12.4,0.211,0.167,1.3,3.9,0.333,4.6,5.9,10.5,2.6,2.0,1.3,2.0,4.6,6.5,
529.0,Cody Martin,30.0,IND,SF,4.0,0.0,55.0,1.3,6.5,0.2,0.0,3.3,0.0,1.3,3.3,0.4,0.2,2.0,3.9,0.5,0.7,8.5,9.2,1.3,2.6,1.3,2.6,3.3,4.6,
530.0,Josh Oduro,25.0,NOP,PF,2.0,0.0,50.0,6.5,10.8,0.6,0.0,1.4,0.0,6.5,9.4,0.692,0.6,2.2,3.6,0.6,5.8,6.5,12.2,1.4,0.0,0.0,0.7,5.8,15.1,
531.0,Lawson Lovering,22.0,MEM,C,2.0,1.0,49.0,4.4,7.3,0.6,0.0,0.0,,4.4,7.3,0.6,0.6,1.5,3.7,0.4,4.4,6.6,11.0,2.2,2.2,0.7,1.5,5.1,10.3,
532.0,Keshon Gilbert,22.0,WAS,PG,3.0,0.0,48.0,0.7,3.0,0.25,0.0,1.5,0.0,0.7,1.5,0.5,0.25,3.0,3.0,1.0,1.5,2.3,3.7,2.3,1.5,3.0,4.5,2.3,4.5,
533.0,Mo Bamba,27.0,2TM,C,4.0,0.0,44.0,4.1,9.0,0.455,0.0,0.0,,4.1,9.0,0.455,0.455,0.0,0.0,,8.2,9.8,18.0,0.8,0.0,2.5,1.6,4.9,8.2,
533.0,Mo Bamba,27.0,TOR,C,2.0,0.0,6.0,0.0,12.0,0.0,0.0,0.0,,0.0,12.0,0.0,0.0,0.0,0.0,,6.0,6.0,12.0,0.0,0.0,6.0,0.0,12.0,0.0,
533.0,Mo Bamba,27.0,UTA,C,2.0,0.0,38.0,4.7,8.5,0.556,0.0,0.0,,4.7,8.5,0.556,0.556,0.0,0.0,,8.5,10.4,18.9,0.9,0.0,1.9,1.9,3.8,9.5,
534.0,Isaiah Stevens,25.0,SAC,PG,3.0,0.0,43.0,2.5,5.9,0.429,0.0,0.8,0.0,2.5,5.0,0.5,0.429,3.3,3.3,1.0,1.7,0.8,2.5,8.4,4.2,0.0,1.7,1.7,8.4,
535.0,Dario Šarić,31.0,SAC,C,5.0,0.0,41.0,0.9,5.3,0.167,0.9,2.6,0.333,0.0,2.6,0.0,0.25,1.8,1.8,1.0,0.9,4.4,5.3,1.8,0.0,0.0,1.8,2.6,4.4,
536.0,David Roddy,24.0,DEN,PF,4.0,0.0,40.0,8.1,15.3,0.529,2.7,9.0,0.3,5.4,6.3,0.857,0.618,3.6,3.6,1.0,0.9,5.4,6.3,1.8,2.7,0.9,1.8,3.6,22.5,
537.0,Chris Mañon,24.0,LAL,SG,8.0,0.0,39.0,0.9,3.7,0.25,0.0,1.8,0.0,0.9,1.8,0.5,0.25,2.8,3.7,0.75,0.9,6.5,7.4,1.8,4.6,1.8,0.9,4.6,4.6,
538.0,Skal Labissière,29.0,WAS,PF,3.0,0.0,38.0,5.7,9.5,0.6,0.9,4.7,0.2,4.7,4.7,1.0,0.65,0.0,0.0,,2.8,5.7,8.5,2.8,1.9,0.9,0.9,2.8,12.3,
539.0,Markelle Fultz,27.0,TOR,PG,5.0,0.0,36.0,2.0,11.0,0.182,0.0,0.0,,2.0,11.0,0.182,0.182,0.0,0.0,,0.0,1.0,1.0,8.0,2.0,0.0,4.0,2.0,4.0,
540.0,Grant Nelson,23.0,BRK,PF,4.0,0.0,35.0,5.1,9.3,0.556,0.0,0.0,,5.1,9.3,0.556,0.556,7.2,10.3,0.7,1.0,5.1,6.2,5.1,1.0,5.1,4.1,6.2,17.5,
541.0,Payton Sandfort,23.0,OKC,SF,3.0,0.0,35.0,4.1,13.4,0.308,2.1,8.2,0.25,2.1,5.1,0.4,0.385,2.1,4.1,0.5,0.0,6.2,6.2,0.0,0.0,0.0,1.0,7.2,12.3,
542.0,Emanuel Miller,25.0,CHI,PF,5.0,0.0,33.0,6.5,14.2,0.462,2.2,6.5,0.333,4.4,7.6,0.571,0.538,1.1,2.2,0.5,1.1,2.2,3.3,4.4,2.2,0.0,0.0,2.2,16.4,
543.0,Riley Minix,25.0,2TM,SF,8.0,0.0,33.0,9.8,15.3,0.643,3.3,7.6,0.429,6.5,7.6,0.857,0.75,2.2,2.2,1.0,2.2,3.3,5.5,4.4,1.1,0.0,2.2,3.3,25.1,
543.0,Riley Minix,25.0,SAS,SF,3.0,0.0,8.0,18.0,27.0,0.667,4.5,13.5,0.333,13.5,13.5,1.0,0.75,0.0,0.0,,4.5,4.5,9.0,4.5,4.5,0.0,0.0,4.5,40.5,
543.0,Riley Minix,25.0,CLE,SF,5.0,0.0,25.0,7.2,11.5,0.625,2.9,5.8,0.5,4.3,5.8,0.75,0.75,2.9,2.9,1.0,1.4,2.9,4.3,4.3,0.0,0.0,2.9,2.9,20.2,
544.0,Jahmyl Telfort,24.0,LAC,PF,8.0,0.0,32.0,0.0,4.5,0.0,0.0,4.5,0.0,0.0,0.0,,0.0,1.1,4.5,0.25,0.0,3.4,3.4,1.1,1.1,0.0,1.1,5.6,1.1,
545.0,Sean Pedulla,23.0,LAC,PG,7.0,0.0,31.0,5.8,17.4,0.333,3.5,11.6,0.3,2.3,5.8,0.4,0.433,0.0,0.0,,0.0,3.5,3.5,5.8,0.0,0.0,1.2,4.6,15.1,
546.0,Dillon Jones,24.0,NYK,SF,6.0,0.0,27.0,1.3,8.0,0.167,1.3,5.3,0.25,0.0,2.7,0.0,0.25,5.3,5.3,1.0,2.7,5.3,8.0,5.3,2.7,0.0,0.0,6.7,9.3,
547.0,Harrison Ingram,23.0,SAS,SF,7.0,0.0,26.0,6.9,8.3,0.833,1.4,1.4,1.0,5.5,6.9,0.8,0.917,0.0,0.0,,4.2,0.0,4.2,1.4,0.0,0.0,1.4,2.8,15.2,
548.0,Hunter Sallis,22.0,PHI,SG,7.0,0.0,26.0,4.2,6.9,0.6,0.0,0.0,,4.2,6.9,0.6,0.6,1.4,2.8,0.5,0.0,1.4,1.4,5.5,0.0,1.4,6.9,2.8,9.7,
549.0,Mark Sears,23.0,MIL,PG,7.0,0.0,26.0,8.3,18.0,0.462,5.5,11.1,0.5,2.8,6.9,0.4,0.615,8.3,11.1,0.75,1.4,1.4,2.8,2.8,0.0,0.0,5.5,5.5,30.5,
550.0,Isaac Jones,25.0,2TM,PF,6.0,1.0,26.0,4.2,8.3,0.5,0.0,2.8,0.0,4.2,5.5,0.75,0.5,1.4,2.8,0.5,2.8,4.2,6.9,1.4,0.0,1.4,0.0,5.5,9.7,
550.0,Isaac Jones,25.0,SAC,PF,3.0,1.0,17.0,2.1,4.2,0.5,0.0,2.1,0.0,2.1,2.1,1.0,0.5,2.1,4.2,0.5,4.2,0.0,4.2,2.1,0.0,0.0,0.0,8.5,6.4,
550.0,Isaac Jones,25.0,DET,PF,3.0,0.0,9.0,8.0,16.0,0.5,0.0,4.0,0.0,8.0,12.0,0.667,0.5,0.0,0.0,,0.0,12.0,12.0,0.0,0.0,4.0,0.0,0.0,16.0,
551.0,Orlando Robinson,25.0,ORL,C,4.0,1.0,25.0,4.3,7.2,0.6,1.4,2.9,0.5,2.9,4.3,0.667,0.7,0.0,0.0,,2.9,2.9,5.8,4.3,1.4,0.0,0.0,4.3,10.1,
552.0,Dalano Banton,26.0,2TM,PG,5.0,0.0,25.0,5.8,13.0,0.444,0.0,0.0,,5.8,13.0,0.444,0.444,2.9,2.9,1.0,1.4,0.0,1.4,5.8,1.4,1.4,2.9,1.4,14.4,
552.0,Dalano Banton,26.0,LAC,PG,2.0,0.0,10.0,10.8,14.4,0.75,0.0,0.0,,10.8,14.4,0.75,0.75,0.0,0.0,,3.6,0.0,3.6,7.2,3.6,0.0,3.6,0.0,21.6,
552.0,Dalano Banton,26.0,BOS,PG,3.0,0.0,15.0,2.4,12.0,0.2,0.0,0.0,,2.4,12.0,0.2,0.2,4.8,4.8,1.0,0.0,0.0,0.0,4.8,0.0,2.4,2.4,2.4,9.6,
553.0,Norchad Omier,24.0,LAC,PF,6.0,0.0,24.0,10.5,15.0,0.7,0.0,1.5,0.0,10.5,13.5,0.778,0.7,4.5,4.5,1.0,6.0,4.5,10.5,3.0,1.5,0.0,0.0,6.0,25.5,
554.0,Alex Morales,28.0,ORL,PG,4.0,0.0,24.0,4.5,10.5,0.429,0.0,1.5,0.0,4.5,9.0,0.5,0.429,3.0,3.0,1.0,1.5,3.0,4.5,6.0,0.0,0.0,6.0,10.5,12.0,
555.0,Hunter Dickinson,25.0,NOP,C,4.0,0.0,22.0,3.3,9.8,0.333,0.0,3.3,0.0,3.3,6.5,0.5,0.333,3.3,3.3,1.0,0.0,1.6,1.6,0.0,0.0,3.3,4.9,6.5,9.8,
556.0,Vladislav Goldin,24.0,MIA,C,8.0,0.0,21.0,3.4,5.1,0.667,0.0,0.0,,3.4,5.1,0.667,0.667,0.0,0.0,,5.1,6.9,12.0,5.1,0.0,3.4,5.1,6.9,6.9,
557.0,Colin Castleton,25.0,ORL,C,4.0,0.0,21.0,3.4,8.6,0.4,0.0,0.0,,3.4,8.6,0.4,0.4,1.7,1.7,1.0,3.4,10.3,13.7,1.7,1.7,0.0,3.4,3.4,8.6,
558.0,Jayson Kent,23.0,POR,SF,4.0,0.0,21.0,6.9,10.3,0.667,1.7,5.1,0.333,5.1,5.1,1.0,0.75,1.7,1.7,1.0,0.0,8.6,8.6,0.0,1.7,1.7,0.0,1.7,17.1,
559.0,Brandon Clarke,29.0,MEM,PF,2.0,2.0,20.0,5.4,16.2,0.333,0.0,0.0,,5.4,16.2,0.333,0.333,3.6,7.2,0.5,7.2,3.6,10.8,1.8,3.6,0.0,0.0,9.0,14.4,
560.0,Max Shulga,23.0,BOS,SG,10.0,0.0,18.0,2.0,8.0,0.25,0.0,2.0,0.0,2.0,6.0,0.333,0.25,4.0,4.0,1.0,4.0,2.0,6.0,4.0,0.0,0.0,4.0,12.0,8.0,
561.0,Jacob Toppin,25.0,ATL,SF,5.0,0.0,17.0,8.5,12.7,0.667,0.0,0.0,,8.5,12.7,0.667,0.667,0.0,0.0,,0.0,2.1,2.1,2.1,0.0,2.1,0.0,2.1,16.9,
562.0,Chris Livingston,22.0,CLE,SF,3.0,0.0,17.0,8.5,14.8,0.571,0.0,6.4,0.0,8.5,8.5,1.0,0.571,2.1,2.1,1.0,0.0,6.4,6.4,2.1,2.1,0.0,0.0,8.5,19.1,
563.0,Mouhamadou Gueye,27.0,CHI,PF,1.0,0.0,17.0,4.2,6.4,0.667,2.1,4.2,0.5,2.1,2.1,1.0,0.833,0.0,0.0,,0.0,6.4,6.4,4.2,0.0,0.0,2.1,4.2,10.6,
564.0,Alex Antetokounmpo,24.0,MIL,SF,5.0,0.0,16.0,2.3,11.3,0.2,0.0,9.0,0.0,2.3,2.3,1.0,0.2,20.3,29.3,0.692,4.5,4.5,9.0,2.3,0.0,2.3,0.0,0.0,24.8,
565.0,Rocco Zikarsky,19.0,MIN,C,4.0,0.0,16.0,6.8,11.3,0.6,0.0,0.0,,6.8,11.3,0.6,0.6,0.0,0.0,,4.5,6.8,11.3,0.0,0.0,6.8,0.0,2.3,13.5,
566.0,Buddy Boeheim,26.0,OKC,SF,4.0,0.0,15.0,4.8,14.4,0.333,4.8,14.4,0.333,0.0,0.0,,0.5,0.0,0.0,,0.0,0.0,0.0,0.0,0.0,0.0,0.0,2.4,14.4,
567.0,N'Faly Dante,24.0,ATL,C,4.0,0.0,15.0,2.4,9.6,0.25,0.0,0.0,,2.4,9.6,0.25,0.25,2.4,2.4,1.0,7.2,9.6,16.8,0.0,4.8,0.0,2.4,2.4,7.2,
568.0,Olivier Sarr,26.0,CLE,C,3.0,0.0,15.0,2.4,2.4,1.0,2.4,2.4,1.0,0.0,0.0,,1.5,2.4,4.8,0.5,0.0,12.0,12.0,7.2,0.0,4.8,0.0,9.6,9.6,
569.0,Chucky Hepburn,22.0,TOR,PG,2.0,0.0,13.0,0.0,16.6,0.0,0.0,13.8,0.0,0.0,2.8,0.0,0.0,0.0,0.0,,0.0,2.8,2.8,5.5,2.8,0.0,2.8,5.5,0.0,
570.0,Trevor Keels,22.0,MIA,SG,7.0,0.0,12.0,6.0,27.0,0.222,6.0,24.0,0.25,0.0,3.0,0.0,0.333,0.0,0.0,,0.0,6.0,6.0,0.0,0.0,0.0,0.0,0.0,18.0,
571.0,John Tonje,24.0,BOS,SG,5.0,0.0,12.0,0.0,6.0,0.0,0.0,6.0,0.0,0.0,0.0,,0.0,6.0,6.0,1.0,0.0,6.0,6.0,3.0,3.0,0.0,0.0,3.0,6.0,
572.0,Zyon Pullin,24.0,MIN,SG,4.0,0.0,12.0,3.0,3.0,1.0,0.0,0.0,,3.0,3.0,1.0,1.0,6.0,6.0,1.0,0.0,0.0,0.0,12.0,3.0,0.0,9.0,6.0,12.0,
573.0,Enrique Freeman,25.0,MIN,PF,3.0,0.0,11.0,0.0,0.0,,0.0,0.0,,0.0,0.0,,,0.0,0.0,,0.0,9.8,9.8,0.0,0.0,3.3,0.0,0.0,0.0,
574.0,CJ Huntley,24.0,PHO,SF,3.0,0.0,11.0,3.3,9.8,0.333,0.0,3.3,0.0,3.3,6.5,0.5,0.333,0.0,0.0,,3.3,0.0,3.3,3.3,0.0,0.0,0.0,3.3,6.5,
575.0,Tosan Evbuomwan,24.0,NYK,SF,5.0,0.0,8.0,0.0,4.5,0.0,0.0,0.0,,0.0,4.5,0.0,0.0,0.0,0.0,,4.5,4.5,9.0,0.0,0.0,0.0,0.0,4.5,0.0,
576.0,Stanley Umude,26.0,SAS,SG,2.0,0.0,7.0,5.1,10.3,0.5,0.0,5.1,0.0,5.1,5.1,1.0,0.5,0.0,0.0,,0.0,0.0,0.0,5.1,5.1,0.0,0.0,10.3,10.3,
577.0,Colby Jones,23.0,DET,SG,1.0,0.0,7.0,5.1,15.4,0.333,0.0,10.3,0.0,5.1,5.1,1.0,0.333,0.0,0.0,,0.0,20.6,20.6,10.3,0.0,0.0,0.0,5.1,10.3,
578.0,Noa Essengue,19.0,CHI,PF,2.0,0.0,6.0,0.0,18.0,0.0,0.0,12.0,0.0,0.0,6.0,0.0,0.0,0.0,0.0,,0.0,0.0,0.0,0.0,6.0,0.0,0.0,6.0,0.0,
579.0,Trentyn Flowers,20.0,CHI,SF,2.0,0.0,6.0,12.0,18.0,0.667,0.0,6.0,0.0,12.0,12.0,1.0,0.667,0.0,0.0,,6.0,0.0,6.0,6.0,0.0,0.0,6.0,6.0,24.0,
580.0,Darius Brown II,26.0,CLE,SG,1.0,0.0,3.0,0.0,12.0,0.0,0.0,0.0,,0.0,12.0,0.0,0.0,0.0,0.0,,0.0,12.0,12.0,0.0,0.0,0.0,0.0,0.0,0.0,
,League Average,,,,,,,,,0.471,,,0.36,,,0.55,0.546,,,0.783,,,,,,,,,,
